<?xml version="1.0" encoding="UTF-8" ?>

<kml xmlns="http://www.opengis.net/kml/2.2" creator="waymarkedtrails.org" version="1.1" xmlns:atom="http://www.w3.org/2005/Atom"><Document><name>Camiño Francés</name><atom:author>waymarkedtrails.org; OpenStreetMap and Contributors http://www.openstreetmap.org/copyright</atom:author><atom:link href="http://hiking.waymarkedtrails.org/hiking/v1/details/relation/2163573/geometry/kml" /><Placemark><name>Camiño Francés</name><MultiGeometry><LineString><coordinates>-1.2372336,43.1623398
-1.2372394,43.1623268
-1.2372428,43.1623192
-1.2373225,43.1621527
-1.2373982,43.1620175
-1.2377407,43.1614447
-1.2379412,43.1611122
-1.2382529,43.1605630
-1.2382682,43.1605360
-1.2382954,43.1604985
-1.2384026,43.1603757
-1.2383941,43.1603419
-1.2383865,43.1603113
-1.2384000,43.1602668
-1.2386401,43.1599115
-1.2388175,43.1596490
-1.2388608,43.1595850
-1.2388816,43.1595193
-1.2388838,43.1594349
-1.2388534,43.1591960
-1.2388415,43.1591187
-1.2388257,43.1590601
-1.2388743,43.1590411
-1.2392044,43.1586502
-1.2393755,43.1584463
-1.2394186,43.1583683
-1.2395211,43.1577598
-1.2395520,43.1576565
-1.2395691,43.1575991
-1.2396082,43.1575251
-1.2396842,43.1574596
-1.2397293,43.1574062
-1.2398537,43.1570907
-1.2400523,43.1565096
-1.2401220,43.1563723
-1.2402083,43.1562378
-1.2402380,43.1561976
-1.2404718,43.1559095
-1.2408281,43.1555161
-1.2409775,43.1553512
-1.2410628,43.1551575
-1.2412591,43.1547076
-1.2415405,43.1541689
-1.2415809,43.1540915
-1.2416455,43.1538715
-1.2416979,43.1536483
-1.2417756,43.1533765
-1.2419620,43.1528550
-1.2419821,43.1527699
-1.2422088,43.1520596
-1.2426730,43.1512188
-1.2427055,43.1511431
-1.2427244,43.1510674
-1.2427455,43.1509332
-1.2427652,43.1508217
-1.2427873,43.1506721
-1.2427971,43.1504980
-1.2427933,43.1503812
-1.2425924,43.1498309
-1.2425125,43.1495651
-1.2425444,43.1491024
-1.2424447,43.1484105
-1.2424439,43.1482645
-1.2425256,43.1479544
-1.2425560,43.1476371
-1.2425188,43.1473312
-1.2424810,43.1471909
-1.2424111,43.1470513
-1.2422745,43.1468032
-1.2421068,43.1465608
-1.2418883,43.1463611
-1.2414298,43.1459805
-1.2409966,43.1455929
-1.2406160,43.1451947
-1.2403536,43.1448452
-1.2401903,43.1445125
-1.2401475,43.1443823
-1.2401398,43.1443394
-1.2401338,43.1443063
-1.2401353,43.1442337
-1.2401874,43.1440759
-1.2402891,43.1439469
-1.2408597,43.1434085
-1.2413973,43.1428196
-1.2414411,43.1427460
-1.2414791,43.1426702
-1.2415288,43.1424570
-1.2415327,43.1423283
-1.2415084,43.1420041
-1.2414389,43.1415273
-1.2412276,43.1409756
-1.2409829,43.1406035
-1.2404118,43.1399624
-1.2401404,43.1397037
-1.2396605,43.1392462
-1.2393074,43.1387910
-1.2391936,43.1386174
-1.2391461,43.1385239
-1.2390564,43.1382838
-1.2389643,43.1377691
-1.2389253,43.1375515
-1.2388343,43.1373273
-1.2387209,43.1371592
-1.2386669,43.1370791
-1.2385997,43.1369896
-1.2385320,43.1369275
-1.2385200,43.1369164
-1.2383999,43.1368125
-1.2383383,43.1367366
-1.2382882,43.1366499
-1.2382444,43.1365231
-1.2382197,43.1363707
-1.2381405,43.1361698
-1.2381195,43.1360918
-1.2381124,43.1360656
-1.2381006,43.1359734
-1.2381390,43.1354460
-1.2381282,43.1352323
-1.2380902,43.1349790
-1.2380719,43.1348729
-1.2380799,43.1347808
-1.2381326,43.1346947
-1.2382286,43.1345859
-1.2387345,43.1342100
-1.2388382,43.1341213
-1.2389165,43.1340244
-1.2389406,43.1339147
-1.2389364,43.1337916
-1.2389091,43.1336565
-1.2388578,43.1335379
-1.2387915,43.1334393
-1.2387026,43.1333511
-1.2383973,43.1331213
-1.2383289,43.1330552
-1.2382989,43.1329936
-1.2382956,43.1328849
-1.2384115,43.1325889
-1.2385175,43.1324037
-1.2386969,43.1321927
-1.2390865,43.1318226
-1.2393533,43.1313880
-1.2395447,43.1312184
-1.2397633,43.1310627
-1.2401707,43.1308095
-1.2404033,43.1307255
-1.2408827,43.1306008
-1.2408943,43.1305978
-1.2411651,43.1304745
-1.2412584,43.1303873
-1.2412963,43.1303518
-1.2413859,43.1302301
-1.2415353,43.1300251
-1.2416359,43.1298898
-1.2416768,43.1298380
-1.2417312,43.1297981
-1.2418898,43.1297246
-1.2420974,43.1296496
-1.2423159,43.1295845
-1.2427669,43.1294855
-1.2428932,43.1294866
-1.2430168,43.1294947
-1.2432797,43.1295530
-1.2435409,43.1296403
-1.2436558,43.1296778
-1.2437579,43.1297132
-1.2442593,43.1299179
-1.2446478,43.1301008
-1.2448549,43.1302051
-1.2450875,43.1303357
-1.2451823,43.1303888
-1.2452220,43.1303943
-1.2452616,43.1303878
-1.2452961,43.1303527
-1.2452962,43.1303056
-1.2451662,43.1301601
-1.2450772,43.1300447
-1.2450236,43.1299431
-1.2447747,43.1294287
-1.2447032,43.1292857
-1.2446145,43.1291011
-1.2445574,43.1288904
-1.2445221,43.1288167
-1.2444020,43.1285745
-1.2443187,43.1283744
-1.2442807,43.1282414
-1.2442365,43.1280700
-1.2442134,43.1278390
-1.2442077,43.1275936
-1.2442681,43.1270512
-1.2443152,43.1267291
-1.2443763,43.1265108
-1.2444691,43.1262908
-1.2445967,43.1260046
-1.2446145,43.1259174
-1.2446598,43.1255699
-1.2447188,43.1252141
-1.2447094,43.1250781
-1.2447294,43.1249421
-1.2447683,43.1248451
-1.2448670,43.1246610
-1.2449086,43.1245526
-1.2449535,43.1243144
-1.2449662,43.1242874
-1.2450475,43.1241142
-1.2450574,43.1240495
-1.2450277,43.1239586
-1.2448481,43.1236846
-1.2448225,43.1236073
-1.2447752,43.1233855
-1.2447604,43.1232640
-1.2446972,43.1231021
-1.2446045,43.1229566
-1.2445025,43.1227902
-1.2444070,43.1226662
-1.2442117,43.1224827
-1.2441203,43.1223736
-1.2440719,43.1222954
-1.2439336,43.1220343
-1.2438140,43.1218784
-1.2437807,43.1218007
-1.2437734,43.1217232
-1.2436877,43.1216918
-1.2435139,43.1213834
-1.2433672,43.1211752
-1.2432767,43.1211141
-1.2428304,43.1208823
-1.2425576,43.1207733
-1.2423648,43.1206979
-1.2421897,43.1206353
-1.2421040,43.1205978
-1.2420823,43.1205448
-1.2420842,43.1204987
-1.2422633,43.1204005
-1.2425322,43.1202011
-1.2426017,43.1201291
-1.2426423,43.1200449
-1.2426420,43.1200047
-1.2426146,43.1199824
-1.2425262,43.1199478
-1.2424283,43.1199222
-1.2422152,43.1198961
-1.2420102,43.1198938
-1.2418277,43.1199130
-1.2417878,43.1199135
-1.2417615,43.1199002
-1.2417546,43.1198559
-1.2417776,43.1198155
-1.2420841,43.1194081
-1.2422171,43.1192385
-1.2422707,43.1191176
-1.2422560,43.1190450
-1.2422147,43.1189740
-1.2420525,43.1187998
-1.2419918,43.1188026
-1.2418355,43.1189257
-1.2415596,43.1190235
-1.2413379,43.1190765
-1.2412871,43.1190852
-1.2412688,43.1190720
-1.2412515,43.1190325
-1.2412946,43.1186832
-1.2412574,43.1186051
-1.2412135,43.1185658
-1.2411511,43.1185400
-1.2410355,43.1185813
-1.2409389,43.1187177
-1.2408510,43.1187817
-1.2407532,43.1188232
-1.2406437,43.1188518
-1.2405749,43.1188686
-1.2405062,43.1188854
-1.2403631,43.1188934
-1.2401692,43.1188961
-1.2399546,43.1188742
-1.2399021,43.1188446
-1.2398729,43.1187852
-1.2398805,43.1187149
-1.2399904,43.1185353
-1.2400461,43.1184332
-1.2400565,43.1183065
-1.2400415,43.1182324
-1.2400142,43.1181810
-1.2399563,43.1181392
-1.2399022,43.1181218
-1.2397977,43.1181206
-1.2397082,43.1181013
-1.2394872,43.1180383
-1.2392545,43.1180927
-1.2390169,43.1180943
-1.2389038,43.1180768
-1.2387512,43.1180208
-1.2385581,43.1179135
-1.2384345,43.1178147
-1.2383427,43.1177239
-1.2382861,43.1176305
-1.2382438,43.1175375
-1.2381732,43.1172546
-1.2381139,43.1171105
-1.2379795,43.1168715
-1.2379159,43.1167321
-1.2377646,43.1163488
-1.2376722,43.1161106
-1.2376268,43.1159317
-1.2375997,43.1157326
-1.2375732,43.1152839
-1.2375696,43.1151635
-1.2376109,43.1147437
-1.2376670,43.1144847
-1.2376819,43.1143689
-1.2376680,43.1142492
-1.2376268,43.1140818
-1.2373278,43.1132788
-1.2372766,43.1131241
-1.2372564,43.1130293
-1.2372141,43.1127644
-1.2372175,43.1126472
-1.2372390,43.1124628
-1.2372521,43.1123913
-1.2372733,43.1122979
-1.2373030,43.1122265
-1.2374493,43.1120120
-1.2375233,43.1118901
-1.2379386,43.1111317
-1.2379882,43.1110089
-1.2380352,43.1108642
-1.2380434,43.1108389
-1.2380776,43.1106799
-1.2381302,43.1102512
-1.2381571,43.1101121
-1.2382189,43.1099208
-1.2383091,43.1097237
-1.2384024,43.1095603
-1.2386140,43.1092925
-1.2387168,43.1091920
-1.2389507,43.1090241
-1.2390050,43.1089836
-1.2390752,43.1089313
-1.2391121,43.1088929
-1.2391219,43.1088505
-1.2391910,43.1085556
-1.2392496,43.1083950
-1.2394056,43.1080763
-1.2394299,43.1079706
-1.2394329,43.1078523
-1.2393925,43.1073993
-1.2393741,43.1071195
-1.2393777,43.1069062
-1.2394558,43.1066727
-1.2394583,43.1066219
-1.2394432,43.1065903
-1.2394149,43.1065600
-1.2393320,43.1065149
-1.2392191,43.1064900
-1.2391100,43.1064787
-1.2386752,43.1064424
-1.2382963,43.1064119
-1.2382151,43.1063907
-1.2381376,43.1063627
-1.2380425,43.1062694
-1.2379680,43.1061734
-1.2379145,43.1059991
-1.2378871,43.1058260
-1.2378994,43.1057168
-1.2379448,43.1056023
-1.2381729,43.1053653
-1.2388075,43.1048310
-1.2391677,43.1045258
-1.2393299,43.1043904
-1.2394263,43.1042984
-1.2396979,43.1039373
-1.2397742,43.1038187
-1.2398268,43.1036786
-1.2398668,43.1035323
-1.2399154,43.1032640
-1.2399317,43.1030829
-1.2399277,43.1030170
-1.2399153,43.1029448
-1.2398652,43.1027797
-1.2398310,43.1026123
-1.2398139,43.1024428
-1.2398100,43.1023957
-1.2398096,43.1023271
-1.2398371,43.1022175
-1.2398887,43.1019884
-1.2399063,43.1018986
-1.2399845,43.1014990
-1.2400384,43.1012244
-1.2401298,43.1010065
-1.2403912,43.1004591
-1.2405614,43.1000780
-1.2406360,43.0998657
-1.2406774,43.0997112
-1.2407086,43.0995384
-1.2407234,43.0994273
-1.2407466,43.0993270
-1.2407901,43.0991900
-1.2408379,43.0990856
-1.2409496,43.0988428
-1.2411224,43.0983419
-1.2411798,43.0982224
-1.2412499,43.0981060
-1.2413279,43.0979952
-1.2413743,43.0978794
-1.2414058,43.0978061
-1.2414264,43.0975906
-1.2414199,43.0975085
-1.2414451,43.0974280
-1.2417204,43.0969308
-1.2417496,43.0968580
-1.2418764,43.0965028
-1.2419948,43.0962199
-1.2423382,43.0955184
-1.2423695,43.0953738
-1.2423795,43.0952308
-1.2423191,43.0946309
-1.2423193,43.0944511
-1.2423322,43.0943039
-1.2423940,43.0940089
-1.2425087,43.0937016
-1.2427121,43.0933197
-1.2429240,43.0929432
-1.2430509,43.0927429
-1.2431630,43.0925878
-1.2432899,43.0924363
-1.2434853,43.0922435
-1.2435620,43.0921541
-1.2436387,43.0920586
-1.2437333,43.0919130
-1.2438454,43.0917047
-1.2439212,43.0915601
-1.2439954,43.0914071
-1.2441095,43.0911127
-1.2442025,43.0908254
-1.2442690,43.0905236
-1.2443047,43.0899632
-1.2443172,43.0898702
-1.2443780,43.0896411
-1.2444304,43.0895352
-1.2444882,43.0894193
-1.2445631,43.0893182
-1.2447429,43.0891244
-1.2452064,43.0886698
-1.2453555,43.0885279
-1.2454642,43.0884758
-1.2455051,43.0884723
-1.2455460,43.0884725
-1.2455867,43.0884829
-1.2456125,43.0884994
-1.2456389,43.0885468
-1.2456521,43.0885930
-1.2456735,43.0886843
-1.2457089,43.0887772
-1.2457653,43.0888558
-1.2458300,43.0889198
-1.2459936,43.0890537
-1.2461393,43.0891343
-1.2462236,43.0892004
-1.2462814,43.0892652
-1.2463690,43.0894057
-1.2464331,43.0894714
-1.2464837,43.0895072
-1.2465360,43.0895310
-1.2465923,43.0895418
-1.2466436,43.0895406
-1.2466897,43.0895335
-1.2467358,43.0895203
-1.2468716,43.0894429
-1.2471268,43.0891927
-1.2472364,43.0890818
-1.2473519,43.0889734
-1.2474968,43.0888543
-1.2476517,43.0887497
-1.2479061,43.0886046
-1.2480623,43.0885085
-1.2481474,43.0884487
-1.2482007,43.0884138
-1.2484971,43.0881941
-1.2486649,43.0880785
-1.2487895,43.0880183
-1.2490862,43.0878916
-1.2495078,43.0877361
-1.2497137,43.0876321
-1.2498293,43.0875462
-1.2499251,43.0874567
-1.2500033,43.0873377
-1.2500512,43.0871884
-1.2500859,43.0870330
-1.2501210,43.0868347
-1.2501368,43.0867770
-1.2501573,43.0867185
-1.2501884,43.0866597
-1.2502345,43.0866008
-1.2503365,43.0864880
-1.2503760,43.0864545
-1.2504072,43.0864281
-1.2506598,43.0862968
-1.2509251,43.0861638
-1.2515524,43.0858558
-1.2516255,43.0858076
-1.2516703,43.0857647
-1.2517118,43.0857182
-1.2518991,43.0854233
-1.2519885,43.0852437
-1.2520763,43.0850605
-1.2521154,43.0849447
-1.2521565,43.0847326
-1.2521678,43.0845145
-1.2521513,43.0843090
-1.2521192,43.0841041
-1.2520204,43.0837637
-1.2519323,43.0834643
-1.2519221,43.0834060
-1.2519168,43.0833465
-1.2519203,43.0831862
-1.2519303,43.0830259
-1.2519604,43.0827271
-1.2519731,43.0825243
-1.2519460,43.0821053
-1.2519432,43.0818461
-1.2519717,43.0815906
-1.2520026,43.0814294
-1.2520429,43.0813644
-1.2521274,43.0812888
-1.2522436,43.0812537
-1.2526832,43.0811917
-1.2528140,43.0811712
-1.2529448,43.0811465
-1.2531904,43.0810796
-1.2542426,43.0807188
-1.2550446,43.0804484
-1.2551419,43.0804081
-1.2553804,43.0802582
-1.2559078,43.0799378
-1.2563295,43.0796866
-1.2564395,43.0796395
-1.2565430,43.0796086
-1.2566642,43.0796005
-1.2567076,43.0796076
-1.2567451,43.0796212
-1.2567926,43.0796485
-1.2568358,43.0796800
-1.2569409,43.0798369
-1.2570037,43.0799077
-1.2571892,43.0800300
-1.2573806,43.0801291
-1.2574535,43.0801450
-1.2575235,43.0801589
-1.2581005,43.0801895
-1.2583137,43.0801802
-1.2584343,43.0801606
-1.2586182,43.0801011
-1.2592176,43.0798552
-1.2593831,43.0797801
-1.2595326,43.0796845
-1.2597991,43.0794724
-1.2600071,43.0792881
-1.2601367,43.0791946
-1.2610315,43.0786473
-1.2614439,43.0783325
-1.2620956,43.0779517
-1.2623621,43.0777657
-1.2624424,43.0777004
-1.2625154,43.0776352
-1.2626916,43.0774439
-1.2627508,43.0773753
-1.2628026,43.0773035
-1.2629330,43.0770430
-1.2629929,43.0769098
-1.2630593,43.0767590
-1.2631333,43.0765163
-1.2632266,43.0760382
-1.2632674,43.0758737
-1.2632890,43.0758230
-1.2633274,43.0757750
-1.2634996,43.0756126
-1.2640580,43.0752257
-1.2646078,43.0748824
-1.2656764,43.0743375
-1.2659354,43.0742182
-1.2661074,43.0741466
-1.2662115,43.0740987
-1.2663212,43.0740213
-1.2663598,43.0739857
-1.2663891,43.0739473
-1.2664626,43.0738548
-1.2666245,43.0734872
-1.2667395,43.0730949
-1.2667664,43.0729908
-1.2667877,43.0728825
-1.2667910,43.0728430
-1.2667540,43.0725381
-1.2666340,43.0720926
-1.2666080,43.0719694
-1.2665950,43.0718476
-1.2665821,43.0717258
-1.2665860,43.0716094
-1.2666694,43.0713576
-1.2667765,43.0712028
-1.2668324,43.0711465
-1.2668431,43.0711409
-1.2669052,43.0711087
-1.2670031,43.0710853
-1.2670737,43.0710842
-1.2671480,43.0710872
-1.2678663,43.0711734
-1.2681006,43.0711786
-1.2683349,43.0711612
-1.2685733,43.0711164
-1.2688080,43.0710510
-1.2689127,43.0710028
-1.2690080,43.0709410
-1.2690899,43.0708573
-1.2691605,43.0707573
-1.2692743,43.0705344
-1.2693224,43.0704059
-1.2693459,43.0702855
-1.2693619,43.0701609
-1.2693852,43.0698374
-1.2693829,43.0697051
-1.2693599,43.0695809
-1.2692038,43.0689567
-1.2690645,43.0683084
-1.2690313,43.0682160
-1.2689778,43.0681373
-1.2689130,43.0680572
-1.2688465,43.0679857
-1.2687527,43.0679135
-1.2685602,43.0678231
-1.2682672,43.0677204
-1.2681563,43.0676691
-1.2680548,43.0676082
-1.2678939,43.0674517
-1.2677366,43.0672544
-1.2676842,43.0671488
-1.2676346,43.0670457
-1.2674538,43.0664583
-1.2672739,43.0657869
-1.2672671,43.0657603
-1.2671225,43.0652783
-1.2670779,43.0651508
-1.2670266,43.0650210
-1.2669597,43.0648712
-1.2666106,43.0640444
-1.2665527,43.0638855
-1.2664872,43.0636026
-1.2664698,43.0634315
-1.2664755,43.0633040
-1.2665133,43.0631620
-1.2666726,43.0627566
-1.2668299,43.0622154
-1.2668546,43.0620726
-1.2668975,43.0619347
-1.2669417,43.0618318
-1.2670255,43.0617448
-1.2671775,43.0616578
-1.2673526,43.0615953
-1.2675892,43.0615432
-1.2680045,43.0614538
-1.2681455,43.0613959
-1.2682548,43.0613210
-1.2683122,43.0612385
-1.2683445,43.0611615
-1.2683530,43.0610539
-1.2681920,43.0601064
-1.2681705,43.0599492
-1.2681350,43.0598514
-1.2680800,43.0597491
-1.2678106,43.0594172
-1.2675602,43.0590903
-1.2675444,43.0589891
-1.2672578,43.0583284
-1.2666624,43.0572231
-1.2662869,43.0564391
-1.2661698,43.0560314
-1.2661024,43.0558310
-1.2661002,43.0556207
-1.2661258,43.0555682
-1.2661591,43.0555429
-1.2661802,43.0554963
-1.2662141,43.0554260
-1.2662580,43.0553720
-1.2662677,43.0552870
-1.2662634,43.0551852
-1.2663038,43.0551374
-1.2663591,43.0550932
-1.2664814,43.0550170
-1.2665297,43.0549770
-1.2665675,43.0549573
-1.2666101,43.0549461
-1.2666558,43.0549248
-1.2667591,43.0548544
-1.2668089,43.0548181
-1.2668887,43.0544683
-1.2670658,43.0541376
-1.2671324,43.0540248
-1.2671809,43.0539024
-1.2673384,43.0535489
-1.2673866,43.0533621
-1.2674446,43.0530995
-1.2674422,43.0529761
-1.2674530,43.0528641
-1.2675602,43.0526298
-1.2676321,43.0524331
-1.2676608,43.0523008
-1.2676532,43.0521588
-1.2677186,43.0517892
-1.2677753,43.0516040
-1.2678412,43.0514210
-1.2679323,43.0512486
-1.2679796,43.0511009
-1.2680590,43.0508693
-1.2681502,43.0508050
-1.2682707,43.0507498
-1.2682966,43.0507141
-1.2683469,43.0505598
-1.2684076,43.0504856
-1.2684220,43.0504249
-1.2683106,43.0502649
-1.2680840,43.0499556
-1.2680079,43.0498912
-1.2679256,43.0498403
-1.2676242,43.0497129
-1.2672042,43.0495009
-1.2669265,43.0493355
-1.2667212,43.0491280
-1.2664775,43.0489081
-1.2661402,43.0486915
-1.2658842,43.0485028
-1.2657934,43.0483964
-1.2657627,43.0483734
-1.2656329,43.0482683
-1.2654893,43.0480739
-1.2654075,43.0479660
-1.2650832,43.0474637
-1.2647869,43.0469543
-1.2647461,43.0468431
-1.2647482,43.0467961
-1.2647648,43.0461106
-1.2647846,43.0458522
-1.2648146,43.0457408
-1.2648383,43.0455906
-1.2648489,43.0453746
-1.2649136,43.0452998
-1.2649670,43.0452528
-1.2652975,43.0450015
-1.2654535,43.0448828
-1.2656040,43.0447564
-1.2659269,43.0446961
-1.2661381,43.0446711
-1.2663642,43.0446757
-1.2664415,43.0446706
-1.2664984,43.0446469
-1.2667295,43.0445261
-1.2670085,43.0444232
-1.2675361,43.0441595
-1.2676768,43.0440784
-1.2677361,43.0440343
-1.2679709,43.0439471
-1.2685454,43.0435744
-1.2688458,43.0434921
-1.2690086,43.0434078
-1.2699187,43.0431392
-1.2704229,43.0429393
-1.2708350,43.0428727
-1.2711364,43.0427864
-1.2716230,43.0428381
-1.2718821,43.0427981
-1.2722576,43.0426365
-1.2726921,43.0424962
-1.2731159,43.0424962
-1.2732495,43.0426551
-1.2740547,43.0424806
-1.2743712,43.0424374
-1.2747350,43.0423316
-1.2752616,43.0422061
-1.2757659,43.0421551
-1.2767966,43.0418291
-1.2769407,43.0417592
-1.2771202,43.0417226
-1.2774235,43.0415837
-1.2776274,43.0414102
-1.2778232,43.0413543
-1.2779908,43.0412739
-1.2781315,43.0412104
-1.2782122,43.0411888
-1.2782865,43.0411642
-1.2788504,43.0410103
-1.2794092,43.0408004
-1.2798650,43.0406246
-1.2801111,43.0405869
-1.2804617,43.0405141
-1.2806389,43.0404616
-1.2808418,43.0403851
-1.2811052,43.0402675
-1.2812269,43.0401997
-1.2813745,43.0401241
-1.2814808,43.0400632
-1.2816238,43.0400105
-1.2816515,43.0399165
-1.2821546,43.0394795
-1.2821669,43.0394173
-1.2821813,43.0393469
-1.2821865,43.0392548
-1.2822285,43.0390981
-1.2822964,43.0389691
-1.2823896,43.0388774
-1.2825351,43.0387799
-1.2828858,43.0386015
-1.2830997,43.0385099
-1.2837915,43.0383242
-1.2841237,43.0382305
-1.2844509,43.0381835
-1.2851214,43.0380756
-1.2853628,43.0380070
-1.2856834,43.0379050
-1.2859583,43.0379286
-1.2863499,43.0378668
-1.2867429,43.0377913
-1.2870030,43.0377159
-1.2872618,43.0376620
-1.2875502,43.0376473
-1.2876353,43.0375787
-1.2877178,43.0375439
-1.2882147,43.0373821
-1.2884139,43.0373238
-1.2886646,43.0372106
-1.2887934,43.0371444
-1.2888450,43.0371170
-1.2889992,43.0370253
-1.2891052,43.0369699
-1.2892246,43.0369214
-1.2896812,43.0367969
-1.2900104,43.0367131
-1.2902940,43.0366710
-1.2904289,43.0365940
-1.2905352,43.0365354
-1.2906389,43.0364471
-1.2907333,43.0363887
-1.2909123,43.0363122
-1.2911718,43.0361995
-1.2915055,43.0360621
-1.2915999,43.0360026
-1.2916741,43.0359319
-1.2917237,43.0358505
-1.2917773,43.0356549
-1.2918168,43.0355505
-1.2918719,43.0354555
-1.2918853,43.0354138
-1.2918786,43.0353633
-1.2918068,43.0352957
-1.2915388,43.0351426
-1.2910759,43.0349002
-1.2910055,43.0348521
-1.2909794,43.0348056
-1.2909881,43.0347688
-1.2910203,43.0347222
-1.2911148,43.0346580
-1.2913690,43.0345713
-1.2915943,43.0345110
-1.2916540,43.0344894
-1.2917083,43.0344561
-1.2917796,43.0343809
-1.2918578,43.0341189
-1.2918833,43.0339915
-1.2918826,43.0338880
-1.2918538,43.0337660
-1.2917125,43.0334127
-1.2916613,43.0332636
-1.2916607,43.0331347
-1.2916738,43.0330520
-1.2916848,43.0329827
-1.2917210,43.0328867
-1.2917928,43.0327675
-1.2919007,43.0326533
-1.2921575,43.0324687
-1.2923473,43.0323411
-1.2925331,43.0320191
-1.2928187,43.0318372
-1.2929910,43.0317333
-1.2930910,43.0316059
-1.2932371,43.0315285
-1.2934001,43.0313441
-1.2936703,43.0310809
-1.2937729,43.0309863
-1.2938943,43.0308932
-1.2940056,43.0308505
-1.2942919,43.0308162
-1.2944736,43.0307834
-1.2948243,43.0307079
-1.2949457,43.0306800
-1.2951013,43.0306104
-1.2952696,43.0304692
-1.2954245,43.0303658
-1.2958154,43.0301271
-1.2959254,43.0300408
-1.2960488,43.0299030
-1.2960965,43.0298063
-1.2961319,43.0297344
-1.2961889,43.0294864
-1.2961940,43.0293991
-1.2962016,43.0292678
-1.2962030,43.0291972
-1.2961768,43.0290599
-1.2961440,43.0289369
-1.2960897,43.0286893
-1.2960065,43.0285570
-1.2959502,43.0284212
-1.2958214,43.0281786
-1.2957752,43.0280315
-1.2957215,43.0279056
-1.2955210,43.0274458
-1.2954050,43.0270722
-1.2953232,43.0268850
-1.2953246,43.0267546
-1.2953158,43.0265590
-1.2953641,43.0263806
-1.2954524,43.0261897
-1.2955834,43.0261776
-1.2956572,43.0261742
-1.2957249,43.0261507
-1.2957618,43.0261311
-1.2958054,43.0260972
-1.2958181,43.0260659
-1.2958288,43.0260237
-1.2958328,43.0259864
-1.2958664,43.0259722
-1.2958959,43.0259664
-1.2959254,43.0259649
-1.2959656,43.0259213
-1.2959904,43.0259070
-1.2960146,43.0259134
-1.2960528,43.0259414
-1.2963210,43.0257269
-1.2964515,43.0256225
-1.2965176,43.0255648
-1.2965926,43.0255005
-1.2967643,43.0253321
-1.2972113,43.0248121
-1.2975134,43.0244873
-1.2977510,43.0241291
-1.2979819,43.0237025
-1.2981755,43.0233866
-1.2982589,43.0230040
-1.2983976,43.0226139
-1.2984067,43.0225809
-1.2984029,43.0225478
-1.2984246,43.0225170
-1.2984858,43.0223979
-1.2985217,43.0223092
-1.2985188,43.0220734
-1.2983981,43.0218905
-1.2983976,43.0218049
-1.2984296,43.0217533
-1.2985078,43.0216801
-1.2987400,43.0214785
-1.2990105,43.0212763
-1.2991121,43.0211716
-1.2992365,43.0210936
-1.2993318,43.0210478
-1.2994707,43.0210182
-1.2996842,43.0209203
-1.2999492,43.0207211
-1.3000766,43.0205979
-1.3001258,43.0204344
-1.3001133,43.0203381
-1.3000696,43.0202033
-1.2999426,43.0200764
-1.2997990,43.0200250
-1.2994594,43.0201009
-1.2994322,43.0201066
-1.2992811,43.0201528
-1.2990587,43.0202519
-1.2989103,43.0203043
-1.2987822,43.0203006
-1.2986985,43.0202484
-1.2986812,43.0201812
-1.2987365,43.0201033
-1.2988879,43.0200006
-1.2990086,43.0198938
-1.2991806,43.0196786
-1.2992276,43.0195462
-1.2993004,43.0193366
-1.2993416,43.0191770
-1.2993833,43.0189894
-1.2994084,43.0187979
-1.2994523,43.0186560
-1.2995384,43.0185448
-1.2996615,43.0184314
-1.2998513,43.0183485
-1.2999689,43.0183005
-1.3002236,43.0182503
-1.3003957,43.0182357
-1.3006202,43.0181843
-1.3008767,43.0180976
-1.3011902,43.0180513
-1.3014872,43.0180200
-1.3017329,43.0179706
-1.3019041,43.0178874
-1.3019940,43.0178173
-1.3021134,43.0177031
-1.3021461,43.0175920
-1.3021363,43.0174883
-1.3021013,43.0173856
-1.3020800,43.0172791
-1.3021204,43.0172027
-1.3022046,43.0171572
-1.3024344,43.0170674
-1.3030241,43.0168527
-1.3034570,43.0167248
-1.3038415,43.0165969
-1.3041937,43.0164713
-1.3044648,43.0163557
-1.3045697,43.0162855
-1.3047767,43.0161169
-1.3049747,43.0159202
-1.3051326,43.0158098
-1.3055318,43.0156474
-1.3058359,43.0155032
-1.3059861,43.0154213
-1.3063201,43.0152284
-1.3067798,43.0149270
-1.3070822,43.0147509
-1.3072843,43.0145418
-1.3074071,43.0143251
-1.3076021,43.0139942
-1.3077807,43.0136968
-1.3079157,43.0134763
-1.3082014,43.0132272
-1.3084182,43.0130455
-1.3087056,43.0128727
-1.3089479,43.0126390
-1.3090182,43.0124605
-1.3089580,43.0122225
-1.3088774,43.0119922
-1.3086255,43.0117514
-1.3081083,43.0113585
-1.3080066,43.0111826
-1.3079670,43.0109907
-1.3079798,43.0107691
-1.3079906,43.0105396
-1.3079989,43.0102912
-1.3080055,43.0101193
-1.3080480,43.0099783
-1.3081140,43.0098309
-1.3082315,43.0096398
-1.3083526,43.0094317
-1.3083659,43.0092628
-1.3083176,43.0091040
-1.3083271,43.0090227
-1.3083498,43.0089619
-1.3084022,43.0089052
-1.3084989,43.0088576
-1.3088190,43.0087784
-1.3090455,43.0087139
-1.3093066,43.0086063
-1.3095805,43.0084562
-1.3097244,43.0083084
-1.3098301,43.0081139
-1.3098798,43.0079875
-1.3099333,43.0078861
-1.3100762,43.0077763
-1.3102363,43.0077008
-1.3105587,43.0076402
-1.3109877,43.0075774
-1.3112752,43.0075458
-1.3115558,43.0074900
-1.3119284,43.0074232
-1.3120980,43.0073360
-1.3122433,43.0072755
-1.3123881,43.0072227
-1.3125755,43.0071484
-1.3127648,43.0070899
-1.3129242,43.0070192
-1.3130163,43.0069222
-1.3131962,43.0068057
-1.3133199,43.0067723
-1.3134690,43.0067479
-1.3135897,43.0067193
-1.3136745,43.0067048
-1.3141704,43.0068112
-1.3145173,43.0069941
-1.3150281,43.0071539
-1.3154304,43.0072676
-1.3157747,43.0073065
-1.3158364,43.0072964
-1.3160010,43.0072571
-1.3160901,43.0073075
-1.3161512,43.0073473
-1.3162470,43.0074072
-1.3163428,43.0074587
-1.3165520,43.0075357
-1.3167617,43.0076012
-1.3169484,43.0076689
-1.3172104,43.0078036
-1.3174286,43.0079534
-1.3177791,43.0082256
-1.3178875,43.0083257
-1.3181163,43.0084483
-1.3181090,43.0084780
-1.3181401,43.0085219
-1.3182179,43.0085690
-1.3184160,43.0086881
-1.3184637,43.0087253
-1.3185224,43.0087769
-1.3185709,43.0088250
-1.3187126,43.0088910
-1.3187907,43.0089184
-1.3188860,43.0089540
-1.3190330,43.0089485
-1.3191538,43.0089287
-1.3192024,43.0089120
-1.3192556,43.0088829
-1.3192933,43.0088357
-1.3193038,43.0087570
-1.3193322,43.0087194
-1.3193365,43.0087066
-1.3193441,43.0086844
-1.3193256,43.0086221
-1.3193186,43.0085899
-1.3193537,43.0085864
-1.3195992,43.0085617
-1.3196566,43.0085440
-1.3197486,43.0086613
-1.3197858,43.0086441
-1.3198252,43.0086267
-1.3198966,43.0085982
-1.3198806,43.0085484
-1.3198704,43.0085168
-1.3197419,43.0082473
-1.3196440,43.0080113
-1.3195799,43.0077707
-1.3195053,43.0073633
-1.3194522,43.0070263
-1.3194285,43.0067504
-1.3193579,43.0062347
-1.3193523,43.0059046
-1.3193507,43.0056820
-1.3193905,43.0055022
-1.3194635,43.0053273
-1.3196098,43.0050788
-1.3199536,43.0045942
-1.3202686,43.0040381
-1.3206043,43.0035848
-1.3208370,43.0032570
-1.3211453,43.0029500
-1.3213275,43.0027940
-1.3216632,43.0024392
-1.3219675,43.0022585
-1.3221136,43.0021994
-1.3223940,43.0020748
-1.3231122,43.0018504
-1.3235721,43.0017239
-1.3241684,43.0015975
-1.3246418,43.0014327
-1.3249252,43.0012682
-1.3251891,43.0010650
-1.3260370,43.0005493
-1.3270038,43.0001429
-1.3272568,43.0000258
-1.3273413,42.9999812
-1.3274553,42.9998109
-1.3275106,42.9995827
-1.3275360,42.9993876
-1.3275696,42.9992430
-1.3275899,42.9991837
-1.3277830,42.9986580
-1.3279772,42.9982518
-1.3281367,42.9979627
-1.3282563,42.9978090
-1.3284954,42.9976233
-1.3288375,42.9973618
-1.3291693,42.9971154
-1.3294011,42.9969706
-1.3298861,42.9967505
-1.3300681,42.9966831
-1.3302638,42.9966072
-1.3303360,42.9965676
-1.3303746,42.9965166
-1.3303728,42.9964162
-1.3303620,42.9962880
-1.3303282,42.9961162
-1.3302680,42.9958874
-1.3301265,42.9954019
-1.3299761,42.9948600
-1.3299262,42.9946731
-1.3298862,42.9945363
-1.3298626,42.9944176
-1.3298198,42.9942981
-1.3297776,42.9942357
-1.3294758,42.9940213
-1.3295667,42.9939254
-1.3296903,42.9937948
-1.3305075,42.9929719
-1.3309492,42.9925233
-1.3311405,42.9923727
-1.3314022,42.9922322
-1.3318836,42.9920250
-1.3324112,42.9917979
-1.3336542,42.9912628
-1.3345150,42.9908758
-1.3346500,42.9908159
-1.3347181,42.9907758
-1.3347765,42.9907308
-1.3348253,42.9906791
-1.3352088,42.9901891
-1.3353751,42.9899763
-1.3358203,42.9894067
-1.3358734,42.9893271
-1.3358865,42.9893088
-1.3360206,42.9891213
-1.3360697,42.9890475
-1.3363700,42.9885957
-1.3364783,42.9883874
-1.3365117,42.9883972
-1.3367840,42.9884766
-1.3368506,42.9884960
-1.3370779,42.9885468
-1.3371864,42.9885836
-1.3372636,42.9884978
-1.3373399,42.9885114
-1.3373915,42.9885209
-1.3374909,42.9885393
-1.3375655,42.9885561
-1.3376748,42.9885805
-1.3377846,42.9885948
-1.3378301,42.9885988
-1.3382056,42.9886344
-1.3388573,42.9886974
-1.3389879,42.9887214
-1.3396228,42.9889409
-1.3399420,42.9890449
-1.3402612,42.9891488
-1.3410367,42.9894155
-1.3411789,42.9894878
-1.3412429,42.9895422
-1.3413832,42.9894994
-1.3416396,42.9894627
-1.3418406,42.9894433
-1.3419617,42.9894451
-1.3420689,42.9894693
-1.3421861,42.9895050
-1.3423470,42.9896108
-1.3424539,42.9896649
-1.3425809,42.9897038
-1.3427188,42.9896966
-1.3432418,42.9896108
-1.3434406,42.9896085
-1.3439931,42.9896389
-1.3448061,42.9896994
-1.3449411,42.9896822
-1.3450680,42.9896339
-1.3451325,42.9896041
-1.3452765,42.9895007
-1.3454439,42.9893624
-1.3455215,42.9893093
-1.3455614,42.9892957
-1.3456137,42.9892872
-1.3457217,42.9892900
-1.3475193,42.9893302
-1.3481060,42.9893409
-1.3482741,42.9893485
-1.3484308,42.9893742
-1.3496996,42.9896374
-1.3509684,42.9899096
-1.3513632,42.9899860
-1.3514802,42.9899980
-1.3525143,42.9898770
-1.3536757,42.9897387
-1.3542427,42.9896744
-1.3547184,42.9896387
-1.3550293,42.9896114
-1.3551749,42.9896166
-1.3552220,42.9896174
-1.3552742,42.9895978
-1.3553867,42.9895441
-1.3554458,42.9895052
-1.3554778,42.9894801
-1.3554930,42.9894310
-1.3555515,42.9893756
-1.3555850,42.9893395
-1.3556475,42.9892943
-1.3557420,42.9892755
-1.3558306,42.9892870
-1.3558978,42.9893031
-1.3560295,42.9893169
-1.3561303,42.9893150
-1.3562905,42.9892838
-1.3564710,42.9892795
-1.3566113,42.9892986
-1.3575715,42.9895079
-1.3576467,42.9895256
-1.3577255,42.9895368
-1.3579817,42.9895583
-1.3583323,42.9895808
-1.3584411,42.9895854
-1.3586465,42.9895938
-1.3589893,42.9896052
-1.3592943,42.9895814
-1.3596046,42.9895183
-1.3597517,42.9894614
-1.3599380,42.9893543
-1.3601718,42.9891499
-1.3602225,42.9891232
-1.3602970,42.9891229
-1.3604299,42.9891280
-1.3606560,42.9891368
-1.3607060,42.9891071
-1.3606948,42.9890663
-1.3606771,42.9890245
-1.3606736,42.9889827
-1.3607509,42.9888726
-1.3607490,42.9888208
-1.3607150,42.9887601
-1.3608347,42.9886016
-1.3608596,42.9885163
-1.3608572,42.9883990
-1.3611555,42.9880474
-1.3618464,42.9868733
-1.3618758,42.9867134
-1.3619320,42.9866045
-1.3620563,42.9865096
-1.3621943,42.9864487
-1.3623832,42.9863871
-1.3625178,42.9863493
-1.3625663,42.9863268
-1.3626721,42.9863232
-1.3627715,42.9863166
-1.3628564,42.9862975
-1.3629394,42.9862521
-1.3629914,42.9861899
-1.3630332,42.9861105
-1.3635690,42.9852245
-1.3642771,42.9843208
-1.3650443,42.9836465
-1.3654302,42.9833084
-1.3660081,42.9827789
-1.3665382,42.9823123
-1.3668485,42.9820267
-1.3670034,42.9818321
-1.3671096,42.9816121
-1.3672088,42.9813882
-1.3673205,42.9812506
-1.3674554,42.9811383
-1.3676713,42.9809620
-1.3679341,42.9808260
-1.3690389,42.9802856
-1.3691040,42.9801295
-1.3692098,42.9797519
-1.3692470,42.9796348
-1.3692728,42.9796142
-1.3694346,42.9794850
-1.3694486,42.9794582
-1.3694997,42.9793606
-1.3696220,42.9791270
-1.3697951,42.9791707
-1.3698270,42.9791787
-1.3699687,42.9792144
-1.3700213,42.9792277
-1.3702033,42.9792736
-1.3702864,42.9792967
-1.3704777,42.9793499
-1.3706881,42.9794084
-1.3708020,42.9794401
-1.3709534,42.9794822
-1.3711059,42.9795246
-1.3711225,42.9795292
-1.3711535,42.9795378
-1.3712384,42.9795615
-1.3714001,42.9796065
-1.3715012,42.9796346
-1.3716787,42.9796839
-1.3718749,42.9797385
-1.3718992,42.9797452
-1.3720252,42.9797778
-1.3722336,42.9798357
-1.3723464,42.9798683
-1.3724672,42.9799074
-1.3725217,42.9799236
-1.3726121,42.9797424
-1.3728979,42.9795200
-1.3733198,42.9790737
-1.3737028,42.9786543
-1.3738553,42.9785106
-1.3740279,42.9783728
-1.3742691,42.9782002
-1.3745227,42.9780552
-1.3757134,42.9776365
-1.3758076,42.9775870
-1.3766400,42.9772270
-1.3774643,42.9768641
-1.3786716,42.9763465
-1.3787842,42.9762915
-1.3788878,42.9762247
-1.3789465,42.9761444
-1.3790042,42.9760787
-1.3799858,42.9758400
-1.3806972,42.9756795
-1.3814373,42.9755229
-1.3816436,42.9755463
-1.3816681,42.9755813
-1.3817142,42.9757410
-1.3819223,42.9764002
-1.3820284,42.9764405
-1.3820478,42.9765351
-1.3821165,42.9766401
-1.3824852,42.9770752
-1.3828369,42.9773549
-1.3830876,42.9775291
-1.3832975,42.9777280
-1.3835094,42.9779306
-1.3836844,42.9781542
-1.3839216,42.9784377
-1.3840304,42.9785287
-1.3842852,42.9787201
-1.3846956,42.9789962
-1.3850985,42.9792509
-1.3854984,42.9795063
-1.3857991,42.9796896
-1.3864623,42.9798231
-1.3866245,42.9798648
-1.3867072,42.9798844
-1.3869087,42.9799896
-1.3870537,42.9801129
-1.3870996,42.9801520
-1.3871578,42.9802208
-1.3872142,42.9802670
-1.3874741,42.9802949
-1.3877157,42.9802628
-1.3878408,42.9802262
-1.3887385,42.9796644
-1.3889643,42.9795848
-1.3894951,42.9793747
-1.3901988,42.9791577
-1.3911114,42.9786901
-1.3918426,42.9784735
-1.3922020,42.9783213
-1.3925712,42.9781463
-1.3930650,42.9779547
-1.3937142,42.9778230
-1.3942971,42.9777648
-1.3949976,42.9777759
-1.3953087,42.9777633
-1.3954155,42.9777441
-1.3957237,42.9777223
-1.3960829,42.9776455
-1.3968071,42.9773195
-1.3971641,42.9772474
-1.3973703,42.9772583
-1.3975523,42.9773562
-1.3977984,42.9775114
-1.3978578,42.9775241
-1.3979127,42.9775194
-1.3979948,42.9774812
-1.3980483,42.9774782
-1.3980750,42.9774909
-1.3981308,42.9775060
-1.3981775,42.9775167
-1.3982059,42.9775194
-1.3982333,42.9775173
-1.3982658,42.9775117
-1.3982822,42.9775131
-1.3982900,42.9775206
-1.3982935,42.9775319
-1.3983257,42.9775602
-1.3983622,42.9775759
-1.3984378,42.9775793
-1.3984639,42.9775741
-1.3984819,42.9775590
-1.3984926,42.9774896
-1.3984870,42.9773362
-1.3984775,42.9773128
-1.3984636,42.9772941
-1.3984518,42.9772311
-1.3984153,42.9771839
-1.3983822,42.9771260
-1.3983818,42.9770289
-1.3983979,42.9769329
-1.3984330,42.9768724
-1.3984574,42.9768214
-1.3984722,42.9767910
-1.3984989,42.9767622
-1.3985267,42.9767660
-1.3985818,42.9767601
-1.3986396,42.9767397
-1.3986566,42.9767248
-1.3986737,42.9766965
-1.3986746,42.9766336
-1.3986402,42.9765590
-1.3986186,42.9764870
-1.3988611,42.9762773
-1.3991065,42.9761391
-1.3994393,42.9759164
-1.3997161,42.9756668
-1.4001114,42.9753052
-1.4003985,42.9751694
-1.4005281,42.9750561
-1.4006367,42.9749562
-1.4008757,42.9747463
-1.4009534,42.9746634
-1.4010149,42.9745845
-1.4013097,42.9742843
-1.4015338,42.9741130
-1.4018548,42.9739499
-1.4021840,42.9738258
-1.4022653,42.9737941
-1.4024808,42.9737115
-1.4027130,42.9735677
-1.4032750,42.9731341
-1.4036958,42.9728921
-1.4038903,42.9727773
-1.4040201,42.9726239
-1.4040761,42.9724673
-1.4041094,42.9722373
-1.4040904,42.9720848
-1.4040928,42.9719635
-1.4041258,42.9719124
-1.4042327,42.9718773
-1.4049213,42.9717728
-1.4049855,42.9717575
-1.4050062,42.9717441
-1.4050415,42.9717211
-1.4051131,42.9715617
-1.4051286,42.9713935
-1.4051596,42.9713085
-1.4051850,42.9712835
-1.4054344,42.9710980
-1.4058726,42.9707943
-1.4059036,42.9707724
-1.4059448,42.9707591
-1.4060603,42.9708218
-1.4061670,42.9708629
-1.4061965,42.9708658
-1.4063304,42.9708791
-1.4064657,42.9708925
-1.4066027,42.9709078
-1.4067156,42.9709073
-1.4068235,42.9709038
-1.4068520,42.9709167
-1.4069504,42.9709422
-1.4070800,42.9709999
-1.4071264,42.9710297
-1.4071653,42.9710650
-1.4072040,42.9711112
-1.4072330,42.9711630
-1.4073147,42.9711755
-1.4074301,42.9712083
-1.4075384,42.9712451
-1.4076495,42.9712870
-1.4077393,42.9713049
-1.4078198,42.9713117
-1.4079094,42.9713051
-1.4080342,42.9712734
-1.4081951,42.9712242
-1.4085782,42.9710970
-1.4087449,42.9710504
-1.4089637,42.9709948
-1.4092465,42.9709417
-1.4094326,42.9709095
-1.4096243,42.9708875
-1.4097391,42.9708667
-1.4098342,42.9708422
-1.4101518,42.9706891
-1.4104526,42.9705694
-1.4108847,42.9703984
-1.4112299,42.9702868
-1.4113785,42.9702603
-1.4115239,42.9702441
-1.4117636,42.9702204
-1.4120033,42.9702061
-1.4125042,42.9702143
-1.4126501,42.9702085
-1.4127556,42.9702058
-1.4130445,42.9701235
-1.4132889,42.9700570
-1.4133682,42.9700350
-1.4134512,42.9700252
-1.4136141,42.9700247
-1.4137872,42.9700235
-1.4138484,42.9700126
-1.4139042,42.9699954
-1.4139991,42.9699501
-1.4140925,42.9698974
-1.4141752,42.9698547
-1.4142688,42.9698182
-1.4144505,42.9697673
-1.4146804,42.9697112
-1.4149223,42.9696602
-1.4150462,42.9696218
-1.4151226,42.9695826
-1.4151629,42.9695369
-1.4151880,42.9694936
-1.4153089,42.9695016
-1.4153952,42.9694887
-1.4155626,42.9694204
-1.4157240,42.9693435
-1.4159519,42.9692600
-1.4160641,42.9692296
-1.4161779,42.9692055
-1.4164791,42.9691451
-1.4165604,42.9691279
-1.4167052,42.9690750
-1.4167906,42.9690299
-1.4168501,42.9689650
-1.4169026,42.9688928
-1.4169493,42.9687963
-1.4169658,42.9687524
-1.4169808,42.9686992
-1.4170007,42.9685810
-1.4170111,42.9684585
-1.4170006,42.9683949
-1.4170280,42.9683254
-1.4170727,42.9682644
-1.4171243,42.9682034
-1.4171718,42.9681566
-1.4171837,42.9681448
-1.4172953,42.9680504
-1.4174643,42.9679150
-1.4175957,42.9678365
-1.4176896,42.9677836
-1.4177126,42.9677704
-1.4178777,42.9676938
-1.4179429,42.9676580
-1.4179788,42.9676299
-1.4180143,42.9675767
-1.4180812,42.9674793
-1.4180987,42.9674576
-1.4181617,42.9673792
-1.4182341,42.9673223
-1.4182828,42.9673013
-1.4183226,42.9673046
-1.4183789,42.9673243
-1.4185938,42.9674820
-1.4186967,42.9675516
-1.4187491,42.9675422
-1.4187951,42.9675309
-1.4189050,42.9675329
-1.4190893,42.9675341
-1.4195932,42.9674764
-1.4198377,42.9674635
-1.4199523,42.9674700
-1.4201599,42.9674888
-1.4202676,42.9675012
-1.4204395,42.9675091
-1.4205703,42.9675140
-1.4206247,42.9675232
-1.4206916,42.9675404
-1.4213297,42.9675355
-1.4220498,42.9674960
-1.4222024,42.9674828
-1.4223616,42.9674434
-1.4225387,42.9673916
-1.4226450,42.9673679
-1.4227796,42.9673602
-1.4229230,42.9673612
-1.4229942,42.9673642
-1.4231276,42.9673566
-1.4233386,42.9673388
-1.4236138,42.9673002
-1.4238117,42.9672686
-1.4242605,42.9672304
-1.4248245,42.9669338
-1.4265623,42.9662783
-1.4281491,42.9657916
-1.4283058,42.9656941
-1.4284050,42.9656779
-1.4285355,42.9657105
-1.4287407,42.9658845
-1.4287988,42.9659347
-1.4288256,42.9659396
-1.4290282,42.9658599
-1.4291376,42.9658131
-1.4292392,42.9657824
-1.4293524,42.9657489
-1.4297094,42.9656069
-1.4298334,42.9655606
-1.4299797,42.9655225
-1.4301354,42.9654936
-1.4305866,42.9654092
-1.4310414,42.9653295
-1.4312429,42.9652676
-1.4315718,42.9651439
-1.4319828,42.9649583
-1.4321635,42.9648611
-1.4323858,42.9647017
-1.4325022,42.9646273
-1.4331106,42.9643075
-1.4333152,42.9641978
-1.4334502,42.9641106
-1.4335135,42.9640790
-1.4335921,42.9640484
-1.4337752,42.9639909
-1.4339108,42.9639462
-1.4340255,42.9638974
-1.4341319,42.9638414
-1.4342499,42.9637688
-1.4344076,42.9637042
-1.4345470,42.9636559
-1.4347010,42.9636242
-1.4348722,42.9636004
-1.4350787,42.9635982
-1.4351657,42.9636096
-1.4353106,42.9636222
-1.4354122,42.9636299
-1.4355463,42.9636190
-1.4355957,42.9636119
-1.4356450,42.9635988
-1.4357328,42.9635483
-1.4358105,42.9634894
-1.4361126,42.9632866
-1.4362498,42.9632039
-1.4363299,42.9631667
-1.4365165,42.9630837
-1.4367189,42.9630040
-1.4368336,42.9629639
-1.4375073,42.9627950
-1.4376541,42.9627414
-1.4377030,42.9627183
-1.4377430,42.9626694
-1.4377709,42.9626264
-1.4377870,42.9625735
-1.4378037,42.9623875
-1.4378456,42.9623430
-1.4379475,42.9623015
-1.4382166,42.9621879
-1.4384893,42.9620914
-1.4386527,42.9620394
-1.4391018,42.9619332
-1.4396365,42.9618161
-1.4398482,42.9617923
-1.4402257,42.9617259
-1.4403221,42.9616822
-1.4404715,42.9616530
-1.4407552,42.9616117
-1.4407888,42.9616008
-1.4408190,42.9615784
-1.4408444,42.9615667
-1.4408844,42.9615572
-1.4410552,42.9615278
-1.4412066,42.9614835
-1.4413279,42.9614380
-1.4416122,42.9613400
-1.4417950,42.9612913
-1.4419533,42.9612605
-1.4420826,42.9612519
-1.4422681,42.9612532
-1.4425000,42.9612121
-1.4427870,42.9611768
-1.4428651,42.9611667
-1.4428275,42.9610835
-1.4429733,42.9610380
-1.4432300,42.9609793
-1.4434472,42.9609195
-1.4436378,42.9609253
-1.4437689,42.9609205
-1.4438499,42.9609121
-1.4439183,42.9609085
-1.4439788,42.9609258
-1.4441798,42.9609584
-1.4443534,42.9609622
-1.4444960,42.9609558
-1.4445744,42.9609200
-1.4446943,42.9608813
-1.4448609,42.9608126
-1.4449626,42.9607481
-1.4450433,42.9606781
-1.4451549,42.9606176
-1.4453155,42.9605899
-1.4454544,42.9605564
-1.4458371,42.9605152
-1.4460069,42.9604888
-1.4461885,42.9604045
-1.4463574,42.9603551
-1.4464728,42.9603304
-1.4466444,42.9603550
-1.4467046,42.9603608
-1.4467624,42.9603532
-1.4470092,42.9602914
-1.4473203,42.9601371
-1.4475457,42.9600334
-1.4478527,42.9599648
-1.4481673,42.9598930
-1.4482855,42.9598883
-1.4484013,42.9598988
-1.4484846,42.9599144
-1.4487258,42.9600512
-1.4488331,42.9600843
-1.4489404,42.9600998
-1.4492933,42.9601148
-1.4494116,42.9601265
-1.4494768,42.9601480
-1.4495384,42.9601776
-1.4497203,42.9601912
-1.4501340,42.9603498
-1.4502599,42.9604849
-1.4503860,42.9607522
-1.4504532,42.9609638
-1.4507347,42.9611115
-1.4509492,42.9612235
-1.4510449,42.9612539
-1.4511220,42.9612784
-1.4513345,42.9612993
-1.4515125,42.9613086
-1.4516242,42.9613072
-1.4517286,42.9612899
-1.4519645,42.9612036
-1.4521810,42.9610835
-1.4525130,42.9608160
-1.4525360,42.9607944
-1.4525741,42.9604822
-1.4527655,42.9600972
-1.4527739,42.9600563
-1.4528280,42.9597938
-1.4527915,42.9594338
-1.4528043,42.9592852
-1.4528097,42.9592233
-1.4528712,42.9590617
-1.4530054,42.9588763
-1.4531956,42.9587204
-1.4532651,42.9586969
-1.4533853,42.9586380
-1.4534680,42.9586308
-1.4535777,42.9586212
-1.4538018,42.9586120
-1.4540748,42.9586716
-1.4547930,42.9587132
-1.4548497,42.9586933
-1.4549241,42.9586673
-1.4549569,42.9586386
-1.4549818,42.9586007
-1.4549882,42.9585552
-1.4549629,42.9585081
-1.4548948,42.9584175
-1.4548836,42.9582821
-1.4548637,42.9580990
-1.4548795,42.9579070
-1.4549044,42.9577639
-1.4549277,42.9576570
-1.4548949,42.9575337
-1.4548740,42.9574551
-1.4548846,42.9571798
-1.4548494,42.9569573
-1.4548614,42.9565349
-1.4548774,42.9563051
-1.4548830,42.9562238
-1.4548848,42.9560962
-1.4549280,42.9560059
-1.4550228,42.9559118
-1.4552719,42.9556933
-1.4554086,42.9555895
-1.4560255,42.9554593
-1.4561888,42.9554329
-1.4565229,42.9553790
-1.4567727,42.9553245
-1.4568301,42.9553120
-1.4570132,42.9552397
-1.4571318,42.9551350
-1.4573193,42.9549695
-1.4579038,42.9544681
-1.4580750,42.9543580
-1.4582811,42.9542255
-1.4584839,42.9540345
-1.4586514,42.9538413
-1.4587950,42.9537111
-1.4589007,42.9536632
-1.4589707,42.9536627
-1.4590432,42.9536622
-1.4597288,42.9538267
-1.4599397,42.9538790
-1.4600218,42.9538801
-1.4600785,42.9538809
-1.4606441,42.9538621
-1.4608913,42.9538661
-1.4610542,42.9538841
-1.4611817,42.9538981
-1.4613448,42.9539008
-1.4614121,42.9538998
-1.4614715,42.9538850
-1.4615296,42.9538605
-1.4615877,42.9538361
-1.4616777,42.9538097
-1.4619954,42.9537163
-1.4622508,42.9536613
-1.4623097,42.9536486
-1.4623587,42.9536371
-1.4625737,42.9535867
-1.4627441,42.9535808
-1.4628211,42.9535611
-1.4629760,42.9534666
-1.4632054,42.9532883
-1.4634120,42.9531419
-1.4637808,42.9527866
-1.4641559,42.9525599
-1.4644750,42.9523818
-1.4646930,42.9521518
-1.4647169,42.9521234
-1.4647550,42.9520551
-1.4648009,42.9519510
-1.4648743,42.9517843
-1.4649488,42.9515966
-1.4650937,42.9514095
-1.4651477,42.9512719
-1.4650818,42.9510757
-1.4649453,42.9508954
-1.4649020,42.9508514
-1.4646863,42.9506318
-1.4643328,42.9503670
-1.4640939,42.9502510
-1.4638598,42.9502008
-1.4637289,42.9501554
-1.4636857,42.9500985
-1.4637218,42.9500131
-1.4638091,42.9499258
-1.4641092,42.9498397
-1.4643413,42.9497657
-1.4653872,42.9494320
-1.4656417,42.9492949
-1.4659617,42.9490925
-1.4664224,42.9487491
-1.4666859,42.9485005
-1.4669236,42.9482764
-1.4670448,42.9480891
-1.4670748,42.9480335
-1.4673972,42.9474365
-1.4674745,42.9472900
-1.4675320,42.9471787
-1.4675575,42.9471293
-1.4675977,42.9469597
-1.4676749,42.9466433
-1.4678279,42.9463013
-1.4679100,42.9461449
-1.4679346,42.9460189
-1.4679482,42.9459361
-1.4679578,42.9458224
-1.4679575,42.9456754
-1.4679750,42.9456266
-1.4680245,42.9455891
-1.4681523,42.9455267
-1.4681626,42.9455210
-1.4682320,42.9454827
-1.4682806,42.9454399
-1.4683408,42.9453870
-1.4684358,42.9453051
-1.4685361,42.9452038
-1.4686366,42.9450424
-1.4688495,42.9447002
-1.4689951,42.9444813
-1.4691329,42.9441276
-1.4691418,42.9440917
-1.4691647,42.9440599
-1.4692047,42.9438934
-1.4692194,42.9438264
-1.4692731,42.9437528
-1.4693219,42.9436505
-1.4693607,42.9435114
-1.4693689,42.9434521
-1.4693827,42.9434308
-1.4694438,42.9433267
-1.4695252,42.9432184
-1.4695569,42.9431728
-1.4695973,42.9431008
-1.4696251,42.9429507
-1.4697066,42.9428554
-1.4697267,42.9428318
-1.4697735,42.9427646
-1.4698991,42.9425842
-1.4700112,42.9424157
-1.4701206,42.9422949
-1.4702172,42.9422117
-1.4703379,42.9420447
-1.4703916,42.9419704
-1.4704035,42.9419544
-1.4704061,42.9419351
-1.4703794,42.9417783
-1.4703919,42.9417320
-1.4704315,42.9416737
-1.4704623,42.9416116
-1.4705294,42.9415731
-1.4705551,42.9415204
-1.4707776,42.9412716
-1.4708510,42.9411451
-1.4708716,42.9410893
-1.4709108,42.9410720
-1.4709465,42.9409958
-1.4710103,42.9408404
-1.4712328,42.9403209
-1.4714580,42.9400377
-1.4716255,42.9398807
-1.4718398,42.9395807
-1.4721179,42.9392806
-1.4722836,42.9391577
-1.4725126,42.9389862
-1.4726474,42.9388812
-1.4729222,42.9387127
-1.4731249,42.9385953
-1.4735501,42.9384049
-1.4740732,42.9381977
-1.4744158,42.9380744
-1.4757291,42.9377581
-1.4762618,42.9377154
-1.4765790,42.9376421
-1.4769964,42.9375197
-1.4771198,42.9374846
-1.4771646,42.9374792
-1.4772129,42.9374733
-1.4775127,42.9375149
-1.4777534,42.9375455
-1.4780228,42.9375960
-1.4781313,42.9376163
-1.4782696,42.9376109
-1.4784844,42.9376294
-1.4786641,42.9376346
-1.4790788,42.9377068
-1.4792712,42.9377661
-1.4797436,42.9378547
-1.4801452,42.9379527
-1.4806324,42.9380548
-1.4808936,42.9381290
-1.4811564,42.9381820
-1.4814497,42.9382298
-1.4816718,42.9382375
-1.4823071,42.9383608
-1.4828335,42.9384851
-1.4828880,42.9384857
-1.4829101,42.9384922
-1.4829615,42.9386013
-1.4830822,42.9386679
-1.4831842,42.9387242
-1.4833478,42.9387422
-1.4834604,42.9387363
-1.4836446,42.9386786
-1.4838762,42.9385929
-1.4839781,42.9385633
-1.4840503,42.9385554
-1.4840910,42.9385536
-1.4841210,42.9385452
-1.4841791,42.9385125
-1.4842651,42.9384813
-1.4843484,42.9384875
-1.4843694,42.9385051
-1.4844047,42.9385201
-1.4844495,42.9385324
-1.4844854,42.9385358
-1.4845232,42.9385155
-1.4845977,42.9385183
-1.4847111,42.9385231
-1.4848986,42.9385492
-1.4851449,42.9386848
-1.4855686,42.9388422
-1.4858235,42.9389399
-1.4860354,42.9389911
-1.4862214,42.9390577
-1.4863912,42.9391334
-1.4866980,42.9392797
-1.4867891,42.9393377
-1.4869554,42.9395211
-1.4870492,42.9395939
-1.4872102,42.9396506
-1.4874113,42.9396890
-1.4876447,42.9396884
-1.4879034,42.9396199
-1.4883581,42.9393958
-1.4887632,42.9392452
-1.4889590,42.9390871
-1.4892161,42.9388195
-1.4895674,42.9386179
-1.4899031,42.9384240
-1.4905576,42.9382443
-1.4906858,42.9381974
-1.4914202,42.9380739
-1.4915432,42.9380542
-1.4916554,42.9380267
-1.4917806,42.9379915
-1.4920998,42.9379380
-1.4923511,42.9379404
-1.4928404,42.9378166
-1.4931057,42.9377857
-1.4932340,42.9377523
-1.4934087,42.9376404
-1.4936271,42.9374727
-1.4937997,42.9372990
-1.4940894,42.9369106
-1.4941920,42.9367137
-1.4942949,42.9365787
-1.4945219,42.9364122
-1.4948504,42.9359603
-1.4952271,42.9354949
-1.4953067,42.9353901
-1.4953260,42.9353059
-1.4954228,42.9350988
-1.4955357,42.9349068
-1.4956413,42.9345909
-1.4957315,42.9343787
-1.4958820,42.9340926
-1.4959709,42.9337125
-1.4960400,42.9335065
-1.4961205,42.9333581
-1.4961914,42.9332723
-1.4963207,42.9331670
-1.4964021,42.9330982
-1.4964399,42.9329660
-1.4964504,42.9328897
-1.4964644,42.9328571
-1.4964710,42.9328416
-1.4965582,42.9327786
-1.4966739,42.9327318
-1.4967157,42.9327087
-1.4967450,42.9326811
-1.4967866,42.9325792
-1.4968327,42.9324727
-1.4968887,42.9323814
-1.4969206,42.9322960
-1.4969198,42.9322149
-1.4970217,42.9321438
-1.4973355,42.9320186
-1.4974322,42.9319395
-1.4974942,42.9318426
-1.4975903,42.9317940
-1.4977432,42.9317197
-1.4978702,42.9316292
-1.4978995,42.9316015
-1.4979095,42.9315802
-1.4979070,42.9315510
-1.4979256,42.9315288
-1.4980015,42.9315038
-1.4981144,42.9314931
-1.4981791,42.9314651
-1.4981875,42.9314588
-1.4983145,42.9313646
-1.4983393,42.9313373
-1.4983888,42.9312829
-1.4984919,42.9312171
-1.4986252,42.9310459
-1.4986616,42.9309746
-1.4987037,42.9309370
-1.4988131,42.9308770
-1.4991379,42.9307532
-1.4992112,42.9307351
-1.4992910,42.9307083
-1.4993371,42.9306732
-1.4993630,42.9306472
-1.4994521,42.9306181
-1.4995502,42.9305996
-1.4996318,42.9305784
-1.4997899,42.9304993
-1.4999599,42.9304386
-1.5000667,42.9304168
-1.5001170,42.9303845
-1.5003073,42.9303794
-1.5003869,42.9303767
-1.5004650,42.9303684
-1.5006884,42.9303349
-1.5009025,42.9302888
-1.5012791,42.9302187
-1.5013610,42.9302021
-1.5015783,42.9301845
-1.5016098,42.9301820
-1.5016958,42.9301488
-1.5018734,42.9301367
-1.5019807,42.9301357
-1.5021893,42.9301635
-1.5023053,42.9301783
-1.5023341,42.9301820
-1.5023951,42.9301473
-1.5024503,42.9301070
-1.5024729,42.9300866
-1.5025832,42.9299858
-1.5026403,42.9299499
-1.5027316,42.9298989
-1.5028482,42.9298377
-1.5028087,42.9297749
-1.5027919,42.9296075
-1.5027874,42.9294907
-1.5027935,42.9293562
-1.5028016,42.9292689
-1.5027807,42.9291923
-1.5027196,42.9291441
-1.5026409,42.9290885
-1.5025767,42.9290306
-1.5023512,42.9287557
-1.5022464,42.9285535
-1.5022158,42.9283920
-1.5022120,42.9282256
-1.5022439,42.9280383
-1.5026793,42.9275818
-1.5028443,42.9273600
-1.5031298,42.9272171
-1.5031647,42.9271650
-1.5035523,42.9269728
-1.5039680,42.9268051
-1.5041131,42.9267295
-1.5042358,42.9266008
-1.5043550,42.9263365
-1.5044354,42.9261582
-1.5046214,42.9258724
-1.5046420,42.9258182
-1.5046860,42.9257023
-1.5047158,42.9255827
-1.5047420,42.9254774
-1.5047865,42.9253700
-1.5048176,42.9252747
-1.5048242,42.9251023
-1.5048116,42.9249498
-1.5047821,42.9248532
-1.5047438,42.9247277
-1.5045620,42.9243423
-1.5044932,42.9242412
-1.5045062,42.9241768
-1.5045942,42.9240355
-1.5046533,42.9239014
-1.5047027,42.9238225
-1.5048090,42.9238372
-1.5049293,42.9238187
-1.5051830,42.9237578
-1.5056675,42.9236417
-1.5059856,42.9235652
-1.5062620,42.9234852
-1.5064324,42.9234113
-1.5065517,42.9233604
-1.5064225,42.9232043
-1.5063760,42.9231159
-1.5063671,42.9230210
-1.5063903,42.9229077
-1.5064466,42.9227770
-1.5066556,42.9223916
-1.5076664,42.9204933
-1.5077147,42.9204124
-1.5077530,42.9203556
-1.5078219,42.9202965
-1.5079216,42.9202506
-1.5081581,42.9201744
-1.5083220,42.9201332
-1.5085101,42.9200859
-1.5086501,42.9200407
-1.5087905,42.9199794
-1.5089447,42.9198901
-1.5091966,42.9197444
-1.5093417,42.9196294
-1.5094380,42.9196194
-1.5095315,42.9195865
-1.5096992,42.9194908
-1.5097589,42.9193497
-1.5098142,42.9192159
-1.5098604,42.9191392
-1.5099330,42.9190532
-1.5100902,42.9187997
-1.5103098,42.9185216
-1.5105037,42.9183284
-1.5107678,42.9180595
-1.5109207,42.9178684
-1.5110330,42.9177594
-1.5110918,42.9177023
-1.5111428,42.9175558
-1.5111798,42.9174738
-1.5112499,42.9173792
-1.5113206,42.9172924
-1.5113840,42.9171843
-1.5114844,42.9170142
-1.5115784,42.9168576
-1.5116307,42.9167275
-1.5116634,42.9165804
-1.5118457,42.9162921
-1.5120313,42.9161168
-1.5121937,42.9159717
-1.5125174,42.9157737
-1.5127339,42.9156140
-1.5128291,42.9155545
-1.5129110,42.9155128
-1.5130985,42.9154510
-1.5132883,42.9153671
-1.5135288,42.9152106
-1.5136630,42.9150919
-1.5137656,42.9149877
-1.5138611,42.9149242
-1.5138410,42.9150179
-1.5137959,42.9152114
-1.5138678,42.9151908
-1.5139429,42.9151456
-1.5141713,42.9149828
-1.5143054,42.9149002
-1.5143996,42.9148494
-1.5144518,42.9148829
-1.5144985,42.9148904
-1.5145542,42.9148866
-1.5145858,42.9148665
-1.5146026,42.9148236
-1.5146163,42.9147549
-1.5146246,42.9147058
-1.5146510,42.9146785
-1.5147639,42.9146201
-1.5150649,42.9144646
-1.5151932,42.9143974
-1.5153993,42.9142832
-1.5155656,42.9141948
-1.5156675,42.9141241
-1.5157212,42.9140514
-1.5157453,42.9139748
-1.5157614,42.9139002
-1.5157882,42.9138135
-1.5158486,42.9137553
-1.5158775,42.9137273
-1.5160118,42.9136557
-1.5162474,42.9135077
-1.5164534,42.9133547
-1.5166306,42.9132568
-1.5166751,42.9132147
-1.5166874,42.9131574
-1.5166416,42.9130187
-1.5166366,42.9128481
-1.5166545,42.9127009
-1.5167076,42.9125204
-1.5168358,42.9122310
-1.5169112,42.9121165
-1.5170915,42.9119440
-1.5172083,42.9117803
-1.5173140,42.9115790
-1.5174347,42.9113952
-1.5174957,42.9112826
-1.5175018,42.9111059
-1.5174100,42.9110900
-1.5173160,42.9110681
-1.5172303,42.9110470
-1.5171860,42.9110345
-1.5171854,42.9110219
-1.5171791,42.9110102
-1.5171679,42.9110007
-1.5171531,42.9109945
-1.5171362,42.9109922
-1.5171332,42.9109176
-1.5171370,42.9107113
-1.5171527,42.9106522
-1.5171939,42.9105712
-1.5172340,42.9105225
-1.5173039,42.9104732
-1.5177834,42.9104204
-1.5188657,42.9102982
-1.5191906,42.9102675
-1.5194272,42.9102311
-1.5196650,42.9101657
-1.5197839,42.9101273
-1.5203224,42.9099535
-1.5210354,42.9097133
-1.5213444,42.9095999
-1.5216245,42.9094759
-1.5221761,42.9092319
-1.5224189,42.9091656
-1.5226083,42.9091200
-1.5229176,42.9090759
-1.5230417,42.9090606
-1.5231199,42.9090650
-1.5231972,42.9090926
-1.5232571,42.9091336
-1.5233475,42.9090899
-1.5235020,42.9089935
-1.5237005,42.9088320
-1.5240460,42.9085654
-1.5241888,42.9084585
-1.5244312,42.9082697
-1.5245353,42.9081610
-1.5246614,42.9080319
-1.5248677,42.9078695
-1.5250042,42.9078262
-1.5250860,42.9078020
-1.5251825,42.9077568
-1.5252240,42.9077024
-1.5252240,42.9076587
-1.5251608,42.9074536
-1.5250806,42.9073211
-1.5250555,42.9072971
-1.5250344,42.9072088
-1.5250427,42.9070800
-1.5251253,42.9069114
-1.5251694,42.9068072
-1.5252343,42.9067188
-1.5252642,42.9066725
-1.5252810,42.9065913
-1.5252768,42.9065101
-1.5252980,42.9064583
-1.5253744,42.9064276
-1.5254750,42.9064115
-1.5256356,42.9063943
-1.5257481,42.9064045
-1.5260669,42.9065335
-1.5267448,42.9069525
-1.5269814,42.9070656
-1.5273147,42.9071546
-1.5274048,42.9071916
-1.5274688,42.9072349
-1.5275244,42.9073129
-1.5277014,42.9074360
-1.5279385,42.9075054
-1.5282647,42.9075858
-1.5285659,42.9076261
-1.5288128,42.9076246
-1.5290663,42.9075962
-1.5291693,42.9075820
-1.5293247,42.9075529
-1.5295123,42.9075127
-1.5296751,42.9074597
-1.5298514,42.9074129
-1.5302441,42.9072470
-1.5306196,42.9070884
-1.5307971,42.9070053
-1.5309196,42.9069507
-1.5309953,42.9069174
-1.5312512,42.9068122
-1.5314090,42.9067458
-1.5317515,42.9065806
-1.5318680,42.9065148
-1.5319935,42.9064419
-1.5323103,42.9062730
-1.5324235,42.9061939
-1.5325248,42.9061054
-1.5326732,42.9059856
-1.5328289,42.9059139
-1.5329023,42.9058871
-1.5330170,42.9058698
-1.5330496,42.9058616
-1.5330330,42.9058159
-1.5330957,42.9057946
-1.5331517,42.9057429
-1.5332709,42.9056160
-1.5337909,42.9050438
-1.5338494,42.9050008
-1.5339122,42.9049160
-1.5339537,42.9047999
-1.5340230,42.9046831
-1.5342365,42.9044940
-1.5343968,42.9043241
-1.5345033,42.9042113
-1.5346147,42.9040856
-1.5347072,42.9040115
-1.5350047,42.9038388
-1.5350909,42.9037741
-1.5351767,42.9037083
-1.5352116,42.9036551
-1.5352382,42.9036032
-1.5352743,42.9035146
-1.5353070,42.9034120
-1.5353113,42.9033579
-1.5352888,42.9032242
-1.5352777,42.9031844
-1.5352784,42.9031528
-1.5352899,42.9031349
-1.5353188,42.9031171
-1.5353777,42.9031019
-1.5354354,42.9031018
-1.5354841,42.9031133
-1.5355352,42.9031393
-1.5356191,42.9031630
-1.5357100,42.9031669
-1.5358153,42.9031724
-1.5358669,42.9031659
-1.5359780,42.9031441
-1.5362137,42.9030354
-1.5363327,42.9029695
-1.5368821,42.9026872
-1.5371747,42.9025369
-1.5374849,42.9023939
-1.5375433,42.9023669
-1.5378752,42.9022255
-1.5380773,42.9020899
-1.5382378,42.9020154
-1.5384271,42.9019735
-1.5385061,42.9019283
-1.5386095,42.9018812
-1.5386746,42.9018483
-1.5388458,42.9017296
-1.5389666,42.9016161
-1.5390387,42.9015194
-1.5390799,42.9014375
-1.5390727,42.9013847
-1.5389893,42.9013260
-1.5389073,42.9012206
-1.5388855,42.9011797
-1.5388813,42.9011342
-1.5389217,42.9010904
-1.5389828,42.9010745
-1.5391164,42.9010576
-1.5392521,42.9010565
-1.5393827,42.9010661
-1.5395111,42.9010862
-1.5395737,42.9010860
-1.5396331,42.9010828
-1.5397291,42.9010392
-1.5398354,42.9009842
-1.5399976,42.9009097
-1.5401562,42.9008318
-1.5403368,42.9007393
-1.5404541,42.9006756
-1.5405659,42.9006414
-1.5406114,42.9005883
-1.5407097,42.9004866
-1.5407746,42.9004251
-1.5408407,42.9003508
-1.5408661,42.9003055
-1.5408842,42.9002382
-1.5409068,42.9001830
-1.5409510,42.9001100
-1.5411212,42.8998291
-1.5412276,42.8996234
-1.5413564,42.8993473
-1.5414808,42.8991259
-1.5415368,42.8990398
-1.5415587,42.8990061
-1.5416393,42.8988822
-1.5417479,42.8987158
-1.5418566,42.8985449
-1.5419104,42.8984519
-1.5419591,42.8983573
-1.5419883,42.8982771
-1.5420102,42.8981931
-1.5420230,42.8980880
-1.5420183,42.8979859
-1.5419785,42.8978354
-1.5419108,42.8976294
-1.5418724,42.8975124
-1.5418150,42.8973277
-1.5418599,42.8971086
-1.5419065,42.8969639
-1.5419331,42.8969208
-1.5419731,42.8968842
-1.5422907,42.8967570
-1.5423781,42.8967220
-1.5424719,42.8966838
-1.5425083,42.8966822
-1.5425405,42.8966866
-1.5425925,42.8967107
-1.5428327,42.8969032
-1.5429120,42.8969535
-1.5429813,42.8969842
-1.5430482,42.8970047
-1.5431321,42.8970041
-1.5431700,42.8969997
-1.5432007,42.8969855
-1.5432403,42.8969547
-1.5432927,42.8968323
-1.5433704,42.8967637
-1.5436599,42.8964854
-1.5437866,42.8964484
-1.5438383,42.8964446
-1.5439218,42.8964265
-1.5440382,42.8964310
-1.5441614,42.8964286
-1.5442795,42.8963958
-1.5444280,42.8963962
-1.5446637,42.8963579
-1.5449139,42.8962836
-1.5451095,42.8962102
-1.5453344,42.8960942
-1.5455896,42.8958736
-1.5458601,42.8956853
-1.5459211,42.8956446
-1.5464482,42.8953026
-1.5467050,42.8951275
-1.5469235,42.8950290
-1.5473046,42.8949414
-1.5475368,42.8949074
-1.5476529,42.8949007
-1.5477228,42.8949037
-1.5482434,42.8950029
-1.5488188,42.8950393
-1.5490201,42.8950102
-1.5491972,42.8950057
-1.5493252,42.8949791
-1.5494280,42.8949552
-1.5495048,42.8949414
-1.5495880,42.8949123
-1.5497172,42.8948149
-1.5498811,42.8946559
-1.5498251,42.8946060
-1.5497679,42.8945655
-1.5497660,42.8945337
-1.5497816,42.8945067
-1.5499274,42.8944005
-1.5501825,42.8942405
-1.5502395,42.8941725
-1.5503726,42.8940592
-1.5505111,42.8939490
-1.5508051,42.8937449
-1.5508699,42.8937107
-1.5510903,42.8936190
-1.5513207,42.8935391
-1.5516317,42.8933388
-1.5518774,42.8931263
-1.5519884,42.8930869
-1.5522749,42.8929550
-1.5523728,42.8928854
-1.5524431,42.8928152
-1.5525376,42.8925217
-1.5525989,42.8924087
-1.5529720,42.8920410
-1.5530164,42.8919923
-1.5530718,42.8919471
-1.5533872,42.8918366
-1.5534746,42.8917972
-1.5535857,42.8917683
-1.5536832,42.8917430
-1.5537508,42.8917097
-1.5539770,42.8915753
-1.5542234,42.8914093
-1.5543257,42.8913085
-1.5544495,42.8911173
-1.5546889,42.8908100
-1.5548591,42.8904575
-1.5553513,42.8901013
-1.5555905,42.8899271
-1.5556873,42.8898780
-1.5559815,42.8897621
-1.5562458,42.8896039
-1.5564888,42.8895081
-1.5566491,42.8895465
-1.5567624,42.8894902
-1.5568571,42.8893775
-1.5570375,42.8894037
-1.5570896,42.8894579
-1.5571871,42.8894468
-1.5572102,42.8894457
-1.5572876,42.8893925
-1.5573525,42.8894176
-1.5574624,42.8894335
-1.5576287,42.8894452
-1.5577868,42.8894301
-1.5579475,42.8894462
-1.5580524,42.8895338
-1.5582275,42.8895433
-1.5584079,42.8895022
-1.5585203,42.8894685
-1.5586772,42.8892899
-1.5587527,42.8890871
-1.5588498,42.8888955
-1.5591982,42.8882084
-1.5596741,42.8877376
-1.5600289,42.8875312
-1.5602922,42.8873526
-1.5608759,42.8869789
-1.5614080,42.8868607
-1.5615930,42.8868378
-1.5617368,42.8867625
-1.5623490,42.8863757
-1.5624460,42.8862435
-1.5624882,42.8861573
-1.5625445,42.8859658
-1.5626760,42.8856150
-1.5627244,42.8853619
-1.5627228,42.8851807
-1.5626866,42.8849934
-1.5626818,42.8849203
-1.5626576,42.8848658
-1.5626061,42.8847922
-1.5625799,42.8847163
-1.5625401,42.8845662
-1.5625265,42.8845031
-1.5624586,42.8843504
-1.5623214,42.8841991
-1.5622519,42.8839853
-1.5622354,42.8839195
-1.5622427,42.8838796
-1.5622579,42.8838421
-1.5622639,42.8838210
-1.5622620,42.8837975
-1.5622524,42.8836711
-1.5623217,42.8829744
-1.5623798,42.8827786
-1.5623979,42.8827343
-1.5624152,42.8826707
-1.5623866,42.8825198
-1.5623862,42.8824950
-1.5623956,42.8823917
-1.5624235,42.8823793
-1.5624387,42.8823607
-1.5625951,42.8818884
-1.5626552,42.8818280
-1.5628754,42.8817132
-1.5629636,42.8816697
-1.5629964,42.8816631
-1.5630290,42.8816566
-1.5631655,42.8815840
-1.5632609,42.8815307
-1.5633528,42.8814675
-1.5633999,42.8814307
-1.5636945,42.8812005
-1.5638469,42.8810651
-1.5639167,42.8810055
-1.5639848,42.8809389
-1.5640224,42.8808938
-1.5640689,42.8808351
-1.5641795,42.8806801
-1.5642166,42.8806215
-1.5642301,42.8805443
-1.5642147,42.8804712
-1.5642206,42.8804193
-1.5642337,42.8803897
-1.5642438,42.8803817
-1.5642560,42.8803813
-1.5642680,42.8803684
-1.5642797,42.8803234
-1.5642895,42.8803071
-1.5643363,42.8801722
-1.5644027,42.8800594
-1.5644732,42.8799630
-1.5646645,42.8797022
-1.5647244,42.8796374
-1.5647404,42.8796150
-1.5647899,42.8795126
-1.5647953,42.8794912
-1.5648295,42.8794424
-1.5648546,42.8794191
-1.5649720,42.8792380
-1.5650745,42.8790407
-1.5652265,42.8787598
-1.5654183,42.8785342
-1.5654226,42.8785036
-1.5654391,42.8784870
-1.5654796,42.8784801
-1.5657936,42.8785485
-1.5658576,42.8785457
-1.5659107,42.8785434
-1.5661434,42.8785875
-1.5663258,42.8782781
-1.5663560,42.8782269
-1.5663954,42.8781601
-1.5666531,42.8777622
-1.5669138,42.8773359
-1.5669279,42.8773139
-1.5674611,42.8764814
-1.5674780,42.8764556
-1.5674931,42.8764326
-1.5675469,42.8763504
-1.5681271,42.8754649
-1.5690894,42.8739959
-1.5692195,42.8737974
-1.5692513,42.8737504
-1.5692610,42.8737178
-1.5692663,42.8736771
-1.5692637,42.8736506
-1.5692328,42.8735655
-1.5691765,42.8735287
-1.5691459,42.8734877
-1.5691295,42.8734454
-1.5691372,42.8733953
-1.5691683,42.8733565
-1.5693144,42.8731820
-1.5694040,42.8730670
-1.5694511,42.8729718
-1.5694760,42.8728699
-1.5694808,42.8728190
-1.5694694,42.8726950
-1.5693880,42.8723016
-1.5693007,42.8719264
-1.5692581,42.8717435
-1.5691978,42.8714859
-1.5691823,42.8714258
-1.5691745,42.8714041
-1.5691256,42.8713489
-1.5690889,42.8713309
-1.5691180,42.8712822
-1.5691154,42.8712547
-1.5691042,42.8711146
-1.5691292,42.8710268
-1.5691595,42.8708983
-1.5691908,42.8708144
-1.5692395,42.8706932
-1.5692655,42.8706282
-1.5692705,42.8705804
-1.5692687,42.8704541
-1.5692678,42.8703880
-1.5692490,42.8702388
-1.5692057,42.8701244
-1.5689937,42.8697581
-1.5689530,42.8697020
-1.5689568,42.8695061
-1.5689592,42.8693802
-1.5689920,42.8690808
-1.5689894,42.8690229
-1.5689506,42.8689621
-1.5688257,42.8688363
-1.5688145,42.8687711
-1.5688466,42.8686689
-1.5688488,42.8686081
-1.5687920,42.8682932
-1.5687969,42.8679248
-1.5688296,42.8677400
-1.5688703,42.8675928
-1.5688825,42.8674980
-1.5689384,42.8674280
-1.5690024,42.8672772
-1.5690523,42.8670765
-1.5691541,42.8669390
-1.5691950,42.8667715
-1.5692452,42.8666225
-1.5694036,42.8663724
-1.5694707,42.8662109
-1.5695676,42.8660492
-1.5695774,42.8660054
-1.5695672,42.8659616
-1.5697180,42.8657634
-1.5698872,42.8655815
-1.5699544,42.8655099
-1.5699493,42.8654566
-1.5699253,42.8654270
-1.5698634,42.8654110
-1.5698267,42.8653969
-1.5697816,42.8653676
-1.5697767,42.8653419
-1.5697943,42.8653211
-1.5699085,42.8652674
-1.5700506,42.8652244
-1.5702324,42.8651471
-1.5703073,42.8651280
-1.5704205,42.8651259
-1.5705292,42.8650987
-1.5706584,42.8650280
-1.5707154,42.8649673
-1.5708011,42.8648531
-1.5708891,42.8646355
-1.5709171,42.8645661
-1.5709352,42.8644944
-1.5709855,42.8642834
-1.5709657,42.8641526
-1.5709825,42.8640832
-1.5710130,42.8639572
-1.5711096,42.8637171
-1.5711337,42.8635216
-1.5712089,42.8633734
-1.5712391,42.8631987
-1.5712490,42.8629838
-1.5713081,42.8628089
-1.5713107,42.8626914
-1.5712835,42.8625996
-1.5710729,42.8623063
-1.5710371,42.8622403
-1.5709730,42.8621447
-1.5709596,42.8621029
-1.5709482,42.8620691
-1.5709152,42.8620414
-1.5707893,42.8619825
-1.5707711,42.8619519
-1.5708219,42.8617757
-1.5708436,42.8617033
-1.5709312,42.8615779
-1.5710156,42.8615097
-1.5711520,42.8614590
-1.5712527,42.8614430
-1.5713270,42.8614058
-1.5715098,42.8611760
-1.5716572,42.8610313
-1.5720237,42.8606607
-1.5721180,42.8605653
-1.5724666,42.8602219
-1.5726035,42.8601180
-1.5728208,42.8599933
-1.5730748,42.8598727
-1.5731970,42.8598133
-1.5733209,42.8597820
-1.5734877,42.8597598
-1.5735676,42.8597527
-1.5736596,42.8597446
-1.5737615,42.8597422
-1.5738538,42.8597525
-1.5740124,42.8597972
-1.5741887,42.8598641
-1.5742536,42.8598899
-1.5745154,42.8600199
-1.5745733,42.8599631
-1.5746239,42.8598803
-1.5747626,42.8596934
-1.5749045,42.8595998
-1.5750481,42.8595105
-1.5751777,42.8594230
-1.5752978,42.8593428
-1.5755142,42.8592053
-1.5758034,42.8589815
-1.5764935,42.8584427
-1.5767702,42.8582464
-1.5768683,42.8581596
-1.5770989,42.8579556
-1.5776491,42.8575062
-1.5777533,42.8573953
-1.5777761,42.8573433
-1.5777874,42.8572852
-1.5777901,42.8571888
-1.5777854,42.8570867
-1.5777892,42.8569917
-1.5778109,42.8569412
-1.5778427,42.8568674
-1.5778879,42.8567783
-1.5779353,42.8567013
-1.5780060,42.8566164
-1.5780671,42.8565062
-1.5780853,42.8562760
-1.5780974,42.8561240
-1.5781116,42.8559448
-1.5781926,42.8558489
-1.5783349,42.8557354
-1.5784134,42.8556489
-1.5784788,42.8555499
-1.5785155,42.8554515
-1.5785352,42.8553987
-1.5785637,42.8551668
-1.5786063,42.8550464
-1.5786794,42.8548902
-1.5787972,42.8547078
-1.5788472,42.8546432
-1.5788741,42.8545899
-1.5789585,42.8543953
-1.5789970,42.8542675
-1.5790274,42.8541517
-1.5790505,42.8540560
-1.5790845,42.8539890
-1.5792435,42.8537664
-1.5793163,42.8536499
-1.5794215,42.8534327
-1.5794528,42.8533695
-1.5795086,42.8532568
-1.5795665,42.8531456
-1.5796477,42.8530367
-1.5797279,42.8529339
-1.5798102,42.8528591
-1.5799042,42.8528065
-1.5800064,42.8527820
-1.5801107,42.8527822
-1.5801740,42.8527708
-1.5803014,42.8527098
-1.5804354,42.8526578
-1.5805176,42.8526355
-1.5806501,42.8525995
-1.5808652,42.8525308
-1.5809383,42.8524961
-1.5810341,42.8524394
-1.5812025,42.8523722
-1.5817280,42.8522145
-1.5818194,42.8521998
-1.5820769,42.8521585
-1.5823595,42.8521387
-1.5826103,42.8521188
-1.5828710,42.8521253
-1.5830789,42.8521493
-1.5834355,42.8522183
-1.5836234,42.8522842
-1.5837030,42.8524084
-1.5837608,42.8524251
-1.5837687,42.8524958
-1.5837733,42.8525915
-1.5837471,42.8526772
-1.5837769,42.8527096
-1.5838056,42.8527150
-1.5838325,42.8527109
-1.5838562,42.8526871
-1.5838851,42.8526549
-1.5839161,42.8526375
-1.5839580,42.8526334
-1.5840280,42.8526318
-1.5840541,42.8526276
-1.5842622,42.8524961
-1.5843556,42.8524154
-1.5844575,42.8523379
-1.5846572,42.8522230
-1.5848023,42.8521395
-1.5848551,42.8521171
-1.5849165,42.8520971
-1.5850347,42.8520755
-1.5851253,42.8520546
-1.5852250,42.8520071
-1.5852859,42.8519451
-1.5854177,42.8518737
-1.5854762,42.8518250
-1.5854947,42.8518079
-1.5855302,42.8517432
-1.5855941,42.8516366
-1.5857086,42.8514042
-1.5857297,42.8513598
-1.5857562,42.8513178
-1.5858165,42.8512782
-1.5859138,42.8512383
-1.5861813,42.8511154
-1.5861711,42.8510825
-1.5860932,42.8510510
-1.5860855,42.8510496
-1.5860242,42.8510380
-1.5859344,42.8509979
-1.5858562,42.8509733
-1.5857816,42.8509508
-1.5857391,42.8509139
-1.5857293,42.8508763
-1.5857559,42.8508158
-1.5857747,42.8507833
-1.5857804,42.8507596
-1.5857795,42.8507359
-1.5857459,42.8507007
-1.5857233,42.8506840
-1.5857073,42.8506661
-1.5856896,42.8506352
-1.5856746,42.8505246
-1.5856609,42.8504751
-1.5856557,42.8504222
-1.5856738,42.8503692
-1.5856774,42.8503328
-1.5856756,42.8502955
-1.5856155,42.8501304
-1.5855931,42.8500687
-1.5855851,42.8499832
-1.5855788,42.8499160
-1.5855736,42.8498599
-1.5855858,42.8498120
-1.5857857,42.8494610
-1.5858142,42.8494214
-1.5858962,42.8493272
-1.5859550,42.8492751
-1.5860648,42.8491379
-1.5861867,42.8489804
-1.5862363,42.8489169
-1.5863434,42.8488103
-1.5864316,42.8487363
-1.5865156,42.8486462
-1.5866468,42.8484821
-1.5866806,42.8484275
-1.5867113,42.8483780
-1.5868036,42.8482434
-1.5868480,42.8481533
-1.5869464,42.8480101
-1.5870026,42.8479630
-1.5870373,42.8478767
-1.5871514,42.8477326
-1.5872370,42.8475521
-1.5872620,42.8474718
-1.5873181,42.8473884
-1.5874101,42.8472853
-1.5874464,42.8472276
-1.5874899,42.8470755
-1.5875752,42.8469612
-1.5876491,42.8468906
-1.5877174,42.8468254
-1.5877797,42.8467403
-1.5878358,42.8466495
-1.5880088,42.8463488
-1.5881190,42.8461433
-1.5882074,42.8459971
-1.5883273,42.8458153
-1.5884192,42.8456680
-1.5884417,42.8455120
-1.5884808,42.8454453
-1.5887519,42.8451362
-1.5888231,42.8449692
-1.5889550,42.8446704
-1.5889565,42.8446287
-1.5889974,42.8445887
-1.5890209,42.8445704
-1.5890536,42.8445669
-1.5890723,42.8445498
-1.5890926,42.8444317
-1.5890993,42.8444029
-1.5891169,42.8443797
-1.5891853,42.8442986
-1.5892568,42.8441408
-1.5893305,42.8440503
-1.5894228,42.8439530
-1.5894906,42.8439066
-1.5895631,42.8438676
-1.5896168,42.8438479
-1.5896721,42.8438430
-1.5897748,42.8438435
-1.5898101,42.8438358
-1.5898476,42.8438146
-1.5898702,42.8437971
-1.5898953,42.8437627
-1.5899168,42.8437034
-1.5899300,42.8436387
-1.5899464,42.8435433
-1.5899544,42.8434452
-1.5899820,42.8433713
-1.5899858,42.8433396
-1.5899869,42.8429724
-1.5899922,42.8429408
-1.5900970,42.8427164
-1.5901413,42.8425980
-1.5901430,42.8425554
-1.5901610,42.8425110
-1.5902145,42.8424296
-1.5902213,42.8423969
-1.5902377,42.8423651
-1.5903669,42.8422350
-1.5903902,42.8422086
-1.5903977,42.8421831
-1.5904657,42.8420914
-1.5905320,42.8420258
-1.5905910,42.8419585
-1.5906169,42.8419189
-1.5906428,42.8418749
-1.5906997,42.8418154
-1.5908604,42.8416089
-1.5909609,42.8414824
-1.5909968,42.8414468
-1.5910203,42.8414277
-1.5910630,42.8413927
-1.5910963,42.8413561
-1.5911064,42.8413405
-1.5911152,42.8413124
-1.5911227,42.8412908
-1.5911288,42.8412627
-1.5911658,42.8412125
-1.5912318,42.8411602
-1.5913316,42.8410923
-1.5913719,42.8410788
-1.5914181,42.8410669
-1.5914557,42.8410498
-1.5914662,42.8410420
-1.5914980,42.8410185
-1.5915407,42.8409963
-1.5915809,42.8409803
-1.5916454,42.8409757
-1.5917698,42.8409552
-1.5920418,42.8408791
-1.5920751,42.8408670
-1.5921011,42.8408460
-1.5921121,42.8408164
-1.5921174,42.8407939
-1.5921227,42.8406492
-1.5920873,42.8404061
-1.5920986,42.8400677
-1.5921087,42.8399428
-1.5921319,42.8398618
-1.5921755,42.8397917
-1.5921201,42.8396896
-1.5920306,42.8394946
-1.5918692,42.8392280
-1.5917849,42.8391071
-1.5917180,42.8390013
-1.5917112,42.8389629
-1.5917243,42.8389249
-1.5917496,42.8388994
-1.5917796,42.8388840
-1.5920620,42.8388275
-1.5922143,42.8388015
-1.5924308,42.8387467
-1.5927835,42.8386282
-1.5930110,42.8385658
-1.5933303,42.8385012
-1.5935258,42.8384759
-1.5935708,42.8384684
-1.5936655,42.8384525
-1.5938806,42.8383958
-1.5942293,42.8383548
-1.5946448,42.8383327
-1.5948927,42.8383314
-1.5950427,42.8383493
-1.5951621,42.8383576
-1.5957961,42.8383232
-1.5959989,42.8383122
-1.5962876,42.8383005
-1.5964296,42.8383066
-1.5966577,42.8383299
-1.5969103,42.8383605
-1.5972919,42.8383909
-1.5975710,42.8383982
-1.5977567,42.8383895
-1.5979791,42.8383821
-1.5984101,42.8383699
-1.5985091,42.8383595
-1.5988076,42.8382902
-1.5993655,42.8382011
-1.5998171,42.8381002
-1.6001503,42.8380161
-1.6004659,42.8379128
-1.6009847,42.8376997
-1.6011272,42.8376365
-1.6019085,42.8372898
-1.6021010,42.8371741
-1.6021577,42.8371430
-1.6021956,42.8371222
-1.6024328,42.8370173
-1.6028207,42.8368282
-1.6031032,42.8365936
-1.6031897,42.8364789
-1.6032426,42.8363914
-1.6033504,42.8362132
-1.6034166,42.8361140
-1.6034470,42.8361120
-1.6034949,42.8361113
-1.6035908,42.8361101
-1.6036608,42.8361118
-1.6037839,42.8361256
-1.6041499,42.8361808
-1.6042724,42.8361770
-1.6042755,42.8361301
-1.6042843,42.8360277
-1.6043077,42.8359832
-1.6043779,42.8359534
-1.6044101,42.8358923
-1.6044649,42.8357676
-1.6044851,42.8357216
-1.6046366,42.8354765
-1.6047411,42.8353201
-1.6048246,42.8352034
-1.6050754,42.8348415
-1.6052583,42.8346050
-1.6054479,42.8343964
-1.6057331,42.8341225
-1.6057693,42.8340870
-1.6062262,42.8336237
-1.6064140,42.8334336
-1.6067193,42.8331392
-1.6070386,42.8327679
-1.6073928,42.8323423
-1.6075204,42.8322159
-1.6075856,42.8321514
-1.6081084,42.8316069
-1.6082651,42.8314437
-1.6083400,42.8313718
-1.6087118,42.8310150
-1.6087522,42.8309763
-1.6088091,42.8309307
-1.6089468,42.8308330
-1.6091798,42.8306714
-1.6094728,42.8304684
-1.6095959,42.8303760
-1.6096528,42.8303805
-1.6097306,42.8303290
-1.6103013,42.8299244
-1.6103546,42.8298859
-1.6104094,42.8298741
-1.6104545,42.8298723
-1.6104938,42.8298815
-1.6105350,42.8298831
-1.6105754,42.8298771
-1.6106119,42.8298642
-1.6106430,42.8298450
-1.6106667,42.8298209
-1.6106828,42.8297890
-1.6106861,42.8297552
-1.6106764,42.8297220
-1.6106879,42.8296629
-1.6107401,42.8296186
-1.6115459,42.8290728
-1.6115854,42.8290451
-1.6119412,42.8287991
-1.6121170,42.8286767
-1.6126757,42.8282910
-1.6128552,42.8282215
-1.6129168,42.8282157
-1.6129682,42.8281901
-1.6129981,42.8281502
-1.6130000,42.8281046
-1.6130786,42.8280194
-1.6137545,42.8275572
-1.6144252,42.8270986
-1.6146697,42.8269306
-1.6159417,42.8260566
-1.6160563,42.8259803
-1.6162821,42.8258303
-1.6165794,42.8256074
-1.6166945,42.8255208
-1.6167738,42.8254590
-1.6170229,42.8252639
-1.6171191,42.8251799
-1.6176000,42.8247620
-1.6177209,42.8246542
-1.6178235,42.8245674
-1.6181297,42.8243086
-1.6182541,42.8242033
-1.6183270,42.8241416
-1.6184068,42.8240725
-1.6188230,42.8237049
-1.6192039,42.8233696
-1.6192887,42.8232949
-1.6193342,42.8233023
-1.6193802,42.8232966
-1.6194198,42.8232785
-1.6194539,42.8232371
-1.6194535,42.8231888
-1.6195827,42.8232061
-1.6198996,42.8232026
-1.6204085,42.8231985
-1.6205125,42.8232029
-1.6211033,42.8232897
-1.6211805,42.8232289
-1.6213296,42.8231027
-1.6213228,42.8230438
-1.6214977,42.8229533
-1.6216438,42.8228888
-1.6217101,42.8228537
-1.6217910,42.8229382
-1.6218487,42.8230072
-1.6219284,42.8230948
-1.6220467,42.8232536
-1.6221087,42.8232984
-1.6222012,42.8233036
-1.6222508,42.8232982
-1.6223435,42.8232793
-1.6226993,42.8232044
-1.6227180,42.8231972
-1.6230466,42.8231294
-1.6233469,42.8230705
-1.6238949,42.8229504
-1.6242954,42.8227908
-1.6249831,42.8225202
-1.6252549,42.8224390
-1.6256876,42.8222938
-1.6259325,42.8222224
-1.6267088,42.8220168
-1.6267421,42.8220498
-1.6272602,42.8218995
-1.6274374,42.8218481
-1.6274429,42.8218465
-1.6280128,42.8216864
-1.6281231,42.8216574
-1.6289457,42.8214339
-1.6292751,42.8213400
-1.6298038,42.8211997
-1.6298543,42.8211863
-1.6302286,42.8212520
-1.6302952,42.8212608
-1.6305637,42.8212961
-1.6306254,42.8213042
-1.6309054,42.8213255
-1.6313276,42.8213620
-1.6320405,42.8213979
-1.6325376,42.8214249
-1.6332096,42.8214613
-1.6332846,42.8214662
-1.6334159,42.8214747
-1.6341532,42.8215227
-1.6342403,42.8215630
-1.6343139,42.8215161
-1.6346531,42.8214359
-1.6348429,42.8213737
-1.6350652,42.8212901
-1.6353776,42.8211868
-1.6362637,42.8209445
-1.6364258,42.8209074
-1.6371020,42.8207779
-1.6373243,42.8207341
-1.6373792,42.8207233
-1.6374360,42.8207161
-1.6375278,42.8208808
-1.6376589,42.8211651
-1.6377393,42.8211249
-1.6383839,42.8208641
-1.6385408,42.8207900
-1.6386349,42.8207819
-1.6388415,42.8207803
-1.6390127,42.8207807
-1.6390896,42.8207910
-1.6391082,42.8208055
-1.6391265,42.8208135
-1.6391978,42.8208400
-1.6392357,42.8208632
-1.6392798,42.8208732
-1.6393081,42.8208713
-1.6393825,42.8208551
-1.6394285,42.8208451
-1.6394836,42.8208336
-1.6395165,42.8209155
-1.6395518,42.8210138
-1.6398533,42.8211027
-1.6399831,42.8211569
-1.6400784,42.8212439
-1.6401414,42.8213745
-1.6401917,42.8215423
-1.6402425,42.8217179
-1.6402798,42.8217793
-1.6402904,42.8218018
-1.6403239,42.8218322
-1.6403849,42.8218708
-1.6404917,42.8218965
-1.6406502,42.8218861
-1.6409722,42.8217866
-1.6414014,42.8216675
-1.6418041,42.8215482
-1.6419056,42.8214963
-1.6419879,42.8214328
-1.6420552,42.8214153
-1.6420971,42.8214002
-1.6422092,42.8213757
-1.6422096,42.8212955
-1.6422125,42.8212283
-1.6422634,42.8211835
-1.6423473,42.8211594
-1.6425014,42.8211381
-1.6425899,42.8211265
-1.6426081,42.8211241
-1.6428008,42.8210989
-1.6432330,42.8210512
-1.6432723,42.8210253
-1.6432727,42.8209713
-1.6433045,42.8208600
-1.6432906,42.8207422
-1.6432301,42.8205558
-1.6431382,42.8203168
-1.6431096,42.8199325
-1.6430874,42.8195659
-1.6430319,42.8194077
-1.6430259,42.8193951
-1.6429722,42.8192823
-1.6429209,42.8191560
-1.6428899,42.8190796
-1.6427932,42.8188664
-1.6427499,42.8188329
-1.6426766,42.8188102
-1.6427140,42.8187680
-1.6429167,42.8185564
-1.6430112,42.8184896
-1.6434623,42.8183711
-1.6435458,42.8183524
-1.6438460,42.8182633
-1.6440304,42.8182536
-1.6442100,42.8181343
-1.6442447,42.8181118
-1.6443051,42.8181583
-1.6445390,42.8182760
-1.6445920,42.8182870
-1.6446858,42.8182890
-1.6447737,42.8182833
-1.6449385,42.8182889
-1.6450255,42.8183030
-1.6451108,42.8183250
-1.6470224,42.8177404
-1.6480648,42.8174245
-1.6488141,42.8171708
-1.6490458,42.8170847
-1.6490832,42.8170685
-1.6492302,42.8169991
-1.6494128,42.8169098
-1.6494402,42.8169347
-1.6494815,42.8169114
-1.6495037,42.8168974
-1.6495271,42.8168833
-1.6495645,42.8168545
-1.6496093,42.8168164
-1.6496310,42.8167972
-1.6502317,42.8163881
-1.6510890,42.8157735
-1.6511053,42.8157618
-1.6512019,42.8156926
-1.6514703,42.8155907
-1.6518123,42.8153534
-1.6517859,42.8153257
-1.6517306,42.8152840
-1.6516462,42.8152198
-1.6516290,42.8152067
-1.6515354,42.8151355
-1.6519699,42.8148309
-1.6522443,42.8146386
-1.6522700,42.8146038
-1.6522818,42.8145719
-1.6522879,42.8145432
-1.6522771,42.8145087
-1.6522712,42.8144949
-1.6522536,42.8144543
-1.6522776,42.8144085
-1.6523498,42.8142822
-1.6523777,42.8142331
-1.6524616,42.8142573
-1.6524718,42.8142263
-1.6524858,42.8141844
-1.6525289,42.8140551
-1.6525597,42.8139432
-1.6526184,42.8138035
-1.6529450,42.8129980
-1.6532262,42.8123319
-1.6532259,42.8122270
-1.6528342,42.8110519
-1.6527716,42.8108642
-1.6526584,42.8105321
-1.6526277,42.8104882
-1.6525801,42.8104529
-1.6518846,42.8100968
-1.6521442,42.8098475
-1.6522427,42.8097664
-1.6523485,42.8096794
-1.6524670,42.8095682
-1.6525157,42.8095297
-1.6525543,42.8094986
-1.6525898,42.8094732
-1.6528905,42.8096106
-1.6529120,42.8096165
-1.6529352,42.8096053
-1.6531932,42.8091756
-1.6531936,42.8091536
-1.6530289,42.8091003
-1.6530743,42.8090300
-1.6531500,42.8089127
-1.6532030,42.8088307
-1.6533405,42.8088654
-1.6533914,42.8088427
-1.6537086,42.8086538
-1.6540323,42.8084543
-1.6541559,42.8083774
-1.6542900,42.8082888
-1.6543235,42.8082390
-1.6543826,42.8081757
-1.6544709,42.8080812
-1.6545575,42.8081176
-1.6545796,42.8081247
-1.6545994,42.8081251
-1.6546112,42.8081206
-1.6549748,42.8078881
-1.6550329,42.8078574
-1.6550678,42.8078317
-1.6552240,42.8077409
-1.6557675,42.8074227
-1.6558143,42.8073948
-1.6559870,42.8072912
-1.6562764,42.8071204
-1.6563236,42.8070947
-1.6563906,42.8070557
-1.6565546,42.8069607
-1.6568070,42.8068145
-1.6568233,42.8067618
-1.6568001,42.8066992
-1.6568634,42.8066396
-1.6569380,42.8065667
-1.6569951,42.8065135
-1.6571062,42.8065712
-1.6571484,42.8065823
-1.6571888,42.8065833
-1.6572398,42.8065681
-1.6573321,42.8065283
-1.6574506,42.8064779
-1.6575680,42.8064242
-1.6577000,42.8063637
-1.6578868,42.8062768
-1.6579290,42.8062561
-1.6579391,42.8062359
-1.6579272,42.8062172
-1.6580062,42.8061470
-1.6580867,42.8060741
-1.6581197,42.8060905
-1.6581510,42.8061085
-1.6581839,42.8061178
-1.6582646,42.8060778
-1.6584957,42.8059211
-1.6588712,42.8056549
-1.6594498,42.8052270
-1.6594898,42.8051947
-1.6595880,42.8051256
-1.6599213,42.8048511
-1.6599994,42.8047545
-1.6600259,42.8046936
-1.6600634,42.8046070
-1.6600889,42.8045539
-1.6601238,42.8044998
-1.6602083,42.8044014
-1.6602629,42.8043995
-1.6603309,42.8043970
-1.6604088,42.8043910
-1.6604651,42.8043714
-1.6605053,42.8043369
-1.6605608,42.8042716
-1.6608198,42.8039188
-1.6609318,42.8037800
-1.6610464,42.8036487
-1.6613153,42.8033397
-1.6616064,42.8030180
-1.6619229,42.8026878
-1.6621031,42.8025214
-1.6625407,42.8021948
-1.6626605,42.8021076
-1.6626887,42.8020885
-1.6629663,42.8018975
-1.6631445,42.8016821
-1.6631999,42.8016262
-1.6631929,42.8016010
-1.6631685,42.8015791
-1.6632178,42.8015307
-1.6632707,42.8014811
-1.6633593,42.8014905
-1.6634087,42.8014931
-1.6634439,42.8014769
-1.6634541,42.8014582
-1.6635205,42.8014604
-1.6635732,42.8014631
-1.6635645,42.8014859
-1.6635712,42.8015097
-1.6635859,42.8015214
-1.6636379,42.8015394
-1.6636943,42.8015423
-1.6639707,42.8014694
-1.6642778,42.8013990
-1.6645878,42.8013290
-1.6648570,42.8012764
-1.6649274,42.8012610
-1.6650973,42.8012377
-1.6651158,42.8011617
-1.6651220,42.8011363
-1.6651814,42.8009208
-1.6651991,42.8008633
-1.6652163,42.8008351
-1.6652509,42.8008181
-1.6652953,42.8008192
-1.6653954,42.8008338
-1.6654111,42.8007986
-1.6654304,42.8007576
-1.6654104,42.8007304
-1.6654051,42.8007028
-1.6654039,42.8005953
-1.6654125,42.8005377
-1.6654786,42.8004080
-1.6655586,42.8002729
-1.6656429,42.8001598
-1.6658043,42.7999617
-1.6659020,42.7998361
-1.6659230,42.7997877
-1.6659256,42.7997608
-1.6659187,42.7997350
-1.6658939,42.7996847
-1.6658928,42.7996660
-1.6664988,42.7985780
-1.6666042,42.7984291
-1.6669471,42.7980376
-1.6672006,42.7977910
-1.6672264,42.7977807
-1.6673615,42.7977210
-1.6675564,42.7976227
-1.6677273,42.7975269
-1.6678865,42.7974220
-1.6682653,42.7971575
-1.6682922,42.7971380
-1.6683085,42.7971147
-1.6683171,42.7970880
-1.6683717,42.7970654
-1.6684554,42.7970181
-1.6687527,42.7966718
-1.6690395,42.7962769
-1.6691895,42.7960924
-1.6695631,42.7958477
-1.6698266,42.7957111
-1.6700410,42.7956325
-1.6702591,42.7955789
-1.6706777,42.7954694
-1.6710390,42.7953512
-1.6712387,42.7952682
-1.6714795,42.7951451
-1.6716525,42.7950385
-1.6717485,42.7949740
-1.6718511,42.7948937
-1.6719188,42.7948365
-1.6722378,42.7945531
-1.6723596,42.7944610
-1.6725669,42.7943259
-1.6727581,42.7941497
-1.6728070,42.7941073
-1.6728406,42.7940782
-1.6729449,42.7940262
-1.6730400,42.7940158
-1.6731374,42.7940243
-1.6731591,42.7940029
-1.6731799,42.7939823
-1.6732094,42.7939546
-1.6731745,42.7939183
-1.6731515,42.7938835
-1.6731321,42.7938298
-1.6731229,42.7937863
-1.6731249,42.7937217
-1.6731568,42.7936456
-1.6733126,42.7934069
-1.6735915,42.7927789
-1.6738599,42.7922043
-1.6740236,42.7919245
-1.6742126,42.7916535
-1.6743630,42.7914496
-1.6744019,42.7913969
-1.6745747,42.7911367
-1.6747455,42.7908275
-1.6748067,42.7906984
-1.6749734,42.7902882
-1.6750480,42.7900111
-1.6750891,42.7897988
-1.6751431,42.7893130
-1.6751570,42.7889680
-1.6751642,42.7886478
-1.6751800,42.7885904
-1.6751977,42.7885415
-1.6752222,42.7884990
-1.6752438,42.7884606
-1.6752790,42.7884136
-1.6753215,42.7883674
-1.6754630,42.7882443
-1.6756934,42.7881050
-1.6759138,42.7879717
-1.6759530,42.7879465
-1.6759850,42.7879338
-1.6760301,42.7879318
-1.6760753,42.7879361
-1.6761223,42.7879536
-1.6761526,42.7879833
-1.6761860,42.7880332
-1.6761916,42.7880422
-1.6762469,42.7881480
-1.6763049,42.7881371
-1.6763578,42.7881219
-1.6763252,42.7880524
-1.6763137,42.7880215
-1.6763026,42.7879820
-1.6763107,42.7879073
-1.6763423,42.7877225
-1.6765047,42.7874358
-1.6765365,42.7873812
-1.6770615,42.7865889
-1.6771076,42.7865842
-1.6771464,42.7865396
-1.6771658,42.7865183
-1.6772002,42.7864627
-1.6772185,42.7864330
-1.6771606,42.7864154
-1.6771459,42.7863962
-1.6771458,42.7863340
-1.6771452,42.7863144
-1.6773757,42.7862339
-1.6776703,42.7861485
-1.6781088,42.7860216
-1.6781185,42.7860398
-1.6781197,42.7860588
-1.6780985,42.7861004
-1.6781238,42.7861111
-1.6781703,42.7861286
-1.6782459,42.7860071
-1.6782930,42.7859779
-1.6783325,42.7859645
-1.6783836,42.7859596
-1.6784207,42.7859635
-1.6784969,42.7859906
-1.6785128,42.7859644
-1.6785280,42.7859394
-1.6784914,42.7859266
-1.6784801,42.7859149
-1.6784763,42.7858998
-1.6784913,42.7858741
-1.6787656,42.7856043
-1.6787854,42.7855841
-1.6788099,42.7855735
-1.6788281,42.7855736
-1.6788619,42.7855413
-1.6789121,42.7854934
-1.6790122,42.7853902
-1.6790267,42.7853763
-1.6790566,42.7853477
-1.6790815,42.7853223
-1.6794404,42.7849695
-1.6798119,42.7845940
-1.6798205,42.7845854
-1.6798824,42.7846071
-1.6799182,42.7845753
-1.6799452,42.7845468
-1.6799266,42.7845279
-1.6799479,42.7844766
-1.6800026,42.7844363
-1.6800567,42.7843976
-1.6801350,42.7843402
-1.6802591,42.7842402
-1.6803227,42.7841736
-1.6804093,42.7840657
-1.6805485,42.7838859
-1.6806749,42.7836870
-1.6807874,42.7835277
-1.6809691,42.7833193
-1.6811885,42.7830406
-1.6813216,42.7828831
-1.6814512,42.7827426
-1.6815761,42.7826397
-1.6816914,42.7825708
-1.6818084,42.7824978
-1.6819715,42.7824085
-1.6820911,42.7823326
-1.6822568,42.7822056
-1.6824030,42.7820921
-1.6824957,42.7820126
-1.6825802,42.7819338
-1.6826015,42.7818889
-1.6826231,42.7818889
-1.6826911,42.7818876
-1.6827601,42.7818711
-1.6828354,42.7818431
-1.6830032,42.7817735
-1.6831150,42.7817099
-1.6835330,42.7815117
-1.6854186,42.7804036
-1.6859338,42.7801008
-1.6859293,42.7800406
-1.6859555,42.7799971
-1.6859937,42.7799747
-1.6861394,42.7798546
-1.6862076,42.7798021
-1.6866684,42.7794713
-1.6871898,42.7790685
-1.6875371,42.7788075
-1.6878047,42.7786189
-1.6880903,42.7783896
-1.6882178,42.7782657
-1.6883252,42.7781614
-1.6883889,42.7781049
-1.6884406,42.7780665
-1.6885126,42.7780261
-1.6885833,42.7780019
-1.6886446,42.7779878
-1.6887002,42.7779819
-1.6887539,42.7779832
-1.6888041,42.7779890
-1.6889355,42.7780106
-1.6895100,42.7780941
-1.6896372,42.7781076
-1.6897741,42.7781193
-1.6898069,42.7781111
-1.6899656,42.7778441
-1.6901389,42.7775123
-1.6904742,42.7768543
-1.6906231,42.7765416
-1.6908043,42.7761985
-1.6909627,42.7758873
-1.6911098,42.7755576
-1.6911221,42.7755126
-1.6911453,42.7754711
-1.6911892,42.7754254
-1.6912376,42.7753912
-1.6912930,42.7753491
-1.6913331,42.7753061
-1.6914190,42.7752116
-1.6914567,42.7751405
-1.6914968,42.7750897
-1.6915788,42.7750063
-1.6916500,42.7749441
-1.6917318,42.7748807
-1.6920944,42.7746062
-1.6923794,42.7743218
-1.6924914,42.7742500
-1.6927230,42.7740931
-1.6931015,42.7737823
-1.6932533,42.7736651
-1.6934331,42.7735449
-1.6935357,42.7734670
-1.6937106,42.7733176
-1.6937482,42.7732802
-1.6937815,42.7732626
-1.6938364,42.7732113
-1.6939665,42.7730307
-1.6941452,42.7727671
-1.6941809,42.7727341
-1.6942207,42.7727191
-1.6942846,42.7727191
-1.6943327,42.7727207
-1.6943754,42.7727061
-1.6949966,42.7722532
-1.6952254,42.7720958
-1.6953331,42.7720344
-1.6957822,42.7718228
-1.6961922,42.7716473
-1.6966018,42.7714524
-1.6968103,42.7713837
-1.6969637,42.7713595
-1.6972411,42.7713293
-1.6974885,42.7713030
-1.6977127,42.7712551
-1.6980111,42.7711450
-1.6982809,42.7710107
-1.6984664,42.7708902
-1.6986787,42.7707517
-1.6991690,42.7704276
-1.6993458,42.7702974
-1.7004078,42.7692305
-1.7005547,42.7690801
-1.7006853,42.7689205
-1.7009150,42.7685567
-1.7011946,42.7680605
-1.7012900,42.7678966
-1.7015549,42.7674669
-1.7016809,42.7673284
-1.7018029,42.7672161
-1.7021406,42.7669599
-1.7024873,42.7667201
-1.7028439,42.7665018
-1.7030226,42.7664012
-1.7031990,42.7663155
-1.7035608,42.7661378
-1.7037584,42.7660490
-1.7039620,42.7659666
-1.7041483,42.7658704
-1.7043196,42.7657835
-1.7046871,42.7655636
-1.7049280,42.7654230
-1.7050779,42.7653474
-1.7052220,42.7652831
-1.7053708,42.7652391
-1.7055662,42.7651985
-1.7061283,42.7650706
-1.7064938,42.7649870
-1.7069752,42.7648794
-1.7070858,42.7648510
-1.7072051,42.7648057
-1.7073119,42.7647488
-1.7075202,42.7646345
-1.7076068,42.7645844
-1.7077247,42.7645283
-1.7078778,42.7644615
-1.7079837,42.7643940
-1.7080575,42.7643510
-1.7081035,42.7643050
-1.7081969,42.7642111
-1.7085344,42.7638492
-1.7087173,42.7636775
-1.7088388,42.7635602
-1.7089272,42.7634717
-1.7090431,42.7633418
-1.7091313,42.7632485
-1.7092124,42.7631666
-1.7093234,42.7631206
-1.7093957,42.7631028
-1.7096607,42.7630624
-1.7097588,42.7630536
-1.7099358,42.7630229
-1.7100756,42.7629956
-1.7101412,42.7629586
-1.7102046,42.7629100
-1.7102592,42.7628374
-1.7103651,42.7627013
-1.7104397,42.7626357
-1.7105761,42.7625630
-1.7106879,42.7625177
-1.7107825,42.7624746
-1.7108592,42.7624100
-1.7109379,42.7623363
-1.7110548,42.7622180
-1.7112232,42.7620727
-1.7113078,42.7619847
-1.7114943,42.7618868
-1.7116440,42.7617987
-1.7117782,42.7617372
-1.7118770,42.7617044
-1.7120297,42.7616519
-1.7122326,42.7615664
-1.7123507,42.7614990
-1.7124030,42.7614573
-1.7124794,42.7613857
-1.7125766,42.7612403
-1.7126786,42.7611093
-1.7127519,42.7610340
-1.7128503,42.7609317
-1.7129120,42.7608535
-1.7129715,42.7607506
-1.7130736,42.7605283
-1.7132005,42.7602515
-1.7132864,42.7600453
-1.7134852,42.7597052
-1.7136060,42.7594925
-1.7137127,42.7592868
-1.7140929,42.7585143
-1.7142420,42.7582665
-1.7144154,42.7579338
-1.7146000,42.7575962
-1.7147240,42.7573610
-1.7148472,42.7571714
-1.7149720,42.7569709
-1.7151155,42.7567689
-1.7152365,42.7566517
-1.7153460,42.7564925
-1.7155284,42.7562696
-1.7156699,42.7560957
-1.7157634,42.7559946
-1.7160754,42.7555607
-1.7164459,42.7551606
-1.7169805,42.7545736
-1.7173904,42.7541147
-1.7174750,42.7540320
-1.7175127,42.7539841
-1.7175493,42.7539303
-1.7176030,42.7538299
-1.7176441,42.7537599
-1.7176988,42.7536982
-1.7177555,42.7536520
-1.7178438,42.7535771
-1.7180140,42.7534093
-1.7180982,42.7533042
-1.7181799,42.7531553
-1.7182133,42.7530393
-1.7182547,42.7529106
-1.7183238,42.7527082
-1.7184222,42.7524940
-1.7184924,42.7523776
-1.7185455,42.7523047
-1.7186811,42.7521978
-1.7190328,42.7519521
-1.7191456,42.7518550
-1.7192673,42.7517414
-1.7194304,42.7515706
-1.7196000,42.7513905
-1.7196627,42.7513113
-1.7197150,42.7511992
-1.7197576,42.7510906
-1.7197791,42.7510298
-1.7198031,42.7509191
-1.7198081,42.7507134
-1.7198253,42.7506522
-1.7198756,42.7505560
-1.7198913,42.7505081
-1.7198905,42.7504422
-1.7198533,42.7503594
-1.7198085,42.7503154
-1.7197662,42.7502246
-1.7197476,42.7501309
-1.7197580,42.7500632
-1.7197839,42.7499825
-1.7198475,42.7498945
-1.7199235,42.7498295
-1.7202367,42.7496484
-1.7206149,42.7494488
-1.7215659,42.7489160
-1.7218496,42.7487661
-1.7220075,42.7486729
-1.7222321,42.7485462
-1.7224234,42.7484402
-1.7225827,42.7483584
-1.7226702,42.7483151
-1.7227331,42.7482746
-1.7228419,42.7481507
-1.7229143,42.7480817
-1.7229974,42.7480049
-1.7230591,42.7479537
-1.7231075,42.7478874
-1.7231745,42.7477731
-1.7232465,42.7476392
-1.7232642,42.7475937
-1.7233154,42.7474591
-1.7233542,42.7473352
-1.7233838,42.7471715
-1.7234175,42.7469508
-1.7234462,42.7466517
-1.7234682,42.7464558
-1.7234807,42.7463705
-1.7235049,42.7462945
-1.7235473,42.7462282
-1.7237300,42.7460403
-1.7238412,42.7459251
-1.7239234,42.7458432
-1.7240213,42.7457696
-1.7241545,42.7456492
-1.7241856,42.7456196
-1.7242473,42.7455546
-1.7243278,42.7454640
-1.7243875,42.7453980
-1.7244453,42.7453524
-1.7245075,42.7453143
-1.7245647,42.7452639
-1.7246282,42.7452138
-1.7246724,42.7451556
-1.7247167,42.7450838
-1.7247395,42.7450270
-1.7247749,42.7449477
-1.7248240,42.7448790
-1.7249127,42.7447512
-1.7250946,42.7445319
-1.7252022,42.7443845
-1.7253921,42.7441262
-1.7256937,42.7437022
-1.7258764,42.7434689
-1.7259666,42.7433642
-1.7260093,42.7433154
-1.7260525,42.7432874
-1.7261216,42.7432575
-1.7261946,42.7432342
-1.7262597,42.7432159
-1.7264252,42.7431833
-1.7264742,42.7431664
-1.7265278,42.7431464
-1.7265773,42.7431307
-1.7266746,42.7431134
-1.7267589,42.7431069
-1.7268658,42.7431046
-1.7269919,42.7430976
-1.7271302,42.7430870
-1.7273137,42.7430518
-1.7274139,42.7430359
-1.7275305,42.7430181
-1.7276623,42.7430129
-1.7277625,42.7430264
-1.7278562,42.7430594
-1.7279840,42.7431026
-1.7280488,42.7431122
-1.7281113,42.7431136
-1.7282176,42.7431048
-1.7282893,42.7430784
-1.7283322,42.7430499
-1.7283463,42.7430254
-1.7283549,42.7429999
-1.7283676,42.7429390
-1.7283823,42.7428664
-1.7283905,42.7428366
-1.7283961,42.7428033
-1.7283974,42.7427669
-1.7283932,42.7427031
-1.7283699,42.7426414
-1.7283266,42.7425779
-1.7280987,42.7423744
-1.7280727,42.7423258
-1.7280667,42.7422762
-1.7280782,42.7422567
-1.7281016,42.7422173
-1.7281797,42.7421169
-1.7281948,42.7420160
-1.7282394,42.7420070
-1.7283776,42.7419588
-1.7284330,42.7419381
-1.7284950,42.7418915
-1.7285503,42.7418302
-1.7286079,42.7417598
-1.7286501,42.7417110
-1.7286925,42.7416667
-1.7287288,42.7416071
-1.7287878,42.7415489
-1.7288521,42.7414965
-1.7289177,42.7414481
-1.7289620,42.7414228
-1.7290197,42.7414035
-1.7290573,42.7413851
-1.7291088,42.7413579
-1.7291562,42.7413504
-1.7292137,42.7413287
-1.7292611,42.7412947
-1.7293145,42.7412203
-1.7293879,42.7410869
-1.7295028,42.7408622
-1.7295650,42.7407521
-1.7295840,42.7407191
-1.7295990,42.7406802
-1.7296177,42.7406537
-1.7296431,42.7406495
-1.7297121,42.7406381
-1.7297565,42.7406400
-1.7298168,42.7406244
-1.7298505,42.7405965
-1.7299070,42.7405849
-1.7299544,42.7405752
-1.7300114,42.7405453
-1.7300616,42.7405335
-1.7301509,42.7405276
-1.7302230,42.7405124
-1.7302477,42.7405010
-1.7302555,42.7404915
-1.7304003,42.7404941
-1.7305235,42.7404744
-1.7306392,42.7404631
-1.7307731,42.7404637
-1.7308460,42.7404614
-1.7309347,42.7404398
-1.7309898,42.7404234
-1.7310764,42.7403725
-1.7312023,42.7402952
-1.7312618,42.7402559
-1.7313162,42.7402397
-1.7313534,42.7402160
-1.7313949,42.7401578
-1.7314426,42.7401171
-1.7314834,42.7400930
-1.7315767,42.7400267
-1.7316298,42.7400007
-1.7316818,42.7399866
-1.7317258,42.7399685
-1.7317902,42.7399311
-1.7318264,42.7398954
-1.7318679,42.7398312
-1.7319203,42.7397418
-1.7319736,42.7396915
-1.7320948,42.7396294
-1.7322426,42.7395810
-1.7324259,42.7395384
-1.7325596,42.7394946
-1.7327399,42.7394471
-1.7328694,42.7393965
-1.7329484,42.7393653
-1.7330854,42.7393077
-1.7331839,42.7392490
-1.7333063,42.7391641
-1.7334476,42.7390729
-1.7335890,42.7389611
-1.7336695,42.7388940
-1.7337349,42.7388492
-1.7338402,42.7387884
-1.7339420,42.7387437
-1.7339900,42.7387307
-1.7340769,42.7387083
-1.7341526,42.7386776
-1.7342618,42.7386147
-1.7344279,42.7385454
-1.7345865,42.7384614
-1.7347443,42.7383973
-1.7349911,42.7383221
-1.7351230,42.7382798
-1.7352240,42.7382353
-1.7353694,42.7381522
-1.7354293,42.7381158
-1.7354977,42.7380882
-1.7356632,42.7380363
-1.7357193,42.7380214
-1.7357737,42.7380103
-1.7360529,42.7379753
-1.7361654,42.7379489
-1.7362277,42.7379301
-1.7362828,42.7379021
-1.7363324,42.7378756
-1.7363873,42.7378550
-1.7365962,42.7378153
-1.7369299,42.7377348
-1.7371271,42.7376814
-1.7372071,42.7376652
-1.7372843,42.7376501
-1.7374144,42.7376126
-1.7376623,42.7375149
-1.7378475,42.7374505
-1.7379632,42.7374168
-1.7380958,42.7373930
-1.7382668,42.7373587
-1.7384483,42.7373148
-1.7386530,42.7372722
-1.7386964,42.7372589
-1.7388009,42.7372179
-1.7389744,42.7371419
-1.7391087,42.7370753
-1.7392105,42.7370119
-1.7393065,42.7369487
-1.7393773,42.7368832
-1.7394722,42.7367751
-1.7395726,42.7366824
-1.7396555,42.7366018
-1.7397574,42.7365275
-1.7398695,42.7364359
-1.7399178,42.7364075
-1.7403055,42.7362808
-1.7406108,42.7361882
-1.7408971,42.7360974
-1.7410746,42.7360543
-1.7412860,42.7360017
-1.7415151,42.7359573
-1.7416257,42.7359289
-1.7417785,42.7359124
-1.7419762,42.7358848
-1.7421837,42.7358692
-1.7423147,42.7358548
-1.7424456,42.7358444
-1.7425541,42.7358404
-1.7426435,42.7358201
-1.7427091,42.7357888
-1.7427486,42.7357669
-1.7427945,42.7357298
-1.7428404,42.7356775
-1.7428655,42.7356224
-1.7428649,42.7355811
-1.7428580,42.7355282
-1.7428509,42.7354701
-1.7428404,42.7354312
-1.7428646,42.7353997
-1.7429450,42.7353671
-1.7431336,42.7352764
-1.7431771,42.7352497
-1.7432530,42.7352314
-1.7434985,42.7351552
-1.7437272,42.7351234
-1.7438276,42.7350961
-1.7439016,42.7350585
-1.7439376,42.7350489
-1.7440813,42.7350465
-1.7442667,42.7350300
-1.7443749,42.7350299
-1.7444904,42.7350329
-1.7445795,42.7350323
-1.7446744,42.7350444
-1.7447960,42.7350504
-1.7449272,42.7350451
-1.7450291,42.7350250
-1.7453349,42.7349663
-1.7454380,42.7349455
-1.7457092,42.7349166
-1.7457940,42.7349076
-1.7459172,42.7348503
-1.7460552,42.7348132
-1.7461455,42.7347849
-1.7462871,42.7347555
-1.7464504,42.7346834
-1.7465828,42.7346267
-1.7467350,42.7345723
-1.7468771,42.7345132
-1.7469462,42.7344789
-1.7470300,42.7344147
-1.7471029,42.7343327
-1.7471722,42.7342905
-1.7473524,42.7341500
-1.7474492,42.7340687
-1.7474619,42.7340581
-1.7475024,42.7340258
-1.7475769,42.7339253
-1.7476407,42.7338530
-1.7478368,42.7335578
-1.7478412,42.7335542
-1.7479411,42.7334717
-1.7481702,42.7333261
-1.7481950,42.7333014
-1.7482331,42.7332677
-1.7483839,42.7330670
-1.7484491,42.7330233
-1.7485976,42.7329109
-1.7486530,42.7328418
-1.7488034,42.7327295
-1.7488373,42.7326831
-1.7488398,42.7326434
-1.7488715,42.7325654
-1.7489129,42.7324986
-1.7489388,42.7324431
-1.7489557,42.7323887
-1.7489776,42.7322153
-1.7489801,42.7321787
-1.7489934,42.7321276
-1.7489961,42.7321043
-1.7489776,42.7318312
-1.7489800,42.7317215
-1.7489934,42.7316328
-1.7490283,42.7315501
-1.7490477,42.7314760
-1.7490968,42.7313628
-1.7491470,42.7312745
-1.7491677,42.7311915
-1.7491649,42.7311013
-1.7491501,42.7310156
-1.7491356,42.7309334
-1.7491528,42.7308065
-1.7491436,42.7307108
-1.7491208,42.7306621
-1.7490800,42.7305993
-1.7490524,42.7305453
-1.7490515,42.7304762
-1.7490336,42.7304211
-1.7490175,42.7303640
-1.7490163,42.7302987
-1.7490396,42.7302575
-1.7490397,42.7302492
-1.7490401,42.7302213
-1.7490401,42.7301958
-1.7490261,42.7301789
-1.7489746,42.7301394
-1.7489183,42.7300803
-1.7488855,42.7299786
-1.7488519,42.7299044
-1.7488271,42.7298399
-1.7488217,42.7297867
-1.7488298,42.7297335
-1.7488596,42.7296818
-1.7488734,42.7296580
-1.7488771,42.7296349
-1.7488632,42.7295832
-1.7488506,42.7295308
-1.7488514,42.7294822
-1.7488608,42.7294567
-1.7488642,42.7294321
-1.7488542,42.7294072
-1.7488351,42.7293792
-1.7488163,42.7293414
-1.7488137,42.7293178
-1.7488237,42.7292584
-1.7488272,42.7292363
-1.7488191,42.7291976
-1.7487884,42.7291709
-1.7487696,42.7291406
-1.7487665,42.7291114
-1.7487722,42.7290976
-1.7487815,42.7290754
-1.7488137,42.7290479
-1.7489205,42.7288660
-1.7489481,42.7287451
-1.7489692,42.7286524
-1.7489596,42.7285843
-1.7489581,42.7285259
-1.7489632,42.7284745
-1.7489771,42.7284526
-1.7489981,42.7284320
-1.7490243,42.7283873
-1.7491382,42.7280098
-1.7491715,42.7278608
-1.7491866,42.7276981
-1.7492001,42.7276151
-1.7492205,42.7275320
-1.7492671,42.7273694
-1.7493311,42.7272356
-1.7493597,42.7271964
-1.7493712,42.7271595
-1.7493745,42.7270909
-1.7494238,42.7269529
-1.7494597,42.7268219
-1.7495164,42.7267022
-1.7495626,42.7266067
-1.7496040,42.7265264
-1.7496272,42.7264300
-1.7496659,42.7262480
-1.7496850,42.7261156
-1.7496867,42.7259899
-1.7496827,42.7258756
-1.7496780,42.7258180
-1.7496640,42.7257486
-1.7496291,42.7255328
-1.7496160,42.7253194
-1.7495838,42.7251046
-1.7495774,42.7250059
-1.7495494,42.7248940
-1.7495294,42.7247831
-1.7495084,42.7245121
-1.7494761,42.7242066
-1.7494735,42.7240511
-1.7494832,42.7239058
-1.7495255,42.7237690
-1.7495560,42.7236165
-1.7495633,42.7235405
-1.7495598,42.7234773
-1.7496113,42.7233371
-1.7496775,42.7231953
-1.7498216,42.7230037
-1.7501027,42.7226780
-1.7504069,42.7223427
-1.7506855,42.7220700
-1.7509192,42.7218500
-1.7510542,42.7217465
-1.7512805,42.7216107
-1.7516421,42.7213731
-1.7519009,42.7212077
-1.7520431,42.7211072
-1.7522211,42.7209421
-1.7522956,42.7208777
-1.7526240,42.7206184
-1.7527601,42.7204918
-1.7530932,42.7200521
-1.7532698,42.7198380
-1.7533123,42.7197783
-1.7533798,42.7196734
-1.7534871,42.7195708
-1.7535572,42.7192807
-1.7535961,42.7191268
-1.7536315,42.7188504
-1.7536449,42.7187195
-1.7536470,42.7184766
-1.7536510,42.7184047
-1.7536470,42.7183267
-1.7536325,42.7181976
-1.7536110,42.7181130
-1.7536009,42.7180058
-1.7536068,42.7179404
-1.7536887,42.7175567
-1.7537195,42.7174971
-1.7537438,42.7174163
-1.7537530,42.7173457
-1.7537329,42.7172901
-1.7536937,42.7172487
-1.7536149,42.7172022
-1.7535820,42.7171591
-1.7535850,42.7171090
-1.7536309,42.7170261
-1.7537166,42.7168850
-1.7538053,42.7167305
-1.7538729,42.7166030
-1.7539260,42.7165117
-1.7539822,42.7164221
-1.7540252,42.7163630
-1.7541058,42.7162655
-1.7542408,42.7161199
-1.7543679,42.7159802
-1.7544490,42.7158732
-1.7545241,42.7157865
-1.7545885,42.7157156
-1.7546502,42.7156702
-1.7547091,42.7156319
-1.7548591,42.7155701
-1.7549828,42.7155205
-1.7551317,42.7154688
-1.7552485,42.7154282
-1.7553717,42.7153786
-1.7554817,42.7153293
-1.7555648,42.7152800
-1.7556506,42.7152229
-1.7557241,42.7151543
-1.7557767,42.7150928
-1.7558813,42.7149726
-1.7560449,42.7147815
-1.7562508,42.7145334
-1.7564130,42.7143460
-1.7565079,42.7142421
-1.7566092,42.7141126
-1.7567515,42.7139361
-1.7568142,42.7138537
-1.7568735,42.7137802
-1.7569421,42.7136626
-1.7570014,42.7135422
-1.7570856,42.7133330
-1.7572063,42.7130196
-1.7573324,42.7126353
-1.7575319,42.7119829
-1.7577088,42.7116011
-1.7578392,42.7113212
-1.7580085,42.7110176
-1.7581611,42.7107975
-1.7582200,42.7107227
-1.7582359,42.7107008
-1.7582687,42.7106846
-1.7583115,42.7106734
-1.7583489,42.7106729
-1.7583801,42.7106679
-1.7587728,42.7104376
-1.7594800,42.7100208
-1.7595269,42.7099931
-1.7597892,42.7098123
-1.7600801,42.7096148
-1.7605287,42.7093204
-1.7609668,42.7090227
-1.7611220,42.7089157
-1.7612377,42.7088256
-1.7612883,42.7087777
-1.7613358,42.7087255
-1.7613729,42.7086675
-1.7613953,42.7086000
-1.7613825,42.7085359
-1.7613262,42.7083763
-1.7612912,42.7082763
-1.7612538,42.7081728
-1.7611866,42.7081411
-1.7611470,42.7081161
-1.7607375,42.7078316
-1.7607587,42.7077970
-1.7607661,42.7077348
-1.7607817,42.7076391
-1.7607984,42.7074688
-1.7608032,42.7073869
-1.7608009,42.7073125
-1.7608232,42.7071500
-1.7608570,42.7069590
-1.7609028,42.7067647
-1.7609504,42.7065878
-1.7609708,42.7065158
-1.7609817,42.7064215
-1.7609816,42.7063484
-1.7609794,42.7062398
-1.7609775,42.7061373
-1.7609464,42.7059588
-1.7609085,42.7058833
-1.7608620,42.7058393
-1.7608181,42.7058204
-1.7607777,42.7058113
-1.7607411,42.7058092
-1.7605982,42.7058172
-1.7605191,42.7058107
-1.7603720,42.7057702
-1.7602289,42.7057041
-1.7597935,42.7054797
-1.7596159,42.7053705
-1.7595335,42.7053199
-1.7598134,42.7051538
-1.7599068,42.7050846
-1.7600877,42.7048992
-1.7601657,42.7047858
-1.7601915,42.7047487
-1.7602494,42.7045523
-1.7602922,42.7043799
-1.7603391,42.7041929
-1.7603631,42.7039676
-1.7603737,42.7037844
-1.7604226,42.7035005
-1.7604504,42.7032783
-1.7604674,42.7032097
-1.7604931,42.7031645
-1.7608876,42.7026948
-1.7609963,42.7025380
-1.7610686,42.7024317
-1.7610910,42.7023823
-1.7611058,42.7023329
-1.7611478,42.7020927
-1.7611435,42.7018886
-1.7611545,42.7017575
-1.7611799,42.7015969
-1.7612149,42.7014998
-1.7612577,42.7014422
-1.7614378,42.7012580
-1.7616171,42.7010292
-1.7616665,42.7009649
-1.7617274,42.7009049
-1.7618156,42.7008301
-1.7619103,42.7007680
-1.7620625,42.7006865
-1.7627437,42.7003906
-1.7627912,42.7003532
-1.7628215,42.7003088
-1.7629019,42.7000190
-1.7629609,42.6999135
-1.7631795,42.6993232
-1.7632587,42.6991363
-1.7633700,42.6989339
-1.7635746,42.6986593
-1.7636959,42.6985327
-1.7638187,42.6984229
-1.7640432,42.6982932
-1.7641513,42.6982119
-1.7643235,42.6980774
-1.7644416,42.6980012
-1.7645849,42.6979464
-1.7647969,42.6977629
-1.7649109,42.6976713
-1.7650530,42.6974741
-1.7651338,42.6973876
-1.7651697,42.6973263
-1.7652113,42.6972797
-1.7653884,42.6971583
-1.7654952,42.6970704
-1.7656230,42.6969853
-1.7657900,42.6968800
-1.7658822,42.6968122
-1.7659717,42.6967231
-1.7662255,42.6964334
-1.7663530,42.6962999
-1.7665679,42.6961457
-1.7666495,42.6960568
-1.7667311,42.6959594
-1.7668629,42.6958280
-1.7669125,42.6957697
-1.7669703,42.6957195
-1.7670498,42.6956742
-1.7671170,42.6956152
-1.7672565,42.6954812
-1.7674389,42.6953254
-1.7675592,42.6951940
-1.7676535,42.6951076
-1.7676971,42.6950430
-1.7677125,42.6950031
-1.7677565,42.6948240
-1.7677792,42.6947564
-1.7678291,42.6946712
-1.7678962,42.6945359
-1.7679352,42.6944227
-1.7679840,42.6942809
-1.7680437,42.6941189
-1.7681443,42.6938896
-1.7683419,42.6935181
-1.7683696,42.6934684
-1.7689990,42.6924258
-1.7690240,42.6923620
-1.7692749,42.6917857
-1.7693414,42.6916771
-1.7696462,42.6914320
-1.7696932,42.6913806
-1.7698615,42.6911966
-1.7699374,42.6910973
-1.7699722,42.6910517
-1.7701853,42.6907727
-1.7703189,42.6906261
-1.7706970,42.6904054
-1.7709894,42.6899888
-1.7712733,42.6895565
-1.7713894,42.6894287
-1.7714114,42.6894046
-1.7715035,42.6893058
-1.7716036,42.6892102
-1.7716710,42.6891324
-1.7717932,42.6889374
-1.7718663,42.6888147
-1.7719240,42.6887196
-1.7722340,42.6881868
-1.7723031,42.6880755
-1.7723987,42.6879603
-1.7725788,42.6877919
-1.7726476,42.6877784
-1.7727622,42.6877646
-1.7729501,42.6877294
-1.7731459,42.6876663
-1.7732910,42.6875853
-1.7734866,42.6874612
-1.7738642,42.6871661
-1.7743599,42.6868344
-1.7746338,42.6866534
-1.7748679,42.6864380
-1.7751768,42.6861157
-1.7756464,42.6855162
-1.7758597,42.6852891
-1.7761226,42.6850601
-1.7766469,42.6846743
-1.7770111,42.6844345
-1.7774724,42.6841763
-1.7776378,42.6841015
-1.7777858,42.6840614
-1.7778687,42.6840180
-1.7779141,42.6839883
-1.7780208,42.6839536
-1.7780899,42.6839311
-1.7782004,42.6838695
-1.7785079,42.6835774
-1.7786425,42.6834952
-1.7789590,42.6833592
-1.7790032,42.6833321
-1.7793157,42.6831403
-1.7797609,42.6829037
-1.7800159,42.6827413
-1.7808384,42.6821802
-1.7809097,42.6821067
-1.7810807,42.6819306
-1.7813600,42.6816234
-1.7815215,42.6814499
-1.7815741,42.6813933
-1.7816712,42.6813573
-1.7818344,42.6813233
-1.7820876,42.6812757
-1.7821884,42.6812661
-1.7823862,42.6812518
-1.7825639,42.6812504
-1.7828513,42.6812548
-1.7829295,42.6812581
-1.7830764,42.6812642
-1.7834662,42.6812740
-1.7837367,42.6812737
-1.7838702,42.6812799
-1.7839941,42.6812900
-1.7840901,42.6813095
-1.7842001,42.6813332
-1.7842731,42.6813559
-1.7844623,42.6810405
-1.7846021,42.6808073
-1.7847880,42.6808559
-1.7851002,42.6809376
-1.7851435,42.6809722
-1.7853119,42.6806694
-1.7853745,42.6805548
-1.7854199,42.6804813
-1.7855996,42.6801901
-1.7857172,42.6799803
-1.7857339,42.6799404
-1.7858194,42.6797604
-1.7858936,42.6796043
-1.7859186,42.6795517
-1.7859569,42.6795633
-1.7859981,42.6795662
-1.7860387,42.6795600
-1.7860751,42.6795454
-1.7861040,42.6795235
-1.7861228,42.6794964
-1.7861300,42.6794664
-1.7861282,42.6794557
-1.7861249,42.6794361
-1.7861080,42.6794083
-1.7861485,42.6793924
-1.7862758,42.6793415
-1.7863269,42.6793223
-1.7863874,42.6792953
-1.7864290,42.6792884
-1.7864930,42.6792824
-1.7865899,42.6792973
-1.7866060,42.6793008
-1.7868250,42.6793416
-1.7869045,42.6793418
-1.7869781,42.6793185
-1.7870569,42.6792760
-1.7870897,42.6792662
-1.7871720,42.6792416
-1.7872219,42.6792198
-1.7873423,42.6791163
-1.7874689,42.6790193
-1.7875582,42.6789749
-1.7876092,42.6789525
-1.7876725,42.6789359
-1.7877543,42.6789238
-1.7877981,42.6789187
-1.7878649,42.6789256
-1.7879525,42.6789354
-1.7881118,42.6789561
-1.7882103,42.6789689
-1.7885141,42.6790221
-1.7886148,42.6790165
-1.7888694,42.6790640
-1.7889259,42.6790872
-1.7890590,42.6791157
-1.7892101,42.6791869
-1.7893270,42.6792297
-1.7894432,42.6792550
-1.7896262,42.6792904
-1.7897844,42.6793200
-1.7898922,42.6793389
-1.7900518,42.6793656
-1.7902102,42.6793938
-1.7903223,42.6794080
-1.7904899,42.6794067
-1.7906266,42.6793969
-1.7907769,42.6793791
-1.7909566,42.6793614
-1.7912021,42.6793306
-1.7914552,42.6792984
-1.7915359,42.6792726
-1.7916216,42.6792441
-1.7917920,42.6791697
-1.7919007,42.6791090
-1.7920967,42.6790114
-1.7925844,42.6787868
-1.7927590,42.6787166
-1.7928395,42.6786692
-1.7928934,42.6786323
-1.7930272,42.6785559
-1.7930862,42.6785154
-1.7931587,42.6784780
-1.7932418,42.6784425
-1.7933753,42.6784043
-1.7935368,42.6783774
-1.7937123,42.6783419
-1.7938855,42.6783054
-1.7940116,42.6782828
-1.7941336,42.6782655
-1.7942128,42.6782689
-1.7943494,42.6782641
-1.7948652,42.6781963
-1.7950068,42.6781661
-1.7952610,42.6781077
-1.7955145,42.6780525
-1.7957121,42.6780093
-1.7959240,42.6779692
-1.7962593,42.6779140
-1.7964952,42.6778776
-1.7966005,42.6778610
-1.7969300,42.6778089
-1.7973941,42.6777510
-1.7976513,42.6777238
-1.7980643,42.6777060
-1.7983626,42.6776670
-1.7985723,42.6776239
-1.7989100,42.6775274
-1.7993314,42.6773606
-1.7995453,42.6772629
-1.7995475,42.6772192
-1.7995491,42.6771812
-1.7997687,42.6771809
-1.7998335,42.6771808
-1.7998811,42.6771335
-1.7999257,42.6771105
-1.8000052,42.6770848
-1.8001161,42.6770254
-1.8001544,42.6769504
-1.8001935,42.6769100
-1.8002418,42.6768793
-1.8002937,42.6768762
-1.8003455,42.6768726
-1.8005183,42.6768495
-1.8006232,42.6768393
-1.8007251,42.6768304
-1.8008901,42.6768286
-1.8009907,42.6768334
-1.8010399,42.6768426
-1.8010952,42.6768621
-1.8011650,42.6768965
-1.8012249,42.6769181
-1.8012841,42.6769342
-1.8013448,42.6769458
-1.8014011,42.6769714
-1.8014696,42.6769990
-1.8015217,42.6770119
-1.8015850,42.6770311
-1.8016333,42.6770587
-1.8016812,42.6770841
-1.8017004,42.6770842
-1.8017848,42.6770846
-1.8019043,42.6770782
-1.8020977,42.6770719
-1.8022540,42.6770602
-1.8024015,42.6770405
-1.8024804,42.6770156
-1.8025759,42.6769971
-1.8026899,42.6769742
-1.8027496,42.6769627
-1.8028158,42.6769531
-1.8029621,42.6769251
-1.8030801,42.6769044
-1.8032196,42.6768886
-1.8034181,42.6768709
-1.8036300,42.6768511
-1.8038711,42.6768160
-1.8040431,42.6767900
-1.8043366,42.6767332
-1.8045509,42.6766954
-1.8046761,42.6766737
-1.8047485,42.6766599
-1.8048558,42.6766580
-1.8049926,42.6766581
-1.8052298,42.6766558
-1.8055652,42.6765357
-1.8056717,42.6765257
-1.8057501,42.6765397
-1.8058258,42.6765202
-1.8059296,42.6765109
-1.8059850,42.6765091
-1.8060526,42.6765177
-1.8060744,42.6764656
-1.8060933,42.6764426
-1.8061299,42.6764145
-1.8062094,42.6764051
-1.8062881,42.6764094
-1.8063819,42.6764055
-1.8064643,42.6763916
-1.8065506,42.6763663
-1.8066167,42.6763228
-1.8068091,42.6761179
-1.8070018,42.6759127
-1.8071941,42.6757090
-1.8074492,42.6755678
-1.8075451,42.6755267
-1.8075966,42.6755046
-1.8077720,42.6754508
-1.8079215,42.6753544
-1.8080905,42.6752282
-1.8083051,42.6750784
-1.8089842,42.6746120
-1.8090785,42.6745445
-1.8091657,42.6744819
-1.8096535,42.6741330
-1.8097932,42.6740381
-1.8099063,42.6739613
-1.8100903,42.6738474
-1.8102475,42.6737750
-1.8103309,42.6737465
-1.8104953,42.6737114
-1.8104586,42.6735722
-1.8104436,42.6735219
-1.8104381,42.6735053
-1.8104266,42.6734708
-1.8103274,42.6732164
-1.8103123,42.6731899
-1.8104106,42.6731458
-1.8104798,42.6731198
-1.8106950,42.6730391
-1.8108145,42.6729887
-1.8110642,42.6728983
-1.8110804,42.6728945
-1.8113904,42.6728211
-1.8118069,42.6727103
-1.8121991,42.6726121
-1.8127426,42.6724689
-1.8128123,42.6724522
-1.8128557,42.6724434
-1.8129639,42.6724215
-1.8131975,42.6723700
-1.8135738,42.6722945
-1.8138874,42.6722325
-1.8144822,42.6721319
-1.8145212,42.6721253
-1.8149388,42.6720548
-1.8154442,42.6719629
-1.8155665,42.6719360
-1.8156810,42.6719132
-1.8156996,42.6719098
-1.8159272,42.6718625
-1.8165311,42.6717310
-1.8179831,42.6714839
-1.8180524,42.6714513
-1.8181073,42.6714254
-1.8182255,42.6713698
-1.8193646,42.6708743
-1.8194100,42.6708455
-1.8194685,42.6708084
-1.8193875,42.6706878
-1.8193481,42.6706178
-1.8193112,42.6705226
-1.8192843,42.6703971
-1.8192643,42.6702600
-1.8192158,42.6700755
-1.8191735,42.6699385
-1.8191409,42.6698288
-1.8191209,42.6697438
-1.8191242,42.6696808
-1.8193533,42.6694286
-1.8195065,42.6692733
-1.8195560,42.6692312
-1.8196260,42.6692004
-1.8208685,42.6688046
-1.8212061,42.6687061
-1.8215981,42.6685595
-1.8217145,42.6685160
-1.8220348,42.6683998
-1.8222027,42.6683499
-1.8223616,42.6683126
-1.8224819,42.6682952
-1.8225009,42.6682679
-1.8225254,42.6682401
-1.8226682,42.6681922
-1.8237571,42.6679289
-1.8239684,42.6678738
-1.8241734,42.6678169
-1.8247906,42.6675953
-1.8251108,42.6674700
-1.8252443,42.6674247
-1.8258593,42.6672133
-1.8263764,42.6670266
-1.8264840,42.6669737
-1.8265084,42.6669520
-1.8265443,42.6668977
-1.8265978,42.6668387
-1.8266794,42.6667895
-1.8267361,42.6667591
-1.8267904,42.6667341
-1.8268999,42.6667256
-1.8269934,42.6667295
-1.8270912,42.6667439
-1.8271405,42.6667523
-1.8271948,42.6667510
-1.8275094,42.6666765
-1.8278706,42.6665946
-1.8283861,42.6664796
-1.8288733,42.6663381
-1.8290091,42.6662922
-1.8290654,42.6662712
-1.8291210,42.6662426
-1.8295431,42.6659884
-1.8297208,42.6658928
-1.8298268,42.6658456
-1.8300955,42.6657811
-1.8304184,42.6656962
-1.8308661,42.6656117
-1.8311046,42.6655529
-1.8312660,42.6655168
-1.8314725,42.6654371
-1.8318886,42.6652576
-1.8328341,42.6648860
-1.8331863,42.6647225
-1.8335370,42.6645495
-1.8337508,42.6644559
-1.8339269,42.6643843
-1.8340355,42.6643526
-1.8341992,42.6643279
-1.8344339,42.6643202
-1.8348383,42.6642755
-1.8356981,42.6641338
-1.8361479,42.6640791
-1.8363600,42.6640544
-1.8371573,42.6640147
-1.8373658,42.6639941
-1.8375450,42.6639755
-1.8376871,42.6639341
-1.8382408,42.6637358
-1.8383659,42.6636916
-1.8384877,42.6636602
-1.8388526,42.6636065
-1.8392334,42.6635688
-1.8397811,42.6635497
-1.8398613,42.6635382
-1.8399383,42.6635208
-1.8399836,42.6634984
-1.8400819,42.6634254
-1.8402555,42.6632848
-1.8405485,42.6630778
-1.8408349,42.6628624
-1.8410394,42.6627171
-1.8412209,42.6626021
-1.8412941,42.6625364
-1.8414060,42.6623799
-1.8414490,42.6623253
-1.8414986,42.6622780
-1.8415645,42.6622316
-1.8417733,42.6621149
-1.8421025,42.6619687
-1.8423798,42.6618636
-1.8427377,42.6617685
-1.8428982,42.6617360
-1.8432317,42.6617002
-1.8435181,42.6616531
-1.8436759,42.6616208
-1.8438303,42.6615751
-1.8442160,42.6614556
-1.8445366,42.6613388
-1.8446379,42.6613115
-1.8447187,42.6613031
-1.8447748,42.6613065
-1.8448276,42.6613160
-1.8449360,42.6613536
-1.8450351,42.6613815
-1.8451768,42.6614055
-1.8452592,42.6614477
-1.8454187,42.6615174
-1.8455307,42.6615981
-1.8455428,42.6616103
-1.8457020,42.6617695
-1.8459357,42.6619864
-1.8460247,42.6620688
-1.8461441,42.6621600
-1.8461746,42.6622017
-1.8461986,42.6622603
-1.8462069,42.6623244
-1.8462215,42.6623627
-1.8462459,42.6623986
-1.8463160,42.6624685
-1.8466490,42.6627286
-1.8466923,42.6627757
-1.8467126,42.6628193
-1.8467749,42.6630143
-1.8468694,42.6632187
-1.8470741,42.6635502
-1.8470977,42.6635887
-1.8471049,42.6636236
-1.8470943,42.6637482
-1.8471496,42.6639143
-1.8471849,42.6639718
-1.8472334,42.6640269
-1.8474101,42.6641891
-1.8475623,42.6643560
-1.8478065,42.6645805
-1.8479310,42.6647078
-1.8480720,42.6648824
-1.8481734,42.6650414
-1.8481995,42.6650743
-1.8482321,42.6651085
-1.8482959,42.6651685
-1.8484830,42.6652896
-1.8485968,42.6653724
-1.8487456,42.6656012
-1.8488411,42.6656849
-1.8489668,42.6657496
-1.8490371,42.6657717
-1.8491138,42.6657861
-1.8495851,42.6658308
-1.8497235,42.6658845
-1.8498698,42.6659274
-1.8500157,42.6659402
-1.8504394,42.6659774
-1.8505308,42.6659878
-1.8506200,42.6660057
-1.8507068,42.6660287
-1.8507936,42.6660591
-1.8512656,42.6662562
-1.8514959,42.6663509
-1.8517758,42.6665209
-1.8518381,42.6665521
-1.8519291,42.6665873
-1.8522263,42.6666778
-1.8525633,42.6667690
-1.8528973,42.6668519
-1.8530658,42.6669134
-1.8532602,42.6670031
-1.8534445,42.6671290
-1.8535307,42.6671774
-1.8536631,42.6672184
-1.8545134,42.6674136
-1.8547206,42.6674612
-1.8556478,42.6676881
-1.8557395,42.6677069
-1.8558983,42.6677640
-1.8560086,42.6677787
-1.8560520,42.6677718
-1.8561515,42.6677806
-1.8567433,42.6678948
-1.8569960,42.6679476
-1.8573829,42.6680599
-1.8575653,42.6681268
-1.8577346,42.6681986
-1.8579961,42.6683904
-1.8581184,42.6684588
-1.8584516,42.6686261
-1.8586583,42.6687345
-1.8587293,42.6687835
-1.8587864,42.6688351
-1.8588770,42.6688337
-1.8590182,42.6688430
-1.8590661,42.6688539
-1.8591051,42.6688683
-1.8591595,42.6689529
-1.8592578,42.6690314
-1.8594157,42.6690768
-1.8594931,42.6690483
-1.8595579,42.6690923
-1.8595995,42.6691314
-1.8596345,42.6691603
-1.8596727,42.6691801
-1.8597268,42.6692005
-1.8597954,42.6692129
-1.8600670,42.6692094
-1.8601423,42.6692056
-1.8603592,42.6691775
-1.8605203,42.6691438
-1.8605856,42.6691351
-1.8606509,42.6691340
-1.8607220,42.6691589
-1.8610642,42.6691509
-1.8613053,42.6691684
-1.8613541,42.6691719
-1.8615237,42.6691669
-1.8617423,42.6690835
-1.8618547,42.6690409
-1.8618875,42.6690208
-1.8619055,42.6689937
-1.8619293,42.6689380
-1.8621160,42.6689383
-1.8624410,42.6689276
-1.8625147,42.6689222
-1.8625639,42.6688927
-1.8626450,42.6688912
-1.8630994,42.6689135
-1.8633460,42.6689012
-1.8635926,42.6688307
-1.8637633,42.6688746
-1.8638635,42.6686892
-1.8639824,42.6687137
-1.8640635,42.6687033
-1.8646367,42.6687162
-1.8650184,42.6687220
-1.8652161,42.6687356
-1.8654327,42.6687545
-1.8659371,42.6688302
-1.8664480,42.6688984
-1.8669721,42.6689570
-1.8673977,42.6690175
-1.8677214,42.6690886
-1.8680238,42.6691624
-1.8682547,42.6692539
-1.8686463,42.6693575
-1.8689902,42.6694207
-1.8691026,42.6694267
-1.8692105,42.6694245
-1.8693196,42.6694170
-1.8693900,42.6694155
-1.8694615,42.6694183
-1.8695628,42.6694299
-1.8696390,42.6694204
-1.8697588,42.6693690
-1.8698599,42.6693458
-1.8699735,42.6693293
-1.8700905,42.6693415
-1.8701582,42.6693558
-1.8702487,42.6693796
-1.8703865,42.6694241
-1.8707158,42.6695500
-1.8710914,42.6696748
-1.8713281,42.6697673
-1.8713732,42.6697887
-1.8714160,42.6698144
-1.8715476,42.6699280
-1.8715661,42.6699440
-1.8716445,42.6699793
-1.8717476,42.6699954
-1.8720320,42.6700446
-1.8722397,42.6700893
-1.8725586,42.6701730
-1.8726679,42.6701987
-1.8727807,42.6702192
-1.8729195,42.6702379
-1.8730287,42.6702622
-1.8731284,42.6702973
-1.8731780,42.6703314
-1.8732968,42.6704409
-1.8733558,42.6704778
-1.8734945,42.6705343
-1.8735651,42.6705537
-1.8736381,42.6705670
-1.8738828,42.6706032
-1.8740600,42.6706357
-1.8743706,42.6707281
-1.8746661,42.6708154
-1.8748686,42.6708545
-1.8756143,42.6709415
-1.8757602,42.6709622
-1.8758725,42.6710054
-1.8765708,42.6712055
-1.8767263,42.6712327
-1.8767958,42.6712317
-1.8768664,42.6712290
-1.8769198,42.6712215
-1.8769685,42.6712113
-1.8770600,42.6711905
-1.8772931,42.6711269
-1.8776307,42.6710212
-1.8777369,42.6709852
-1.8778735,42.6709558
-1.8779665,42.6709446
-1.8780629,42.6709375
-1.8781742,42.6709460
-1.8783105,42.6709608
-1.8785677,42.6710132
-1.8786923,42.6710341
-1.8790709,42.6710931
-1.8792216,42.6711119
-1.8793359,42.6711289
-1.8794323,42.6711486
-1.8795410,42.6711747
-1.8796875,42.6712374
-1.8798545,42.6713252
-1.8799605,42.6713826
-1.8800485,42.6714399
-1.8801858,42.6715234
-1.8803267,42.6716209
-1.8804715,42.6717196
-1.8806153,42.6717840
-1.8806554,42.6717926
-1.8809389,42.6719310
-1.8810562,42.6720089
-1.8811579,42.6721082
-1.8812480,42.6721962
-1.8814319,42.6723589
-1.8816534,42.6725279
-1.8820053,42.6727758
-1.8823265,42.6729962
-1.8824818,42.6731330
-1.8826176,42.6732526
-1.8827600,42.6733578
-1.8828582,42.6734445
-1.8830307,42.6736406
-1.8832404,42.6738528
-1.8832948,42.6738954
-1.8833796,42.6739617
-1.8834929,42.6740340
-1.8836098,42.6740966
-1.8837042,42.6741425
-1.8838033,42.6741806
-1.8846296,42.6744276
-1.8847376,42.6744750
-1.8849471,42.6746017
-1.8851413,42.6747008
-1.8853759,42.6747995
-1.8854912,42.6748385
-1.8855666,42.6748565
-1.8856570,42.6748476
-1.8857223,42.6748616
-1.8859702,42.6749344
-1.8861335,42.6749679
-1.8868045,42.6751058
-1.8870774,42.6751691
-1.8875004,42.6752606
-1.8877274,42.6752974
-1.8879476,42.6753747
-1.8883822,42.6755566
-1.8884553,42.6755820
-1.8885236,42.6755913
-1.8886003,42.6755956
-1.8886841,42.6755934
-1.8887917,42.6756107
-1.8889044,42.6756233
-1.8889637,42.6756217
-1.8890087,42.6755964
-1.8890469,42.6756398
-1.8890860,42.6756726
-1.8891228,42.6756821
-1.8892899,42.6756393
-1.8892946,42.6757507
-1.8893534,42.6758489
-1.8896182,42.6758340
-1.8896469,42.6759171
-1.8897162,42.6759773
-1.8897880,42.6759800
-1.8903575,42.6759724
-1.8903794,42.6760440
-1.8904419,42.6760391
-1.8904666,42.6760336
-1.8905444,42.6760162
-1.8906529,42.6759846
-1.8908265,42.6759382
-1.8908355,42.6759044
-1.8910360,42.6758052
-1.8912449,42.6756903
-1.8911602,42.6756157
-1.8911834,42.6754414
-1.8913880,42.6753269
-1.8915231,42.6752769
-1.8914809,42.6751586
-1.8915840,42.6751101
-1.8915944,42.6751089
-1.8916053,42.6751116
-1.8916612,42.6751447
-1.8917419,42.6751835
-1.8918281,42.6752195
-1.8918308,42.6752204
-1.8922064,42.6753421
-1.8922543,42.6753529
-1.8923234,42.6753683
-1.8923702,42.6753717
-1.8924251,42.6753741
-1.8924433,42.6753714
-1.8925361,42.6753351
-1.8927289,42.6752740
-1.8927587,42.6752723
-1.8928871,42.6752803
-1.8929576,42.6752856
-1.8930308,42.6752951
-1.8932189,42.6754005
-1.8934168,42.6755356
-1.8934928,42.6755819
-1.8937248,42.6757507
-1.8938420,42.6758262
-1.8939503,42.6759017
-1.8940671,42.6759971
-1.8941533,42.6760830
-1.8943084,42.6762971
-1.8944846,42.6765413
-1.8945781,42.6766950
-1.8946547,42.6768134
-1.8947095,42.6768890
-1.8949317,42.6771811
-1.8951844,42.6774808
-1.8952393,42.6775429
-1.8953087,42.6775919
-1.8953946,42.6776362
-1.8955029,42.6776674
-1.8956424,42.6776543
-1.8956612,42.6776440
-1.8956952,42.6776190
-1.8956898,42.6775765
-1.8956900,42.6774764
-1.8957192,42.6774021
-1.8957560,42.6773285
-1.8958297,42.6772539
-1.8959140,42.6772026
-1.8960049,42.6771649
-1.8960522,42.6771503
-1.8961123,42.6771456
-1.8962344,42.6771492
-1.8963575,42.6771704
-1.8965147,42.6772301
-1.8965892,42.6773115
-1.8966626,42.6774312
-1.8968973,42.6780428
-1.8969395,42.6781226
-1.8969743,42.6781605
-1.8970591,42.6781834
-1.8972040,42.6781813
-1.8973186,42.6781601
-1.8974032,42.6781245
-1.8975995,42.6780122
-1.8977206,42.6779429
-1.8978417,42.6778833
-1.8979294,42.6778533
-1.8980251,42.6778268
-1.8981725,42.6777973
-1.8986286,42.6777856
-1.8988517,42.6777584
-1.8990426,42.6777489
-1.8994267,42.6778173
-1.8997228,42.6778325
-1.9001171,42.6778322
-1.9006243,42.6778523
-1.9009062,42.6778995
-1.9012635,42.6779746
-1.9015413,42.6780318
-1.9019056,42.6780765
-1.9023176,42.6781430
-1.9027382,42.6782094
-1.9029602,42.6782327
-1.9030989,42.6782299
-1.9032612,42.6782267
-1.9036137,42.6782153
-1.9038169,42.6782286
-1.9040204,42.6782539
-1.9042610,42.6782997
-1.9042740,42.6783046
-1.9044243,42.6783492
-1.9044803,42.6783644
-1.9045330,42.6783892
-1.9047167,42.6784598
-1.9050491,42.6786600
-1.9053107,42.6788118
-1.9055917,42.6789857
-1.9058453,42.6791429
-1.9060222,42.6792222
-1.9061333,42.6792544
-1.9062765,42.6792726
-1.9064498,42.6792704
-1.9066519,42.6792476
-1.9068387,42.6792260
-1.9069855,42.6792044
-1.9070431,42.6791987
-1.9072756,42.6792658
-1.9073745,42.6792842
-1.9074799,42.6792776
-1.9075715,42.6792651
-1.9078623,42.6791934
-1.9079813,42.6791680
-1.9081775,42.6791474
-1.9083753,42.6791327
-1.9086448,42.6790938
-1.9087357,42.6790878
-1.9089007,42.6790886
-1.9090116,42.6790959
-1.9090550,42.6791065
-1.9091169,42.6791220
-1.9095492,42.6791483
-1.9096603,42.6791571
-1.9098766,42.6791920
-1.9102500,42.6792651
-1.9103664,42.6792833
-1.9107615,42.6793011
-1.9109651,42.6793057
-1.9111226,42.6792906
-1.9114372,42.6792430
-1.9115889,42.6792309
-1.9117177,42.6792224
-1.9118540,42.6792274
-1.9121369,42.6792112
-1.9123255,42.6791997
-1.9125199,42.6791934
-1.9125804,42.6791995
-1.9126552,42.6792193
-1.9127319,42.6792583
-1.9128122,42.6793212
-1.9128968,42.6793737
-1.9130888,42.6794795
-1.9131618,42.6795019
-1.9132728,42.6795097
-1.9133838,42.6795268
-1.9134327,42.6795354
-1.9135072,42.6795576
-1.9136023,42.6795767
-1.9136456,42.6795773
-1.9136846,42.6795843
-1.9137218,42.6796013
-1.9137604,42.6796121
-1.9138572,42.6796248
-1.9139797,42.6796594
-1.9140481,42.6796710
-1.9141123,42.6796906
-1.9141764,42.6797019
-1.9142673,42.6797043
-1.9143340,42.6797063
-1.9143887,42.6796995
-1.9144463,42.6797094
-1.9145170,42.6797138
-1.9145878,42.6797002
-1.9150770,42.6796509
-1.9155704,42.6795943
-1.9158121,42.6795606
-1.9160553,42.6795343
-1.9162068,42.6794959
-1.9163767,42.6794173
-1.9165287,42.6792883
-1.9166736,42.6791718
-1.9167897,42.6791047
-1.9168577,42.6790868
-1.9169285,42.6790740
-1.9170925,42.6790728
-1.9172864,42.6790789
-1.9174182,42.6790804
-1.9177957,42.6791181
-1.9178822,42.6791344
-1.9179473,42.6791538
-1.9180945,42.6791727
-1.9182316,42.6792052
-1.9183005,42.6792211
-1.9183723,42.6792276
-1.9184381,42.6792297
-1.9185111,42.6792235
-1.9186255,42.6792123
-1.9187485,42.6791881
-1.9188979,42.6791356
-1.9190046,42.6791028
-1.9191184,42.6790731
-1.9191983,42.6790746
-1.9192217,42.6790804
-1.9192558,42.6790972
-1.9193247,42.6791337
-1.9193527,42.6791541
-1.9193722,42.6791744
-1.9194142,42.6792618
-1.9194425,42.6793459
-1.9194561,42.6793681
-1.9194687,42.6793801
-1.9195056,42.6793838
-1.9196580,42.6793732
-1.9199407,42.6793474
-1.9201746,42.6793121
-1.9202592,42.6793092
-1.9203565,42.6792999
-1.9204363,42.6792817
-1.9204701,42.6792863
-1.9205096,42.6792868
-1.9206973,42.6792559
-1.9207232,42.6792561
-1.9207346,42.6792652
-1.9207780,42.6793193
-1.9209062,42.6792965
-1.9209584,42.6792930
-1.9210379,42.6793095
-1.9214720,42.6792944
-1.9216428,42.6792947
-1.9217631,42.6793009
-1.9219036,42.6793238
-1.9220496,42.6793492
-1.9225054,42.6794460
-1.9226838,42.6794742
-1.9228377,42.6795081
-1.9229304,42.6795221
-1.9230472,42.6795286
-1.9231438,42.6795426
-1.9232577,42.6795660
-1.9237342,42.6796901
-1.9239029,42.6797217
-1.9242677,42.6797913
-1.9246594,42.6799048
-1.9249830,42.6799895
-1.9253126,42.6800581
-1.9257792,42.6801634
-1.9262429,42.6802782
-1.9264810,42.6803281
-1.9265369,42.6802840
-1.9267711,42.6801205
-1.9269810,42.6799859
-1.9270499,42.6799595
-1.9271268,42.6799351
-1.9272318,42.6799233
-1.9275436,42.6799357
-1.9278574,42.6799678
-1.9281460,42.6799859
-1.9283100,42.6799724
-1.9283894,42.6799405
-1.9285007,42.6798763
-1.9285463,42.6798149
-1.9285376,42.6794310
-1.9285899,42.6793805
-1.9286394,42.6793440
-1.9287114,42.6793034
-1.9288767,42.6792766
-1.9290092,42.6792251
-1.9291146,42.6791748
-1.9292821,42.6791188
-1.9295892,42.6790596
-1.9298923,42.6789965
-1.9302839,42.6789374
-1.9306513,42.6788841
-1.9307640,42.6788822
-1.9307962,42.6788822
-1.9308606,42.6789117
-1.9311422,42.6790853
-1.9311907,42.6790399
-1.9312468,42.6789985
-1.9313916,42.6790991
-1.9315660,42.6792016
-1.9316572,42.6792686
-1.9318074,42.6793850
-1.9319495,42.6795250
-1.9321983,42.6797964
-1.9323552,42.6799880
-1.9326201,42.6802467
-1.9328695,42.6804557
-1.9329849,42.6805267
-1.9331029,42.6805819
-1.9331968,42.6806134
-1.9332582,42.6806316
-1.9333711,42.6806470
-1.9336098,42.6806647
-1.9339505,42.6806726
-1.9343555,42.6807100
-1.9346773,42.6807574
-1.9349000,42.6807850
-1.9351065,42.6808362
-1.9353398,42.6809013
-1.9355276,42.6809684
-1.9356936,42.6810392
-1.9358468,42.6811202
-1.9360319,42.6812424
-1.9361284,42.6813094
-1.9362617,42.6812543
-1.9363457,42.6812341
-1.9364275,42.6812220
-1.9364725,42.6812154
-1.9365381,42.6811990
-1.9366162,42.6811609
-1.9366611,42.6811313
-1.9367927,42.6810404
-1.9371585,42.6809587
-1.9371955,42.6809333
-1.9372210,42.6808988
-1.9372269,42.6808546
-1.9372311,42.6808098
-1.9372459,42.6807271
-1.9372692,42.6806485
-1.9373065,42.6805614
-1.9373537,42.6804806
-1.9375679,42.6801793
-1.9375967,42.6801185
-1.9376198,42.6800515
-1.9376715,42.6797278
-1.9376865,42.6796980
-1.9381732,42.6790958
-1.9383453,42.6788802
-1.9383775,42.6788666
-1.9384010,42.6788425
-1.9384067,42.6788116
-1.9383245,42.6783348
-1.9383258,42.6782939
-1.9383400,42.6782603
-1.9386006,42.6781624
-1.9386811,42.6781055
-1.9387146,42.6780482
-1.9387395,42.6780004
-1.9386772,42.6779604
-1.9386018,42.6778803
-1.9385907,42.6777832
-1.9386027,42.6777518
-1.9386276,42.6777246
-1.9387098,42.6776858
-1.9387897,42.6776332
-1.9388377,42.6775793
-1.9388370,42.6775592
-1.9388651,42.6775330
-1.9390176,42.6773237
-1.9391687,42.6771431
-1.9393148,42.6770593
-1.9394898,42.6769331
-1.9397217,42.6767494
-1.9398787,42.6766120
-1.9399325,42.6765649
-1.9400671,42.6764530
-1.9402340,42.6762600
-1.9403981,42.6760910
-1.9405703,42.6758899
-1.9405961,42.6758510
-1.9406790,42.6756808
-1.9407017,42.6756539
-1.9408418,42.6755006
-1.9409262,42.6754588
-1.9410249,42.6754212
-1.9411561,42.6753843
-1.9414220,42.6753095
-1.9417547,42.6752120
-1.9418795,42.6751693
-1.9419446,42.6751346
-1.9421151,42.6750192
-1.9422325,42.6749718
-1.9423754,42.6748910
-1.9425107,42.6748185
-1.9425758,42.6747673
-1.9426220,42.6746961
-1.9426708,42.6745916
-1.9427043,42.6745711
-1.9427951,42.6745205
-1.9429341,42.6743995
-1.9430297,42.6743117
-1.9431338,42.6741904
-1.9432122,42.6740957
-1.9432991,42.6740062
-1.9433935,42.6739042
-1.9434128,42.6738730
-1.9434267,42.6738171
-1.9434336,42.6737952
-1.9434534,42.6737685
-1.9435176,42.6737185
-1.9436175,42.6736748
-1.9439015,42.6735012
-1.9439550,42.6734761
-1.9440021,42.6734652
-1.9440289,42.6734468
-1.9440772,42.6734136
-1.9443432,42.6732184
-1.9447505,42.6729478
-1.9450452,42.6727477
-1.9451105,42.6726988
-1.9451565,42.6726671
-1.9452327,42.6726096
-1.9452429,42.6726041
-1.9453370,42.6725533
-1.9453929,42.6725232
-1.9456834,42.6723530
-1.9458408,42.6722385
-1.9459661,42.6721447
-1.9461599,42.6719926
-1.9463891,42.6718981
-1.9464260,42.6718797
-1.9467919,42.6716313
-1.9471164,42.6713944
-1.9473161,42.6712640
-1.9474268,42.6712208
-1.9475602,42.6711826
-1.9475779,42.6711774
-1.9482169,42.6709889
-1.9484623,42.6709002
-1.9485204,42.6708758
-1.9487158,42.6707519
-1.9490053,42.6705430
-1.9493604,42.6703159
-1.9497133,42.6701127
-1.9500604,42.6699294
-1.9504181,42.6697636
-1.9504948,42.6696509
-1.9505468,42.6696376
-1.9506337,42.6696082
-1.9507914,42.6695510
-1.9509385,42.6694947
-1.9510383,42.6694766
-1.9510866,42.6694564
-1.9511902,42.6693858
-1.9513050,42.6693239
-1.9515170,42.6692647
-1.9516368,42.6692120
-1.9522220,42.6689895
-1.9524414,42.6689073
-1.9527810,42.6687829
-1.9536383,42.6684771
-1.9546000,42.6681730
-1.9547294,42.6681381
-1.9550066,42.6680845
-1.9552004,42.6679598
-1.9552682,42.6679303
-1.9553416,42.6679121
-1.9557257,42.6678363
-1.9562629,42.6677222
-1.9568790,42.6675892
-1.9573793,42.6674784
-1.9575159,42.6674446
-1.9576059,42.6674622
-1.9576436,42.6674601
-1.9577333,42.6674381
-1.9577856,42.6674163
-1.9578484,42.6673823
-1.9579556,42.6673450
-1.9581771,42.6672774
-1.9583525,42.6672290
-1.9585435,42.6671686
-1.9586923,42.6671443
-1.9588832,42.6671095
-1.9590910,42.6670507
-1.9593646,42.6670000
-1.9595715,42.6669578
-1.9597747,42.6669065
-1.9600134,42.6668400
-1.9605439,42.6666860
-1.9607674,42.6666306
-1.9609121,42.6665976
-1.9609539,42.6665777
-1.9609781,42.6665594
-1.9609903,42.6665257
-1.9609966,42.6664985
-1.9610010,42.6664646
-1.9610067,42.6664005
-1.9608661,42.6662018
-1.9607709,42.6660394
-1.9607758,42.6659701
-1.9608339,42.6658570
-1.9609085,42.6657692
-1.9619767,42.6652376
-1.9620438,42.6651923
-1.9621008,42.6651379
-1.9621692,42.6651459
-1.9622470,42.6651440
-1.9623304,42.6651206
-1.9626179,42.6649826
-1.9628010,42.6648788
-1.9630095,42.6647689
-1.9632300,42.6646743
-1.9633451,42.6646378
-1.9635842,42.6645869
-1.9639077,42.6645519
-1.9641622,42.6645552
-1.9644188,42.6645646
-1.9647079,42.6646094
-1.9649022,42.6646380
-1.9650165,42.6646580
-1.9650656,42.6646744
-1.9651553,42.6646885
-1.9652667,42.6646891
-1.9655942,42.6646797
-1.9662769,42.6646382
-1.9667824,42.6645920
-1.9671174,42.6645636
-1.9674523,42.6645236
-1.9678065,42.6644702
-1.9679142,42.6644623
-1.9680301,42.6644665
-1.9682662,42.6644445
-1.9686098,42.6644467
-1.9689178,42.6644259
-1.9690776,42.6644091
-1.9692741,42.6643885
-1.9694931,42.6643254
-1.9697038,42.6642510
-1.9700981,42.6640792
-1.9702595,42.6640138
-1.9703715,42.6639838
-1.9705520,42.6639565
-1.9706321,42.6639297
-1.9708603,42.6639439
-1.9711256,42.6639414
-1.9715507,42.6639153
-1.9747785,42.6637894
-1.9751567,42.6637820
-1.9753101,42.6637725
-1.9754095,42.6637574
-1.9754822,42.6637377
-1.9755428,42.6636696
-1.9755844,42.6635975
-1.9756453,42.6634789
-1.9756449,42.6634333
-1.9755918,42.6633870
-1.9755462,42.6633382
-1.9755413,42.6632937
-1.9755837,42.6632457
-1.9756776,42.6631980
-1.9760665,42.6630607
-1.9761999,42.6630269
-1.9762643,42.6630104
-1.9763267,42.6630030
-1.9764515,42.6630049
-1.9765783,42.6630189
-1.9773079,42.6631704
-1.9782257,42.6634039
-1.9783995,42.6634579
-1.9788783,42.6635807
-1.9791246,42.6636298
-1.9795069,42.6637090
-1.9797562,42.6637377
-1.9802679,42.6637374
-1.9804807,42.6637239
-1.9805799,42.6636982
-1.9808541,42.6636095
-1.9810646,42.6635376
-1.9811895,42.6635078
-1.9813065,42.6635012
-1.9820200,42.6635112
-1.9832231,42.6635250
-1.9836951,42.6635525
-1.9837864,42.6635558
-1.9838829,42.6635660
-1.9840505,42.6636021
-1.9841912,42.6636246
-1.9842389,42.6636286
-1.9842865,42.6636280
-1.9844576,42.6635995
-1.9849451,42.6634991
-1.9850241,42.6634816
-1.9850990,42.6634793
-1.9852115,42.6635012
-1.9853784,42.6635339
-1.9855562,42.6635688
-1.9857412,42.6635888
-1.9859514,42.6636007
-1.9860233,42.6635984
-1.9861030,42.6635548
-1.9861559,42.6635382
-1.9862187,42.6635301
-1.9862745,42.6635416
-1.9863498,42.6635570
-1.9866517,42.6636244
-1.9867035,42.6635698
-1.9868608,42.6634039
-1.9871432,42.6631931
-1.9873484,42.6630634
-1.9874658,42.6629825
-1.9877101,42.6628471
-1.9879870,42.6627298
-1.9886156,42.6624531
-1.9889589,42.6622773
-1.9895437,42.6617897
-1.9896841,42.6616649
-1.9897271,42.6616267
-1.9898914,42.6612388
-1.9899514,42.6612521
-1.9905108,42.6613758
-1.9905790,42.6613909
-1.9906214,42.6612841
-1.9906541,42.6612018
-1.9907950,42.6608601
-1.9908260,42.6607852
-1.9908959,42.6606355
-1.9909160,42.6606037
-1.9910254,42.6604309
-1.9910580,42.6603806
-1.9911097,42.6603051
-1.9912449,42.6602305
-1.9913370,42.6601716
-1.9914134,42.6599454
-1.9915644,42.6595790
-1.9916050,42.6594784
-1.9916851,42.6594372
-1.9917765,42.6594135
-1.9920265,42.6593605
-1.9921607,42.6593402
-1.9921577,42.6591478
-1.9922304,42.6590015
-1.9923287,42.6588587
-1.9925236,42.6587285
-1.9926471,42.6586578
-1.9927287,42.6586237
-1.9928102,42.6585961
-1.9932104,42.6585031
-1.9932825,42.6584862
-1.9933609,42.6584646
-1.9936116,42.6583930
-1.9937359,42.6583418
-1.9939584,42.6582269
-1.9940137,42.6582052
-1.9940413,42.6582052
-1.9940678,42.6582082
-1.9941687,42.6582425
-1.9942921,42.6582888
-1.9943251,42.6583190
-1.9946562,42.6584508
-1.9947220,42.6584872
-1.9947645,42.6585271
-1.9949423,42.6587838
-1.9950109,42.6588359
-1.9951388,42.6589421
-1.9953422,42.6591710
-1.9954769,42.6593153
-1.9954840,42.6593203
-1.9955900,42.6593953
-1.9958707,42.6595487
-1.9963142,42.6597330
-1.9965907,42.6598231
-1.9967025,42.6598595
-1.9971475,42.6599769
-1.9975834,42.6600680
-1.9976693,42.6600830
-1.9978995,42.6601309
-1.9979536,42.6601421
-1.9980153,42.6601549
-1.9980744,42.6602181
-1.9981294,42.6602421
-1.9982741,42.6602916
-1.9984479,42.6603439
-1.9987410,42.6604586
-1.9990395,42.6605646
-1.9993045,42.6606353
-1.9995303,42.6606694
-1.9998911,42.6606992
-2.0005609,42.6607723
-2.0007687,42.6608110
-2.0009382,42.6608586
-2.0011989,42.6608936
-2.0014005,42.6609295
-2.0016359,42.6609522
-2.0018531,42.6609732
-2.0019232,42.6609744
-2.0020719,42.6609996
-2.0022119,42.6610493
-2.0024394,42.6611744
-2.0025637,42.6612477
-2.0026739,42.6613241
-2.0027683,42.6613712
-2.0028390,42.6613953
-2.0029341,42.6614130
-2.0030477,42.6614148
-2.0033918,42.6613595
-2.0040253,42.6612621
-2.0041238,42.6612528
-2.0043238,42.6612556
-2.0044014,42.6612566
-2.0044591,42.6612468
-2.0045417,42.6612625
-2.0046025,42.6612876
-2.0046490,42.6612856
-2.0047178,42.6612627
-2.0047965,42.6612532
-2.0049084,42.6612523
-2.0049646,42.6612411
-2.0051046,42.6612401
-2.0051763,42.6612243
-2.0052536,42.6612185
-2.0053713,42.6612088
-2.0054818,42.6612292
-2.0056320,42.6612387
-2.0057654,42.6612290
-2.0060508,42.6612565
-2.0060993,42.6612802
-2.0061321,42.6613130
-2.0063565,42.6614356
-2.0064585,42.6614965
-2.0064993,42.6615175
-2.0065436,42.6615120
-2.0067976,42.6612086
-2.0068358,42.6612253
-2.0070569,42.6613120
-2.0070669,42.6613151
-2.0070977,42.6613142
-2.0071894,42.6613038
-2.0073070,42.6612796
-2.0073696,42.6612648
-2.0075022,42.6612397
-2.0075283,42.6612270
-2.0075516,42.6612119
-2.0075642,42.6611972
-2.0075776,42.6611750
-2.0077206,42.6610614
-2.0077713,42.6610151
-2.0077767,42.6609984
-2.0077790,42.6609776
-2.0077859,42.6609695
-2.0078070,42.6609524
-2.0078249,42.6609311
-2.0078475,42.6608625
-2.0078690,42.6606548
-2.0079438,42.6604735
-2.0079924,42.6603112
-2.0081039,42.6600776
-2.0081812,42.6599451
-2.0081961,42.6599167
-2.0082195,42.6598736
-2.0082590,42.6598552
-2.0083043,42.6598535
-2.0083706,42.6598825
-2.0085336,42.6600020
-2.0085651,42.6600210
-2.0086760,42.6602879
-2.0087195,42.6603531
-2.0087528,42.6603856
-2.0088136,42.6604094
-2.0088966,42.6604423
-2.0090931,42.6605496
-2.0091165,42.6605627
-2.0091434,42.6605964
-2.0091869,42.6606680
-2.0093005,42.6607174
-2.0095849,42.6607634
-2.0097383,42.6607884
-2.0099230,42.6607489
-2.0100013,42.6607456
-2.0101247,42.6607759
-2.0102481,42.6608202
-2.0105747,42.6609398
-2.0107821,42.6610351
-2.0108926,42.6610907
-2.0110599,42.6611866
-2.0111803,42.6612636
-2.0112708,42.6613168
-2.0114477,42.6614387
-2.0114849,42.6614804
-2.0115220,42.6615370
-2.0115995,42.6616983
-2.0116801,42.6618818
-2.0117716,42.6620600
-2.0118591,42.6621798
-2.0119601,42.6622932
-2.0122984,42.6625824
-2.0127024,42.6628741
-2.0128289,42.6629619
-2.0128709,42.6629966
-2.0129735,42.6630814
-2.0131198,42.6631967
-2.0133063,42.6633078
-2.0134301,42.6633580
-2.0135522,42.6633784
-2.0136861,42.6633751
-2.0139466,42.6633423
-2.0141074,42.6633512
-2.0143292,42.6633775
-2.0145270,42.6633921
-2.0145449,42.6633934
-2.0146848,42.6633908
-2.0150887,42.6633476
-2.0152826,42.6633066
-2.0153672,42.6632889
-2.0154517,42.6632442
-2.0156138,42.6631841
-2.0157431,42.6631523
-2.0158724,42.6631347
-2.0161102,42.6630689
-2.0162786,42.6630127
-2.0163473,42.6629921
-2.0164363,42.6629805
-2.0166584,42.6629708
-2.0169531,42.6629742
-2.0171474,42.6629543
-2.0172657,42.6629310
-2.0173780,42.6628972
-2.0179916,42.6626276
-2.0181834,42.6625651
-2.0183354,42.6625440
-2.0184380,42.6625455
-2.0187291,42.6625594
-2.0190135,42.6626082
-2.0191401,42.6626562
-2.0193534,42.6627588
-2.0195383,42.6628578
-2.0196610,42.6629021
-2.0197831,42.6629463
-2.0200003,42.6629928
-2.0201676,42.6630504
-2.0203018,42.6631144
-2.0204398,42.6632035
-2.0205765,42.6633119
-2.0207095,42.6634125
-2.0207773,42.6634594
-2.0208511,42.6634973
-2.0209506,42.6635222
-2.0210902,42.6635327
-2.0212338,42.6635260
-2.0213063,42.6636939
-2.0214579,42.6639391
-2.0217264,42.6644221
-2.0219200,42.6647060
-2.0219644,42.6648264
-2.0220376,42.6651696
-2.0220183,42.6653404
-2.0219607,42.6655868
-2.0219583,42.6656303
-2.0219669,42.6656659
-2.0221567,42.6661802
-2.0222283,42.6663494
-2.0223478,42.6664947
-2.0224259,42.6666183
-2.0226017,42.6668466
-2.0226691,42.6669686
-2.0229160,42.6675649
-2.0230405,42.6678327
-2.0231251,42.6680148
-2.0232988,42.6684369
-2.0233383,42.6684973
-2.0234855,42.6686320
-2.0236052,42.6687781
-2.0236245,42.6688287
-2.0236961,42.6690863
-2.0237647,42.6693216
-2.0237714,42.6693447
-2.0238434,42.6694126
-2.0239672,42.6695292
-2.0241940,42.6697108
-2.0242508,42.6697499
-2.0243297,42.6697835
-2.0245339,42.6697953
-2.0250640,42.6698088
-2.0253088,42.6698151
-2.0260122,42.6698330
-2.0263358,42.6698373
-2.0264181,42.6698372
-2.0265805,42.6698450
-2.0271752,42.6698935
-2.0271803,42.6698919
-2.0276011,42.6698492
-2.0281523,42.6697606
-2.0285279,42.6696704
-2.0287098,42.6696166
-2.0290063,42.6695174
-2.0291522,42.6694676
-2.0291996,42.6694505
-2.0292919,42.6694210
-2.0293160,42.6694165
-2.0293591,42.6694042
-2.0294128,42.6693607
-2.0296325,42.6691565
-2.0298035,42.6689823
-2.0299533,42.6688440
-2.0306492,42.6682288
-2.0307224,42.6681643
-2.0307642,42.6680804
-2.0308170,42.6679880
-2.0308311,42.6679633
-2.0308417,42.6679447
-2.0312929,42.6673466
-2.0314278,42.6672045
-2.0317037,42.6668352
-2.0316656,42.6668144
-2.0316041,42.6667815
-2.0315601,42.6667617
-2.0316869,42.6666150
-2.0317143,42.6665697
-2.0317857,42.6664622
-2.0318485,42.6663109
-2.0318925,42.6660806
-2.0319087,42.6660222
-2.0319274,42.6657111
-2.0319570,42.6652959
-2.0320874,42.6648469
-2.0321028,42.6648094
-2.0321198,42.6647684
-2.0323018,42.6642946
-2.0323623,42.6643182
-2.0324255,42.6643405
-2.0324631,42.6642892
-2.0325489,42.6642280
-2.0326428,42.6641827
-2.0327382,42.6641607
-2.0328181,42.6641505
-2.0329458,42.6641484
-2.0329628,42.6641087
-2.0330152,42.6640249
-2.0330303,42.6640119
-2.0330577,42.6639719
-2.0330303,42.6639457
-2.0329489,42.6638677
-2.0329290,42.6638216
-2.0329444,42.6637916
-2.0330656,42.6637080
-2.0333027,42.6635029
-2.0333827,42.6634408
-2.0335360,42.6633217
-2.0337839,42.6631431
-2.0338080,42.6631295
-2.0338886,42.6630839
-2.0342902,42.6628013
-2.0345112,42.6626140
-2.0347988,42.6623365
-2.0349262,42.6622123
-2.0349524,42.6621714
-2.0349664,42.6621497
-2.0351638,42.6618983
-2.0352212,42.6617654
-2.0353578,42.6613354
-2.0353897,42.6612235
-2.0354175,42.6611261
-2.0354693,42.6610575
-2.0354754,42.6610545
-2.0356307,42.6609767
-2.0358611,42.6608871
-2.0359558,42.6608410
-2.0360434,42.6607880
-2.0362026,42.6607377
-2.0362813,42.6606997
-2.0363858,42.6606259
-2.0365551,42.6605177
-2.0366055,42.6604815
-2.0366370,42.6604436
-2.0366708,42.6603660
-2.0366961,42.6601421
-2.0367333,42.6600742
-2.0370159,42.6598628
-2.0374017,42.6594714
-2.0375711,42.6592483
-2.0379681,42.6584339
-2.0380572,42.6583364
-2.0382591,42.6581784
-2.0384458,42.6580459
-2.0385994,42.6579493
-2.0386620,42.6579203
-2.0389029,42.6577405
-2.0391497,42.6575236
-2.0395206,42.6573077
-2.0396302,42.6572664
-2.0398746,42.6570496
-2.0400885,42.6568254
-2.0404118,42.6564596
-2.0404816,42.6563780
-2.0405616,42.6562546
-2.0406335,42.6561242
-2.0406032,42.6561146
-2.0407128,42.6559391
-2.0408541,42.6557700
-2.0410884,42.6555420
-2.0410591,42.6555215
-2.0408290,42.6554254
-2.0408266,42.6553777
-2.0408204,42.6552568
-2.0408160,42.6551400
-2.0407727,42.6550974
-2.0409640,42.6549373
-2.0410479,42.6548497
-2.0411519,42.6547187
-2.0413216,42.6545058
-2.0413386,42.6543927
-2.0413252,42.6543123
-2.0412099,42.6541805
-2.0411762,42.6541402
-2.0413220,42.6540498
-2.0415759,42.6538925
-2.0415704,42.6538156
-2.0415682,42.6537858
-2.0415803,42.6536546
-2.0416018,42.6535787
-2.0416049,42.6535345
-2.0416219,42.6534426
-2.0416884,42.6532055
-2.0418454,42.6529222
-2.0419710,42.6527625
-2.0419912,42.6527334
-2.0420990,42.6525860
-2.0421380,42.6525327
-2.0422491,42.6522477
-2.0424687,42.6519496
-2.0426706,42.6517145
-2.0428938,42.6515272
-2.0429733,42.6514775
-2.0432179,42.6512569
-2.0434136,42.6510704
-2.0435558,42.6508879
-2.0435731,42.6508580
-2.0435946,42.6508208
-2.0438669,42.6505387
-2.0439319,42.6504792
-2.0440323,42.6503886
-2.0440716,42.6503531
-2.0441776,42.6502598
-2.0442060,42.6502362
-2.0445356,42.6500014
-2.0445928,42.6499600
-2.0449479,42.6497034
-2.0454489,42.6493986
-2.0454992,42.6493669
-2.0459323,42.6491143
-2.0465366,42.6487595
-2.0471200,42.6483791
-2.0472425,42.6482725
-2.0473370,42.6481420
-2.0475811,42.6477045
-2.0477340,42.6474352
-2.0477502,42.6472214
-2.0477584,42.6471140
-2.0477737,42.6468162
-2.0478458,42.6464779
-2.0478996,42.6463316
-2.0479825,42.6462988
-2.0480927,42.6463357
-2.0482911,42.6463855
-2.0489398,42.6465155
-2.0492031,42.6465571
-2.0497529,42.6465893
-2.0499185,42.6466120
-2.0504871,42.6467051
-2.0509498,42.6467731
-2.0516847,42.6469066
-2.0521897,42.6470109
-2.0525607,42.6470737
-2.0527122,42.6470806
-2.0529006,42.6470803
-2.0530218,42.6470870
-2.0531140,42.6471294
-2.0528968,42.6472265
-2.0529414,42.6472474
-2.0530446,42.6472563
-2.0531771,42.6472435
-2.0554017,42.6469933
-2.0557889,42.6469130
-2.0563489,42.6466794
-2.0570907,42.6463144
-2.0573134,42.6462235
-2.0577138,42.6460344
-2.0582963,42.6459347
-2.0583667,42.6459226
-2.0597792,42.6455898
-2.0599945,42.6455305
-2.0600623,42.6455157
-2.0601998,42.6454858
-2.0605038,42.6453824
-2.0608636,42.6452695
-2.0611284,42.6452136
-2.0613537,42.6451941
-2.0614798,42.6451679
-2.0623521,42.6449092
-2.0625123,42.6448399
-2.0626294,42.6447893
-2.0631324,42.6445516
-2.0635528,42.6443904
-2.0642499,42.6440777
-2.0646090,42.6439161
-2.0649697,42.6436729
-2.0654586,42.6433887
-2.0656403,42.6432831
-2.0657355,42.6431866
-2.0668399,42.6426681
-2.0673532,42.6425060
-2.0677832,42.6423015
-2.0679787,42.6422052
-2.0681219,42.6421347
-2.0683712,42.6420247
-2.0685960,42.6419602
-2.0689698,42.6419163
-2.0690203,42.6419109
-2.0690626,42.6419064
-2.0691682,42.6419227
-2.0693710,42.6419227
-2.0695256,42.6418974
-2.0698476,42.6418611
-2.0701123,42.6418635
-2.0702610,42.6418927
-2.0703769,42.6418935
-2.0705456,42.6418595
-2.0707080,42.6418017
-2.0711596,42.6416408
-2.0715967,42.6414378
-2.0717863,42.6413551
-2.0719071,42.6412854
-2.0724050,42.6410005
-2.0725176,42.6409361
-2.0726580,42.6409012
-2.0728499,42.6408768
-2.0730656,42.6408540
-2.0731850,42.6408080
-2.0732301,42.6407764
-2.0732359,42.6407216
-2.0730050,42.6406147
-2.0729747,42.6405798
-2.0729658,42.6405470
-2.0729827,42.6405008
-2.0729727,42.6404757
-2.0729445,42.6404297
-2.0729043,42.6404021
-2.0728882,42.6403791
-2.0729005,42.6402767
-2.0729070,42.6401889
-2.0728984,42.6401694
-2.0728128,42.6400819
-2.0728002,42.6400583
-2.0727783,42.6399572
-2.0727772,42.6398520
-2.0727994,42.6397878
-2.0728088,42.6397597
-2.0727523,42.6397146
-2.0727202,42.6396594
-2.0727109,42.6395665
-2.0726969,42.6395076
-2.0726333,42.6393329
-2.0726175,42.6392321
-2.0726375,42.6392008
-2.0726697,42.6391770
-2.0727492,42.6391657
-2.0728676,42.6391490
-2.0731679,42.6391149
-2.0733892,42.6391048
-2.0735748,42.6390891
-2.0741243,42.6389955
-2.0744850,42.6389745
-2.0748139,42.6389342
-2.0749764,42.6389017
-2.0755587,42.6385286
-2.0757344,42.6384786
-2.0761072,42.6384016
-2.0770992,42.6381987
-2.0776835,42.6380447
-2.0779513,42.6379741
-2.0781714,42.6379521
-2.0784091,42.6379503
-2.0785455,42.6379609
-2.0788878,42.6380487
-2.0789829,42.6380492
-2.0791317,42.6379795
-2.0794469,42.6378714
-2.0795604,42.6378570
-2.0796965,42.6378598
-2.0798786,42.6378718
-2.0803392,42.6378092
-2.0805002,42.6377773
-2.0805700,42.6377286
-2.0806159,42.6376519
-2.0806117,42.6375617
-2.0806314,42.6375399
-2.0806634,42.6375362
-2.0810728,42.6378814
-2.0811383,42.6378778
-2.0813740,42.6381644
-2.0815546,42.6383680
-2.0818946,42.6386301
-2.0820083,42.6386846
-2.0822651,42.6387530
-2.0825859,42.6388336
-2.0827229,42.6388411
-2.0828704,42.6388190
-2.0833483,42.6386931
-2.0835565,42.6386828
-2.0837302,42.6386918
-2.0837848,42.6386784
-2.0837148,42.6385389
-2.0833465,42.6381323
-2.0831128,42.6378951
-2.0830524,42.6377660
-2.0830494,42.6376669
-2.0830663,42.6375703
-2.0831038,42.6374373
-2.0831518,42.6373367
-2.0832368,42.6372290
-2.0834160,42.6370931
-2.0837231,42.6369424
-2.0838206,42.6368840
-2.0842296,42.6366609
-2.0844326,42.6365835
-2.0847038,42.6365028
-2.0850332,42.6364371
-2.0852618,42.6363779
-2.0854019,42.6363117
-2.0858253,42.6360691
-2.0862816,42.6357931
-2.0864240,42.6357313
-2.0865529,42.6357445
-2.0866672,42.6357897
-2.0867417,42.6357993
-2.0868154,42.6357786
-2.0868858,42.6357498
-2.0870144,42.6356419
-2.0871075,42.6355237
-2.0871517,42.6354642
-2.0871774,42.6354048
-2.0871452,42.6351741
-2.0871460,42.6349485
-2.0872133,42.6347483
-2.0873354,42.6345659
-2.0876427,42.6343236
-2.0880991,42.6339704
-2.0881415,42.6339549
-2.0881900,42.6339531
-2.0884674,42.6339807
-2.0887448,42.6340230
-2.0887753,42.6340405
-2.0887981,42.6340591
-2.0888389,42.6340981
-2.0889462,42.6342038
-2.0890789,42.6343077
-2.0892357,42.6344023
-2.0892725,42.6344153
-2.0893092,42.6344237
-2.0893476,42.6344068
-2.0893730,42.6343685
-2.0893809,42.6342833
-2.0894262,42.6341148
-2.0894668,42.6340109
-2.0895569,42.6339242
-2.0898095,42.6337333
-2.0900697,42.6334477
-2.0902345,42.6333110
-2.0904297,42.6332344
-2.0906491,42.6331857
-2.0908699,42.6331552
-2.0910888,42.6331531
-2.0913167,42.6331819
-2.0914579,42.6331850
-2.0917775,42.6331767
-2.0919725,42.6331362
-2.0922135,42.6330651
-2.0924462,42.6329791
-2.0928550,42.6327753
-2.0929844,42.6327210
-2.0930822,42.6326350
-2.0934213,42.6324972
-2.0937437,42.6322767
-2.0942237,42.6321651
-2.0943053,42.6321331
-2.0944755,42.6320468
-2.0945424,42.6320104
-2.0946096,42.6319401
-2.0946897,42.6319047
-2.0947861,42.6318902
-2.0948502,42.6318821
-2.0949953,42.6318260
-2.0950856,42.6318088
-2.0954676,42.6318012
-2.0955365,42.6318167
-2.0955851,42.6318345
-2.0957805,42.6319469
-2.0959496,42.6320222
-2.0961677,42.6320821
-2.0964705,42.6321187
-2.0966646,42.6321252
-2.0970000,42.6321164
-2.0971739,42.6321252
-2.0973455,42.6321376
-2.0974833,42.6321475
-2.0975567,42.6321526
-2.0976255,42.6321436
-2.0976664,42.6321287
-2.0976959,42.6321024
-2.0977687,42.6320374
-2.0978830,42.6319561
-2.0980095,42.6319068
-2.0981435,42.6318730
-2.0982692,42.6318345
-2.0983812,42.6317707
-2.0984757,42.6317031
-2.0985797,42.6315885
-2.0986438,42.6315079
-2.0986758,42.6314421
-2.0987880,42.6311694
-2.0988504,42.6310741
-2.0989435,42.6309830
-2.0990677,42.6309229
-2.0992226,42.6308785
-2.0994779,42.6308232
-2.0997266,42.6307979
-2.0998300,42.6307715
-2.1000565,42.6306604
-2.1001847,42.6305967
-2.1002709,42.6305278
-2.1003930,42.6303970
-2.1005318,42.6302175
-2.1006470,42.6300912
-2.1007930,42.6299586
-2.1010104,42.6298022
-2.1012959,42.6296625
-2.1014696,42.6296003
-2.1019165,42.6294781
-2.1020960,42.6294610
-2.1022976,42.6294498
-2.1024223,42.6294352
-2.1026855,42.6293884
-2.1027927,42.6293523
-2.1028657,42.6293321
-2.1029029,42.6293603
-2.1029545,42.6293704
-2.1030211,42.6293529
-2.1030942,42.6292984
-2.1031973,42.6292354
-2.1033051,42.6291803
-2.1033419,42.6291711
-2.1033690,42.6291644
-2.1034262,42.6291703
-2.1034604,42.6291631
-2.1034807,42.6291429
-2.1034967,42.6291127
-2.1035273,42.6290434
-2.1035704,42.6290119
-2.1036211,42.6289861
-2.1037429,42.6289443
-2.1039178,42.6289395
-2.1041182,42.6288109
-2.1042281,42.6287759
-2.1042048,42.6285554
-2.1039198,42.6283401
-2.1038847,42.6282795
-2.1038852,42.6281989
-2.1039657,42.6279180
-2.1039717,42.6278668
-2.1039797,42.6278159
-2.1039661,42.6277638
-2.1039553,42.6277285
-2.1039275,42.6277012
-2.1039034,42.6276667
-2.1038403,42.6275066
-2.1037982,42.6273623
-2.1037287,42.6270529
-2.1036502,42.6267394
-2.1036750,42.6267076
-2.1036370,42.6263620
-2.1036485,42.6261770
-2.1036723,42.6260750
-2.1036804,42.6258879
-2.1036018,42.6257154
-2.1034630,42.6255478
-2.1032865,42.6253126
-2.1031667,42.6251637
-2.1029277,42.6248190
-2.1027973,42.6245505
-2.1027622,42.6245226
-2.1027141,42.6245227
-2.1026975,42.6243770
-2.1026177,42.6241168
-2.1024927,42.6237373
-2.1021950,42.6228603
-2.1020812,42.6224730
-2.1020751,42.6223204
-2.1020820,42.6221992
-2.1021070,42.6218436
-2.1021810,42.6212769
-2.1021986,42.6211998
-2.1022255,42.6211228
-2.1022927,42.6210317
-2.1023718,42.6209476
-2.1024909,42.6208580
-2.1033810,42.6202257
-2.1035124,42.6201372
-2.1043551,42.6195700
-2.1052762,42.6192008
-2.1057349,42.6190444
-2.1073772,42.6185918
-2.1075082,42.6185354
-2.1078741,42.6183245
-2.1080434,42.6182142
-2.1081196,42.6181645
-2.1086339,42.6178369
-2.1088431,42.6177151
-2.1092578,42.6174880
-2.1101999,42.6169997
-2.1102633,42.6169608
-2.1104060,42.6168734
-2.1105012,42.6167822
-2.1107341,42.6166270
-2.1108681,42.6165339
-2.1112434,42.6162732
-2.1117087,42.6159255
-2.1125100,42.6152561
-2.1132221,42.6146236
-2.1133621,42.6145046
-2.1134460,42.6143981
-2.1135333,42.6142871
-2.1136618,42.6141293
-2.1137093,42.6140510
-2.1137249,42.6140084
-2.1137313,42.6139636
-2.1137240,42.6138421
-2.1136898,42.6137070
-2.1136104,42.6135216
-2.1133490,42.6129345
-2.1133047,42.6127863
-2.1132966,42.6126674
-2.1133192,42.6125449
-2.1133629,42.6124028
-2.1135885,42.6118938
-2.1137669,42.6115193
-2.1137885,42.6114376
-2.1139473,42.6110877
-2.1140327,42.6108790
-2.1140684,42.6107641
-2.1140971,42.6104893
-2.1141331,42.6103231
-2.1142182,42.6100070
-2.1143798,42.6094164
-2.1144439,42.6092721
-2.1145335,42.6091357
-2.1146495,42.6089922
-2.1148229,42.6087985
-2.1149716,42.6086829
-2.1152695,42.6085231
-2.1155760,42.6083366
-2.1156766,42.6082591
-2.1157396,42.6082034
-2.1157855,42.6081427
-2.1158038,42.6080829
-2.1158114,42.6080271
-2.1158732,42.6073845
-2.1158850,42.6071940
-2.1159007,42.6069424
-2.1159266,42.6067743
-2.1161215,42.6060263
-2.1161742,42.6056879
-2.1162428,42.6050349
-2.1162751,42.6049208
-2.1163274,42.6048274
-2.1164161,42.6047464
-2.1165171,42.6046895
-2.1166596,42.6046512
-2.1169301,42.6046175
-2.1174889,42.6045598
-2.1178743,42.6045090
-2.1181212,42.6044672
-2.1183638,42.6044004
-2.1186288,42.6042698
-2.1190613,42.6039130
-2.1192077,42.6038136
-2.1193303,42.6037456
-2.1194605,42.6036972
-2.1196316,42.6036660
-2.1206267,42.6036324
-2.1230170,42.6035220
-2.1232460,42.6035159
-2.1234321,42.6034905
-2.1236592,42.6034237
-2.1242711,42.6031901
-2.1243791,42.6031320
-2.1244741,42.6030661
-2.1245385,42.6029866
-2.1245733,42.6028998
-2.1245920,42.6027769
-2.1246075,42.6026749
-2.1246336,42.6025884
-2.1246594,42.6025305
-2.1246835,42.6024886
-2.1247162,42.6024486
-2.1251349,42.6019871
-2.1254266,42.6016656
-2.1258690,42.6012320
-2.1263048,42.6007887
-2.1264133,42.6006786
-2.1265098,42.6006066
-2.1265713,42.6005633
-2.1266613,42.6005179
-2.1266874,42.6005094
-2.1267560,42.6004870
-2.1268970,42.6004599
-2.1270241,42.6004444
-2.1272168,42.6004322
-2.1283755,42.6003623
-2.1297306,42.6002749
-2.1304077,42.6002383
-2.1310755,42.6001937
-2.1331268,42.6000701
-2.1333645,42.6000447
-2.1353606,42.5998406
-2.1366627,42.5996825
-2.1373663,42.5996169
-2.1396050,42.5993761
-2.1398296,42.5993320
-2.1400273,42.5992654
-2.1414977,42.5987031
-2.1424580,42.5983358
-2.1426035,42.5982741
-2.1427347,42.5982267
-2.1427450,42.5982230
-2.1430267,42.5981541
-2.1433158,42.5980850
-2.1439118,42.5979746
-2.1442498,42.5979059
-2.1444083,42.5978624
-2.1444905,42.5978153
-2.1445716,42.5977528
-2.1453916,42.5966892
-2.1454681,42.5965838
-2.1455235,42.5965150
-2.1455541,42.5964947
-2.1456009,42.5964794
-2.1458412,42.5964926
-2.1460033,42.5965109
-2.1461140,42.5965230
-2.1462257,42.5965419
-2.1464705,42.5966212
-2.1467113,42.5967334
-2.1468614,42.5967743
-2.1474201,42.5968366
-2.1482006,42.5968456
-2.1483278,42.5968333
-2.1484434,42.5968065
-2.1486730,42.5967193
-2.1488413,42.5966770
-2.1491118,42.5966435
-2.1495418,42.5966164
-2.1498341,42.5966200
-2.1502794,42.5966221
-2.1503942,42.5966251
-2.1504519,42.5966361
-2.1505126,42.5966515
-2.1506356,42.5966936
-2.1507232,42.5967068
-2.1507480,42.5967105
-2.1508570,42.5967102
-2.1509572,42.5966868
-2.1512065,42.5965890
-2.1513751,42.5965125
-2.1514390,42.5964673
-2.1515039,42.5964037
-2.1518747,42.5963674
-2.1532137,42.5961879
-2.1533338,42.5961749
-2.1534551,42.5961705
-2.1537076,42.5961715
-2.1539738,42.5961780
-2.1550459,42.5962040
-2.1557174,42.5962224
-2.1563760,42.5962468
-2.1566721,42.5933184
-2.1566842,42.5931606
-2.1567067,42.5931115
-2.1567596,42.5930700
-2.1568839,42.5930515
-2.1576552,42.5930112
-2.1585588,42.5929098
-2.1589213,42.5928917
-2.1593774,42.5928949
-2.1616573,42.5929304
-2.1646669,42.5929617
-2.1691111,42.5930104
-2.1693767,42.5930156
-2.1694871,42.5930303
-2.1695805,42.5930570
-2.1696637,42.5930959
-2.1697295,42.5931420
-2.1697878,42.5932161
-2.1698242,42.5933162
-2.1698544,42.5934650
-2.1699404,42.5936520
-2.1699475,42.5936584
-2.1700018,42.5937064
-2.1700801,42.5937385
-2.1702618,42.5937428
-2.1708197,42.5937439
-2.1724670,42.5937221
-2.1735668,42.5936792
-2.1739854,42.5936707
-2.1741876,42.5936415
-2.1744401,42.5935772
-2.1767259,42.5929060
-2.1768158,42.5928753
-2.1769044,42.5928327
-2.1770324,42.5927592
-2.1771856,42.5926077
-2.1775678,42.5921843
-2.1775994,42.5920931
-2.1776297,42.5919772
-2.1776565,42.5918828
-2.1776584,42.5918398
-2.1776142,42.5917508
-2.1776171,42.5917031
-2.1776277,42.5916558
-2.1776660,42.5915683
-2.1777230,42.5914698
-2.1777515,42.5914255
-2.1777867,42.5913931
-2.1778619,42.5913458
-2.1786963,42.5911085
-2.1787738,42.5910808
-2.1788445,42.5910423
-2.1789260,42.5909678
-2.1790564,42.5908437
-2.1793573,42.5905951
-2.1794759,42.5904602
-2.1795490,42.5903428
-2.1796034,42.5902215
-2.1796528,42.5901786
-2.1799505,42.5899421
-2.1800066,42.5899039
-2.1800775,42.5898677
-2.1804049,42.5897584
-2.1804983,42.5897249
-2.1806647,42.5894597
-2.1807391,42.5893298
-2.1808568,42.5890402
-2.1808984,42.5889301
-2.1809571,42.5887504
-2.1810202,42.5884210
-2.1810907,42.5882498
-2.1811437,42.5881225
-2.1811890,42.5880329
-2.1812375,42.5879877
-2.1812859,42.5879574
-2.1813862,42.5878772
-2.1814231,42.5878345
-2.1814475,42.5876227
-2.1815103,42.5874219
-2.1816805,42.5870976
-2.1817540,42.5869576
-2.1818962,42.5866868
-2.1819832,42.5865082
-2.1820454,42.5863493
-2.1820909,42.5861484
-2.1821731,42.5857355
-2.1822112,42.5854054
-2.1822443,42.5851685
-2.1822996,42.5849964
-2.1823846,42.5848177
-2.1824679,42.5847518
-2.1828314,42.5845823
-2.1829764,42.5845081
-2.1830665,42.5844360
-2.1831581,42.5843120
-2.1833291,42.5840341
-2.1834948,42.5838303
-2.1836341,42.5837216
-2.1837775,42.5836268
-2.1843697,42.5832435
-2.1859028,42.5822873
-2.1870308,42.5815838
-2.1872419,42.5814250
-2.1873187,42.5813429
-2.1873609,42.5812691
-2.1873923,42.5811772
-2.1874682,42.5810194
-2.1874997,42.5809571
-2.1875392,42.5808969
-2.1876590,42.5807477
-2.1879122,42.5804821
-2.1883964,42.5799404
-2.1884778,42.5798217
-2.1885061,42.5797822
-2.1885223,42.5797338
-2.1885329,42.5796050
-2.1885394,42.5793939
-2.1885573,42.5792981
-2.1885891,42.5792374
-2.1891014,42.5784385
-2.1894644,42.5778320
-2.1898837,42.5770687
-2.1902573,42.5764144
-2.1903579,42.5762892
-2.1911185,42.5756000
-2.1919011,42.5749184
-2.1923495,42.5745724
-2.1925334,42.5744473
-2.1926601,42.5743445
-2.1930663,42.5739731
-2.1932636,42.5737584
-2.1933243,42.5736542
-2.1933782,42.5735450
-2.1933895,42.5734585
-2.1934071,42.5730941
-2.1933802,42.5727403
-2.1932304,42.5721795
-2.1931069,42.5718840
-2.1926429,42.5710619
-2.1922012,42.5703272
-2.1920973,42.5701308
-2.1920535,42.5699084
-2.1919656,42.5697781
-2.1917749,42.5695830
-2.1918238,42.5695092
-2.1922292,42.5693296
-2.1923743,42.5692432
-2.1924045,42.5692284
-2.1924768,42.5691884
-2.1926808,42.5691002
-2.1931287,42.5689453
-2.1933363,42.5688962
-2.1934501,42.5688670
-2.1936771,42.5688013
-2.1938445,42.5687421
-2.1939200,42.5687171
-2.1940250,42.5686873
-2.1943710,42.5685777
-2.1945389,42.5685374
-2.1946713,42.5685057
-2.1959649,42.5682020
-2.1964965,42.5680495
-2.1975207,42.5677507
-2.1978929,42.5676379
-2.1979378,42.5675961
-2.1979904,42.5675634
-2.1980361,42.5675349
-2.1982814,42.5674636
-2.1988610,42.5672634
-2.1988897,42.5672566
-2.1990170,42.5672263
-2.1995730,42.5671603
-2.1998256,42.5671361
-2.2000809,42.5671278
-2.2003447,42.5671216
-2.2007880,42.5670844
-2.2011110,42.5670387
-2.2024660,42.5668190
-2.2025281,42.5668034
-2.2025864,42.5667669
-2.2026762,42.5667413
-2.2031980,42.5666296
-2.2034560,42.5665914
-2.2036579,42.5665741
-2.2043039,42.5665450
-2.2053266,42.5664866
-2.2057011,42.5664410
-2.2059077,42.5664063
-2.2065948,42.5663101
-2.2075017,42.5661675
-2.2078514,42.5661238
-2.2081621,42.5660928
-2.2094276,42.5660258
-2.2109852,42.5659310
-2.2125206,42.5658269
-2.2138532,42.5657566
-2.2149012,42.5656780
-2.2159665,42.5655626
-2.2167391,42.5654792
-2.2168690,42.5654692
-2.2176967,42.5654054
-2.2194137,42.5652823
-2.2213618,42.5651446
-2.2217689,42.5651152
-2.2232930,42.5650049
-2.2236089,42.5649691
-2.2240437,42.5649049
-2.2281306,42.5641921
-2.2312703,42.5636643
-2.2320442,42.5635182
-2.2343540,42.5631294
-2.2349526,42.5630101
-2.2356805,42.5628651
-2.2357098,42.5629353
-2.2357651,42.5629910
-2.2358289,42.5630123
-2.2360500,42.5630449
-2.2362265,42.5630942
-2.2363975,42.5631885
-2.2366563,42.5634569
-2.2367180,42.5635004
-2.2368252,42.5635404
-2.2368950,42.5635483
-2.2369580,42.5635573
-2.2370483,42.5635702
-2.2372826,42.5635673
-2.2377694,42.5636068
-2.2386244,42.5636231
-2.2389883,42.5636553
-2.2391911,42.5636673
-2.2395610,42.5636598
-2.2398131,42.5636633
-2.2406734,42.5637614
-2.2410292,42.5637950
-2.2416241,42.5638187
-2.2421769,42.5638080
-2.2429137,42.5637893
-2.2436291,42.5637096
-2.2442565,42.5636097
-2.2447227,42.5635620
-2.2449321,42.5635338
-2.2452356,42.5634755
-2.2454272,42.5634573
-2.2456661,42.5634593
-2.2458545,42.5634762
-2.2461521,42.5635249
-2.2468114,42.5636171
-2.2473037,42.5636496
-2.2475054,42.5636528
-2.2477986,42.5637121
-2.2480264,42.5637693
-2.2482225,42.5638075
-2.2483868,42.5638553
-2.2486401,42.5639609
-2.2487872,42.5640632
-2.2489804,42.5641846
-2.2491119,42.5642457
-2.2492211,42.5642803
-2.2493674,42.5643113
-2.2495294,42.5643257
-2.2496606,42.5643225
-2.2502240,42.5642399
-2.2503003,42.5642257
-2.2505526,42.5641472
-2.2507563,42.5640976
-2.2509499,42.5640693
-2.2512755,42.5640582
-2.2517578,42.5640228
-2.2521574,42.5640078
-2.2523083,42.5639853
-2.2523768,42.5639690
-2.2525123,42.5639368
-2.2527045,42.5638820
-2.2529751,42.5638241
-2.2532767,42.5637774
-2.2536946,42.5636489
-2.2540036,42.5635704
-2.2541085,42.5635547
-2.2541951,42.5635584
-2.2542925,42.5635832
-2.2546345,42.5637424
-2.2547178,42.5637718
-2.2548088,42.5637817
-2.2549430,42.5637691
-2.2550767,42.5637290
-2.2551924,42.5636793
-2.2554949,42.5635076
-2.2556557,42.5634041
-2.2557964,42.5632982
-2.2558615,42.5632216
-2.2560071,42.5630251
-2.2560993,42.5629562
-2.2562245,42.5628864
-2.2563346,42.5628289
-2.2564667,42.5627941
-2.2565850,42.5627885
-2.2566769,42.5627989
-2.2567160,42.5628029
-2.2568627,42.5628457
-2.2569590,42.5628713
-2.2570908,42.5628896
-2.2572142,42.5629063
-2.2573073,42.5629091
-2.2577154,42.5624687
-2.2582624,42.5618589
-2.2584457,42.5616512
-2.2587444,42.5613183
-2.2590372,42.5609864
-2.2592250,42.5607819
-2.2595830,42.5604981
-2.2610701,42.5594254
-2.2613638,42.5592271
-2.2617126,42.5590342
-2.2622902,42.5587671
-2.2638710,42.5580756
-2.2647622,42.5576792
-2.2648632,42.5576215
-2.2649524,42.5575471
-2.2649927,42.5574816
-2.2650136,42.5573968
-2.2650156,42.5573233
-2.2649539,42.5570271
-2.2649052,42.5567858
-2.2649044,42.5566872
-2.2649138,42.5566018
-2.2649402,42.5565165
-2.2649725,42.5564393
-2.2650170,42.5563630
-2.2651156,42.5562552
-2.2660733,42.5554748
-2.2661574,42.5554040
-2.2662121,42.5553466
-2.2662738,42.5552669
-2.2663173,42.5551894
-2.2663533,42.5551039
-2.2663938,42.5549836
-2.2664146,42.5549176
-2.2664758,42.5546241
-2.2665039,42.5544890
-2.2665119,42.5544064
-2.2665106,42.5543126
-2.2664831,42.5542461
-2.2664448,42.5541784
-2.2664874,42.5541673
-2.2666409,42.5541273
-2.2667267,42.5541021
-2.2671049,42.5539297
-2.2668358,42.5535166
-2.2667319,42.5533706
-2.2668697,42.5533384
-2.2669914,42.5533056
-2.2670895,42.5532738
-2.2672820,42.5532290
-2.2671358,42.5529384
-2.2671111,42.5528912
-2.2669472,42.5526123
-2.2667679,42.5523181
-2.2667197,42.5522578
-2.2665944,42.5521852
-2.2666324,42.5521316
-2.2666426,42.5520843
-2.2666283,42.5520218
-2.2665516,42.5519613
-2.2666946,42.5517269
-2.2667086,42.5517022
-2.2667125,42.5516595
-2.2667161,42.5516310
-2.2668135,42.5514460
-2.2668607,42.5513470
-2.2669158,42.5512314
-2.2669496,42.5511764
-2.2671354,42.5509650
-2.2672451,42.5508712
-2.2673469,42.5508093
-2.2675252,42.5507107
-2.2676033,42.5506606
-2.2678130,42.5505293
-2.2682400,42.5504352
-2.2683363,42.5504196
-2.2684468,42.5504017
-2.2685800,42.5503995
-2.2686694,42.5503978
-2.2688415,42.5504471
-2.2689456,42.5504473
-2.2690430,42.5504576
-2.2693082,42.5505070
-2.2693868,42.5505252
-2.2695772,42.5505968
-2.2696663,42.5506836
-2.2697168,42.5507322
-2.2697664,42.5507800
-2.2698346,42.5508208
-2.2701053,42.5509595
-2.2702950,42.5510763
-2.2704215,42.5511838
-2.2704880,42.5512303
-2.2705836,42.5512698
-2.2706978,42.5513225
-2.2707312,42.5513568
-2.2707472,42.5513892
-2.2707552,42.5514233
-2.2707403,42.5515915
-2.2707833,42.5516283
-2.2709628,42.5518163
-2.2711237,42.5518671
-2.2712591,42.5520443
-2.2714215,42.5519705
-2.2715835,42.5519259
-2.2717962,42.5518690
-2.2718960,42.5518510
-2.2719495,42.5518485
-2.2719994,42.5518578
-2.2720522,42.5518737
-2.2722034,42.5519480
-2.2722388,42.5519540
-2.2722623,42.5519475
-2.2723651,42.5518777
-2.2723988,42.5519224
-2.2726258,42.5518242
-2.2728635,42.5517374
-2.2730322,42.5516720
-2.2733734,42.5515600
-2.2737285,42.5514692
-2.2738575,42.5514455
-2.2739885,42.5514102
-2.2742196,42.5513434
-2.2744575,42.5512731
-2.2749004,42.5510668
-2.2751753,42.5509040
-2.2759492,42.5504303
-2.2761270,42.5503358
-2.2766153,42.5500920
-2.2767886,42.5499789
-2.2768869,42.5499006
-2.2770069,42.5497894
-2.2770951,42.5497222
-2.2772089,42.5496698
-2.2773359,42.5496470
-2.2774625,42.5496391
-2.2778275,42.5496325
-2.2781407,42.5496048
-2.2786827,42.5495676
-2.2791060,42.5495288
-2.2799611,42.5494324
-2.2802054,42.5493973
-2.2804481,42.5493531
-2.2809283,42.5492511
-2.2810528,42.5492271
-2.2811866,42.5492064
-2.2813946,42.5491982
-2.2815152,42.5491961
-2.2816319,42.5491877
-2.2822919,42.5490231
-2.2823820,42.5489974
-2.2824690,42.5489627
-2.2826278,42.5489027
-2.2827478,42.5488251
-2.2828573,42.5487360
-2.2829282,42.5486451
-2.2830158,42.5485764
-2.2831935,42.5485166
-2.2833661,42.5484791
-2.2834464,42.5484513
-2.2835245,42.5484088
-2.2835951,42.5484522
-2.2836527,42.5484754
-2.2837155,42.5484697
-2.2837783,42.5484537
-2.2837989,42.5484501
-2.2840094,42.5483526
-2.2843180,42.5481820
-2.2844474,42.5480958
-2.2845281,42.5480245
-2.2846243,42.5479059
-2.2846969,42.5478347
-2.2848207,42.5477673
-2.2849151,42.5477098
-2.2850652,42.5475899
-2.2851701,42.5474610
-2.2853591,42.5472790
-2.2854886,42.5472009
-2.2855564,42.5471810
-2.2856304,42.5471701
-2.2859194,42.5471825
-2.2860807,42.5471909
-2.2861838,42.5471833
-2.2862821,42.5471615
-2.2863518,42.5471329
-2.2864108,42.5471043
-2.2864779,42.5470670
-2.2866001,42.5469936
-2.2866973,42.5469317
-2.2867529,42.5469032
-2.2868625,42.5468616
-2.2869752,42.5468291
-2.2871009,42.5468000
-2.2871758,42.5467789
-2.2872260,42.5467628
-2.2872754,42.5467421
-2.2873213,42.5467134
-2.2873594,42.5466791
-2.2873941,42.5466488
-2.2874248,42.5466125
-2.2874521,42.5465651
-2.2874731,42.5465170
-2.2875020,42.5464425
-2.2875099,42.5464059
-2.2875163,42.5463692
-2.2875159,42.5462670
-2.2875055,42.5460985
-2.2874837,42.5458698
-2.2874788,42.5455911
-2.2874556,42.5455168
-2.2874002,42.5454342
-2.2873922,42.5453795
-2.2874040,42.5453153
-2.2874278,42.5452564
-2.2874494,42.5452299
-2.2874988,42.5451736
-2.2876317,42.5450258
-2.2877330,42.5449170
-2.2877904,42.5448700
-2.2878558,42.5448309
-2.2879679,42.5447905
-2.2880476,42.5447736
-2.2883006,42.5447106
-2.2883939,42.5446930
-2.2886647,42.5446691
-2.2887415,42.5446657
-2.2889164,42.5446249
-2.2889743,42.5446043
-2.2890584,42.5445946
-2.2891370,42.5445895
-2.2892894,42.5445539
-2.2893752,42.5445528
-2.2894655,42.5445225
-2.2897983,42.5444660
-2.2898851,42.5444515
-2.2900134,42.5444064
-2.2901676,42.5443919
-2.2903079,42.5443756
-2.2905336,42.5443677
-2.2910892,42.5443150
-2.2912408,42.5442943
-2.2913924,42.5442618
-2.2914538,42.5442506
-2.2915071,42.5442285
-2.2915467,42.5442285
-2.2915999,42.5442082
-2.2917957,42.5441422
-2.2918886,42.5441061
-2.2920647,42.5440186
-2.2921512,42.5439870
-2.2922761,42.5439345
-2.2923068,42.5439007
-2.2924766,42.5438008
-2.2926630,42.5437056
-2.2929663,42.5435475
-2.2930879,42.5434930
-2.2931164,42.5434964
-2.2931367,42.5435086
-2.2931695,42.5435420
-2.2932012,42.5435787
-2.2933016,42.5436289
-2.2933978,42.5436327
-2.2934753,42.5436319
-2.2935278,42.5436051
-2.2935952,42.5435347
-2.2936703,42.5434532
-2.2937673,42.5434091
-2.2938768,42.5433729
-2.2941402,42.5433425
-2.2943048,42.5433132
-2.2944262,42.5432874
-2.2945460,42.5432536
-2.2948298,42.5431517
-2.2949395,42.5431004
-2.2950612,42.5430264
-2.2951841,42.5429683
-2.2955916,42.5428539
-2.2957771,42.5427632
-2.2959876,42.5426605
-2.2962049,42.5425545
-2.2963552,42.5424812
-2.2964878,42.5423931
-2.2966756,42.5422173
-2.2966955,42.5421949
-2.2967916,42.5420871
-2.2968569,42.5420047
-2.2969274,42.5419609
-2.2970008,42.5419305
-2.2971184,42.5419079
-2.2972492,42.5418893
-2.2973659,42.5418649
-2.2976107,42.5417816
-2.2976755,42.5417637
-2.2977350,42.5417535
-2.2978741,42.5417438
-2.2979168,42.5417428
-2.2979594,42.5417509
-2.2980576,42.5417800
-2.2981413,42.5418112
-2.2982397,42.5418613
-2.2982824,42.5418939
-2.2983211,42.5419630
-2.2983662,42.5419946
-2.2984130,42.5420152
-2.2985311,42.5420543
-2.2985589,42.5420626
-2.2986160,42.5420932
-2.2986600,42.5421236
-2.2987558,42.5420843
-2.2988288,42.5420759
-2.2989823,42.5421560
-2.2991764,42.5422556
-2.2993400,42.5423358
-2.2994444,42.5423782
-2.2994789,42.5423902
-2.2995149,42.5424002
-2.2995792,42.5424179
-2.2996358,42.5424294
-2.2996856,42.5424294
-2.2997334,42.5424279
-2.2997750,42.5424189
-2.2998066,42.5424039
-2.2998584,42.5423799
-2.2999011,42.5423462
-2.2999448,42.5422871
-2.3000119,42.5421673
-2.3000556,42.5420991
-2.3000593,42.5418038
-2.3001036,42.5418036
-2.3001556,42.5418034
-2.3001335,42.5415147
-2.3001492,42.5415066
-2.3001830,42.5415087
-2.3002158,42.5415153
-2.3003611,42.5415949
-2.3004349,42.5416198
-2.3005968,42.5416678
-2.3007106,42.5417391
-2.3008923,42.5418338
-2.3009278,42.5418503
-2.3009602,42.5418601
-2.3009978,42.5418676
-2.3010555,42.5418682
-2.3010913,42.5418725
-2.3011433,42.5418826
-2.3011962,42.5418916
-2.3014330,42.5418912
-2.3015380,42.5418620
-2.3016220,42.5418604
-2.3016484,42.5418490
-2.3016630,42.5418316
-2.3016569,42.5417900
-2.3016462,42.5417489
-2.3015927,42.5416878
-2.3015640,42.5416447
-2.3015641,42.5416247
-2.3015757,42.5416069
-2.3016760,42.5415803
-2.3017794,42.5415589
-2.3018400,42.5415521
-2.3018922,42.5415384
-2.3020240,42.5414635
-2.3020580,42.5414464
-2.3021922,42.5413555
-2.3022854,42.5413119
-2.3023278,42.5412973
-2.3024319,42.5412700
-2.3025244,42.5412496
-2.3026353,42.5412253
-2.3026888,42.5412151
-2.3027438,42.5412093
-2.3028447,42.5411997
-2.3029455,42.5411953
-2.3032550,42.5411923
-2.3034062,42.5411969
-2.3035576,42.5412101
-2.3036882,42.5412244
-2.3040683,42.5412487
-2.3040876,42.5412502
-2.3041263,42.5412534
-2.3044092,42.5412761
-2.3047509,42.5413307
-2.3048855,42.5413375
-2.3050227,42.5413304
-2.3051099,42.5413183
-2.3051951,42.5412941
-2.3052767,42.5412590
-2.3054211,42.5411773
-2.3055307,42.5411321
-2.3056643,42.5410935
-2.3057108,42.5410861
-2.3057654,42.5410846
-2.3059217,42.5411096
-2.3060083,42.5411216
-2.3060922,42.5411277
-2.3061317,42.5411275
-2.3061685,42.5411223
-2.3062094,42.5410986
-2.3062348,42.5410350
-2.3062325,42.5409556
-2.3061906,42.5406357
-2.3062263,42.5406213
-2.3061892,42.5403614
-2.3062740,42.5403235
-2.3063368,42.5402965
-2.3063946,42.5402943
-2.3064523,42.5402990
-2.3068884,42.5403926
-2.3070105,42.5404396
-2.3071049,42.5405003
-2.3073975,42.5407217
-2.3074469,42.5407740
-2.3074993,42.5408194
-2.3075391,42.5408454
-2.3075819,42.5408601
-2.3078578,42.5409044
-2.3082848,42.5409575
-2.3084025,42.5409652
-2.3086170,42.5409544
-2.3087684,42.5409351
-2.3090049,42.5409043
-2.3090988,42.5408824
-2.3092971,42.5408109
-2.3097344,42.5407126
-2.3100587,42.5406317
-2.3101974,42.5406226
-2.3102487,42.5406218
-2.3102985,42.5406176
-2.3103398,42.5406024
-2.3103749,42.5405838
-2.3104240,42.5404928
-2.3104745,42.5403408
-2.3105372,42.5402017
-2.3105938,42.5401424
-2.3106555,42.5401005
-2.3107198,42.5400367
-2.3107626,42.5399217
-2.3107750,42.5398883
-2.3108301,42.5398285
-2.3109264,42.5397899
-2.3113852,42.5397266
-2.3115700,42.5397112
-2.3117291,42.5397132
-2.3118740,42.5397314
-2.3119804,42.5397325
-2.3120437,42.5397278
-2.3121024,42.5397139
-2.3121774,42.5396661
-2.3122742,42.5395762
-2.3123243,42.5395297
-2.3123560,42.5395159
-2.3123861,42.5395192
-2.3124473,42.5395430
-2.3124626,42.5395270
-2.3124726,42.5395053
-2.3124616,42.5394635
-2.3124858,42.5394270
-2.3125137,42.5393219
-2.3125025,42.5392399
-2.3124510,42.5392004
-2.3123965,42.5391933
-2.3123773,42.5391809
-2.3123964,42.5391528
-2.3125872,42.5391298
-2.3127584,42.5390929
-2.3128173,42.5390936
-2.3128762,42.5391080
-2.3129555,42.5391342
-2.3130382,42.5392017
-2.3131319,42.5393105
-2.3131841,42.5393718
-2.3132060,42.5394065
-2.3132171,42.5394503
-2.3132547,42.5396520
-2.3133097,42.5397210
-2.3133631,42.5397730
-2.3134673,42.5398513
-2.3135541,42.5398644
-2.3136100,42.5398632
-2.3136786,42.5398297
-2.3137681,42.5396816
-2.3137839,42.5395816
-2.3137863,42.5394391
-2.3137955,42.5393982
-2.3138448,42.5392284
-2.3138768,42.5391039
-2.3138930,42.5389613
-2.3138902,42.5388176
-2.3138927,42.5386752
-2.3139087,42.5385714
-2.3139740,42.5384842
-2.3140826,42.5383937
-2.3142223,42.5383125
-2.3143086,42.5382759
-2.3144109,42.5381973
-2.3146119,42.5379524
-2.3146972,42.5377953
-2.3147019,42.5377023
-2.3147096,42.5375792
-2.3147264,42.5375269
-2.3147519,42.5374874
-2.3147956,42.5374538
-2.3149883,42.5373711
-2.3151399,42.5373227
-2.3152834,42.5372848
-2.3155880,42.5372284
-2.3159095,42.5371783
-2.3162995,42.5371188
-2.3163859,42.5370945
-2.3164692,42.5370650
-2.3166649,42.5369643
-2.3169562,42.5368063
-2.3170402,42.5367525
-2.3171121,42.5366868
-2.3171951,42.5365904
-2.3173173,42.5365163
-2.3175921,42.5363509
-2.3176491,42.5363036
-2.3176819,42.5362847
-2.3177205,42.5362675
-2.3177645,42.5362449
-2.3178831,42.5362095
-2.3180781,42.5361569
-2.3181750,42.5361191
-2.3182661,42.5360736
-2.3184210,42.5359677
-2.3185389,42.5358790
-2.3186438,42.5357721
-2.3187752,42.5356095
-2.3188333,42.5354943
-2.3188705,42.5354093
-2.3188829,42.5353700
-2.3189149,42.5352423
-2.3189284,42.5351825
-2.3189690,42.5350003
-2.3189741,42.5349652
-2.3189851,42.5349300
-2.3190245,42.5348811
-2.3190767,42.5348380
-2.3191814,42.5347252
-2.3192785,42.5345869
-2.3196581,42.5340951
-2.3196807,42.5340475
-2.3198120,42.5339164
-2.3199390,42.5338054
-2.3203855,42.5335271
-2.3206380,42.5333278
-2.3208418,42.5331459
-2.3209547,42.5330291
-2.3210016,42.5329664
-2.3210426,42.5328943
-2.3210742,42.5328539
-2.3211129,42.5328203
-2.3212472,42.5327458
-2.3215063,42.5325286
-2.3216336,42.5324197
-2.3217569,42.5322955
-2.3219792,42.5320494
-2.3220230,42.5320211
-2.3220920,42.5319982
-2.3222503,42.5319590
-2.3222692,42.5319492
-2.3222760,42.5319349
-2.3222822,42.5317888
-2.3222963,42.5317125
-2.3224590,42.5312916
-2.3225345,42.5311187
-2.3225727,42.5310031
-2.3225864,42.5309158
-2.3226073,42.5307615
-2.3226309,42.5306912
-2.3226743,42.5306097
-2.3227439,42.5305335
-2.3228041,42.5304573
-2.3228447,42.5303703
-2.3228839,42.5302804
-2.3229281,42.5301257
-2.3229490,42.5299908
-2.3229632,42.5298549
-2.3229759,42.5296211
-2.3229829,42.5295140
-2.3229779,42.5294228
-2.3229820,42.5293372
-2.3229898,42.5292991
-2.3230244,42.5292283
-2.3230553,42.5291684
-2.3230879,42.5291251
-2.3231238,42.5290848
-2.3232009,42.5290232
-2.3233048,42.5289230
-2.3233979,42.5288056
-2.3234888,42.5286216
-2.3235816,42.5284893
-2.3238973,42.5280652
-2.3244139,42.5276780
-2.3244515,42.5276666
-2.3245297,42.5276126
-2.3246641,42.5275282
-2.3247904,42.5274419
-2.3248794,42.5273369
-2.3249536,42.5272265
-2.3251996,42.5270788
-2.3252717,42.5270337
-2.3253397,42.5269875
-2.3256796,42.5266336
-2.3257133,42.5265985
-2.3258336,42.5265420
-2.3259361,42.5264467
-2.3260203,42.5263302
-2.3260315,42.5263117
-2.3260760,42.5262977
-2.3263505,42.5262382
-2.3266345,42.5261649
-2.3268182,42.5261106
-2.3268981,42.5260987
-2.3269806,42.5260918
-2.3271055,42.5260962
-2.3272304,42.5261094
-2.3273245,42.5261296
-2.3275364,42.5261903
-2.3275666,42.5261974
-2.3276121,42.5261916
-2.3276910,42.5261548
-2.3277391,42.5261336
-2.3277551,42.5261289
-2.3277738,42.5261292
-2.3278982,42.5261673
-2.3280222,42.5262258
-2.3280660,42.5262366
-2.3281887,42.5262408
-2.3282337,42.5262232
-2.3284821,42.5260839
-2.3286390,42.5260218
-2.3286997,42.5260075
-2.3287590,42.5259982
-2.3288822,42.5259895
-2.3290093,42.5259948
-2.3291287,42.5260036
-2.3292225,42.5260234
-2.3293191,42.5260332
-2.3293900,42.5260347
-2.3294596,42.5260323
-2.3295334,42.5260266
-2.3296071,42.5260160
-2.3297635,42.5259795
-2.3301037,42.5258697
-2.3301612,42.5258498
-2.3302146,42.5258280
-2.3302479,42.5258080
-2.3302692,42.5257820
-2.3302955,42.5257213
-2.3302989,42.5256048
-2.3303191,42.5255733
-2.3304154,42.5254717
-2.3304271,42.5254512
-2.3305066,42.5253321
-2.3305558,42.5252885
-2.3306038,42.5252177
-2.3306267,42.5251596
-2.3306699,42.5251118
-2.3308890,42.5249926
-2.3309311,42.5249264
-2.3309795,42.5247036
-2.3310128,42.5246780
-2.3310541,42.5246731
-2.3311779,42.5246609
-2.3313683,42.5245897
-2.3319195,42.5244634
-2.3322696,42.5243910
-2.3332544,42.5241913
-2.3338396,42.5240963
-2.3339509,42.5240588
-2.3343029,42.5239989
-2.3344002,42.5239791
-2.3346293,42.5239255
-2.3356178,42.5236135
-2.3360833,42.5234633
-2.3361884,42.5234224
-2.3363237,42.5233574
-2.3367824,42.5231858
-2.3368665,42.5231439
-2.3369545,42.5230884
-2.3370488,42.5229739
-2.3370464,42.5229410
-2.3370503,42.5229269
-2.3370770,42.5228876
-2.3371155,42.5228441
-2.3371981,42.5228145
-2.3374125,42.5227481
-2.3375824,42.5227110
-2.3376494,42.5227024
-2.3377458,42.5226756
-2.3379313,42.5225796
-2.3383303,42.5223950
-2.3386685,42.5222387
-2.3391409,42.5219875
-2.3392286,42.5219894
-2.3394437,42.5218388
-2.3394999,42.5218484
-2.3401428,42.5213718
-2.3403147,42.5212508
-2.3405103,42.5211275
-2.3407435,42.5210188
-2.3419579,42.5205240
-2.3436457,42.5198326
-2.3439852,42.5197155
-2.3442097,42.5196642
-2.3443548,42.5196311
-2.3462096,42.5192170
-2.3472966,42.5189766
-2.3499160,42.5183817
-2.3499012,42.5183318
-2.3499148,42.5183143
-2.3499514,42.5182995
-2.3500947,42.5182743
-2.3502404,42.5182313
-2.3503373,42.5182063
-2.3504591,42.5181586
-2.3505439,42.5181328
-2.3506251,42.5181018
-2.3508048,42.5180192
-2.3510507,42.5179126
-2.3511948,42.5178474
-2.3513604,42.5177552
-2.3514203,42.5177265
-2.3514872,42.5177036
-2.3519977,42.5176319
-2.3522056,42.5175945
-2.3523898,42.5175496
-2.3525385,42.5175227
-2.3527113,42.5175026
-2.3528934,42.5174876
-2.3530888,42.5174781
-2.3532796,42.5174625
-2.3534910,42.5174343
-2.3536907,42.5173951
-2.3543824,42.5172620
-2.3548332,42.5172018
-2.3549463,42.5171748
-2.3550465,42.5171470
-2.3551316,42.5171202
-2.3551800,42.5171169
-2.3552521,42.5171117
-2.3553230,42.5171100
-2.3557079,42.5171398
-2.3558709,42.5171524
-2.3561249,42.5171811
-2.3561893,42.5171064
-2.3562999,42.5170015
-2.3564219,42.5169156
-2.3565767,42.5168219
-2.3566465,42.5167926
-2.3567211,42.5167649
-2.3569034,42.5167131
-2.3570776,42.5166623
-2.3571396,42.5166323
-2.3574873,42.5165340
-2.3583062,42.5163350
-2.3588064,42.5162514
-2.3590306,42.5162050
-2.3590632,42.5161946
-2.3590948,42.5161924
-2.3592524,42.5162005
-2.3593239,42.5161941
-2.3595937,42.5161610
-2.3597950,42.5161390
-2.3598434,42.5161370
-2.3600576,42.5161548
-2.3601636,42.5161564
-2.3601719,42.5161565
-2.3604059,42.5161332
-2.3606451,42.5160977
-2.3609658,42.5160369
-2.3610193,42.5160174
-2.3610666,42.5159875
-2.3614391,42.5159238
-2.3617963,42.5158504
-2.3619755,42.5158289
-2.3619905,42.5158327
-2.3620032,42.5158382
-2.3620538,42.5158749
-2.3621056,42.5159056
-2.3621932,42.5159412
-2.3622386,42.5159432
-2.3622769,42.5159408
-2.3623897,42.5159161
-2.3625591,42.5158763
-2.3627842,42.5158292
-2.3628761,42.5158104
-2.3629622,42.5157847
-2.3631074,42.5157233
-2.3631992,42.5156966
-2.3633364,42.5156376
-2.3633562,42.5156311
-2.3633908,42.5156196
-2.3634498,42.5156093
-2.3636026,42.5155945
-2.3637010,42.5155829
-2.3637331,42.5155876
-2.3637641,42.5155975
-2.3637936,42.5156220
-2.3638172,42.5156517
-2.3638531,42.5157140
-2.3642749,42.5156171
-2.3643863,42.5155897
-2.3644402,42.5155765
-2.3647605,42.5155031
-2.3648193,42.5155117
-2.3649166,42.5155186
-2.3652370,42.5155279
-2.3657220,42.5155272
-2.3660526,42.5155342
-2.3661495,42.5155316
-2.3662168,42.5155342
-2.3667986,42.5154675
-2.3670981,42.5154412
-2.3678285,42.5153352
-2.3680753,42.5153373
-2.3689546,42.5151859
-2.3689544,42.5150532
-2.3690000,42.5150492
-2.3690420,42.5150673
-2.3692061,42.5152190
-2.3693584,42.5153684
-2.3693906,42.5153891
-2.3694282,42.5153969
-2.3695538,42.5153777
-2.3696769,42.5153597
-2.3701597,42.5153304
-2.3700895,42.5150654
-2.3703008,42.5150466
-2.3705345,42.5150320
-2.3717605,42.5149338
-2.3719655,42.5149203
-2.3732634,42.5148251
-2.3733038,42.5147847
-2.3734399,42.5147844
-2.3735322,42.5147848
-2.3735958,42.5148013
-2.3736137,42.5148239
-2.3736197,42.5148341
-2.3737301,42.5150222
-2.3737529,42.5151995
-2.3742618,42.5152507
-2.3743396,42.5152625
-2.3743989,42.5154167
-2.3744612,42.5155217
-2.3746329,42.5155529
-2.3746866,42.5155301
-2.3747684,42.5153356
-2.3748256,42.5151185
-2.3751552,42.5151424
-2.3753419,42.5151647
-2.3756154,42.5151826
-2.3759150,42.5151264
-2.3758819,42.5148700
-2.3762254,42.5149157
-2.3763036,42.5149164
-2.3763736,42.5148957
-2.3768216,42.5146206
-2.3768970,42.5145782
-2.3769603,42.5145283
-2.3771130,42.5143833
-2.3771863,42.5143086
-2.3772413,42.5142309
-2.3772711,42.5141045
-2.3773182,42.5138908
-2.3773184,42.5138740
-2.3773221,42.5135845
-2.3773266,42.5133953
-2.3773656,42.5133492
-2.3773937,42.5133218
-2.3774161,42.5132907
-2.3774749,42.5131714
-2.3775400,42.5130135
-2.3775635,42.5128798
-2.3775607,42.5128268
-2.3775645,42.5128093
-2.3775793,42.5127927
-2.3777826,42.5127923
-2.3781187,42.5128162
-2.3788129,42.5128904
-2.3789611,42.5129055
-2.3789985,42.5129049
-2.3790359,42.5128954
-2.3791345,42.5128516
-2.3791722,42.5128174
-2.3791885,42.5127645
-2.3791807,42.5127066
-2.3792543,42.5126134
-2.3792677,42.5125864
-2.3792548,42.5124682
-2.3791684,42.5122547
-2.3791505,42.5121875
-2.3791631,42.5121278
-2.3796207,42.5115140
-2.3796214,42.5114771
-2.3795998,42.5114537
-2.3794084,42.5112742
-2.3793704,42.5111900
-2.3793610,42.5111325
-2.3794019,42.5109276
-2.3794237,42.5106677
-2.3794468,42.5104562
-2.3794626,42.5103853
-2.3794973,42.5103233
-2.3795402,42.5102613
-2.3796003,42.5102041
-2.3798321,42.5100437
-2.3798972,42.5099993
-2.3799785,42.5099608
-2.3804664,42.5098753
-2.3805870,42.5098542
-2.3808369,42.5098076
-2.3812719,42.5097639
-2.3813907,42.5097318
-2.3814681,42.5096887
-2.3816346,42.5095557
-2.3817600,42.5094262
-2.3819640,42.5092399
-2.3825772,42.5085089
-2.3827428,42.5083333
-2.3828258,42.5082251
-2.3829219,42.5080660
-2.3829870,42.5079721
-2.3829842,42.5079355
-2.3829045,42.5077831
-2.3828999,42.5077630
-2.3829160,42.5077352
-2.3831414,42.5075772
-2.3833589,42.5074557
-2.3835609,42.5073253
-2.3836538,42.5072533
-2.3837517,42.5071357
-2.3839383,42.5065477
-2.3839661,42.5064485
-2.3840189,42.5060474
-2.3840458,42.5058787
-2.3840715,42.5057852
-2.3841088,42.5057036
-2.3841574,42.5056203
-2.3842107,42.5054968
-2.3842665,42.5053262
-2.3844133,42.5053018
-2.3845545,42.5052670
-2.3846842,42.5052202
-2.3848018,42.5051366
-2.3850539,42.5048803
-2.3851713,42.5047723
-2.3854085,42.5045753
-2.3857785,42.5042453
-2.3863045,42.5038160
-2.3863576,42.5037516
-2.3864663,42.5035336
-2.3865231,42.5034752
-2.3865822,42.5034321
-2.3868138,42.5032921
-2.3868480,42.5032620
-2.3868752,42.5032284
-2.3869012,42.5031676
-2.3869495,42.5029989
-2.3869678,42.5029312
-2.3869932,42.5028704
-2.3871332,42.5026530
-2.3874058,42.5021588
-2.3874465,42.5021124
-2.3874919,42.5020798
-2.3878424,42.5019290
-2.3879205,42.5018860
-2.3879782,42.5018542
-2.3880489,42.5017771
-2.3881032,42.5016983
-2.3881481,42.5015808
-2.3881683,42.5014581
-2.3881753,42.5013237
-2.3881626,42.5010424
-2.3881224,42.5008454
-2.3880694,42.5007095
-2.3880080,42.5006123
-2.3879589,42.5005289
-2.3879468,42.5004343
-2.3879698,42.5003275
-2.3880088,42.5002137
-2.3880547,42.5001347
-2.3882186,42.4999137
-2.3883325,42.4997601
-2.3885207,42.4995101
-2.3885852,42.4994292
-2.3886363,42.4993359
-2.3886736,42.4992183
-2.3888723,42.4984123
-2.3888989,42.4982670
-2.3888916,42.4981095
-2.3887822,42.4977865
-2.3887999,42.4976636
-2.3888222,42.4976223
-2.3888458,42.4975847
-2.3888135,42.4974215
-2.3886973,42.4970527
-2.3886352,42.4968956
-2.3885934,42.4968048
-2.3885520,42.4966603
-2.3885321,42.4965689
-2.3885331,42.4964826
-2.3885898,42.4962339
-2.3886456,42.4961025
-2.3887637,42.4960596
-2.3889233,42.4960044
-2.3890202,42.4959800
-2.3891310,42.4959624
-2.3895044,42.4959284
-2.3898384,42.4959034
-2.3900220,42.4958893
-2.3901257,42.4958862
-2.3904005,42.4959002
-2.3905551,42.4959135
-2.3909613,42.4959519
-2.3911749,42.4959921
-2.3914364,42.4960462
-2.3915471,42.4960512
-2.3916577,42.4960477
-2.3920714,42.4959854
-2.3925363,42.4958898
-2.3926085,42.4958870
-2.3926923,42.4958893
-2.3929678,42.4959184
-2.3932618,42.4959119
-2.3936811,42.4958789
-2.3939869,42.4958300
-2.3941928,42.4957818
-2.3943702,42.4957074
-2.3945110,42.4956230
-2.3945960,42.4955854
-2.3946915,42.4955803
-2.3948215,42.4955723
-2.3949631,42.4955746
-2.3951283,42.4955719
-2.3953032,42.4955532
-2.3956843,42.4954989
-2.3960726,42.4954197
-2.3962112,42.4953933
-2.3963405,42.4953909
-2.3967488,42.4953768
-2.3971593,42.4953438
-2.3973918,42.4953128
-2.3976196,42.4952732
-2.3984453,42.4951298
-2.3988185,42.4950381
-2.3991175,42.4949544
-2.3994234,42.4948483
-2.3997785,42.4947139
-2.3999720,42.4946375
-2.4002245,42.4945105
-2.4005068,42.4943604
-2.4006711,42.4942563
-2.4007503,42.4942050
-2.4008365,42.4941606
-2.4011340,42.4940431
-2.4015333,42.4939301
-2.4016864,42.4938826
-2.4018053,42.4938974
-2.4020233,42.4939517
-2.4022559,42.4940339
-2.4024357,42.4941307
-2.4027071,42.4942436
-2.4028564,42.4942877
-2.4032353,42.4942504
-2.4033146,42.4942384
-2.4035545,42.4941456
-2.4038874,42.4939781
-2.4040176,42.4939411
-2.4041959,42.4939895
-2.4042596,42.4939562
-2.4043704,42.4938846
-2.4045568,42.4940515
-2.4046806,42.4939785
-2.4048791,42.4938638
-2.4050348,42.4937767
-2.4050694,42.4937522
-2.4050938,42.4937331
-2.4051283,42.4937009
-2.4052213,42.4936468
-2.4054273,42.4935264
-2.4056400,42.4934260
-2.4058100,42.4933336
-2.4058690,42.4933139
-2.4059441,42.4933079
-2.4060540,42.4933020
-2.4061345,42.4932802
-2.4063753,42.4931965
-2.4066462,42.4931222
-2.4069785,42.4930220
-2.4071919,42.4929706
-2.4073670,42.4929407
-2.4074895,42.4929185
-2.4077399,42.4928233
-2.4084402,42.4926133
-2.4087875,42.4925256
-2.4091357,42.4924263
-2.4092782,42.4924101
-2.4093628,42.4923879
-2.4094179,42.4923750
-2.4094576,42.4923624
-2.4095986,42.4922988
-2.4097071,42.4922657
-2.4106003,42.4920111
-2.4111555,42.4918622
-2.4112496,42.4918384
-2.4114592,42.4917769
-2.4121362,42.4915801
-2.4123143,42.4915241
-2.4125082,42.4914819
-2.4125593,42.4914742
-2.4126355,42.4914704
-2.4127118,42.4914666
-2.4128490,42.4914305
-2.4134685,42.4912720
-2.4135859,42.4912468
-2.4137047,42.4912307
-2.4138569,42.4912506
-2.4139070,42.4912436
-2.4140185,42.4911880
-2.4141565,42.4910873
-2.4142211,42.4910461
-2.4143635,42.4909880
-2.4149028,42.4908377
-2.4154227,42.4907007
-2.4154798,42.4906713
-2.4155410,42.4906117
-2.4155881,42.4905821
-2.4157560,42.4905307
-2.4158066,42.4905217
-2.4159429,42.4905280
-2.4160130,42.4905264
-2.4160867,42.4905196
-2.4163196,42.4904692
-2.4167363,42.4903598
-2.4176402,42.4900671
-2.4178330,42.4900046
-2.4179851,42.4899814
-2.4181544,42.4899586
-2.4183511,42.4898965
-2.4184159,42.4898634
-2.4184375,42.4898252
-2.4184418,42.4897717
-2.4184091,42.4896882
-2.4184033,42.4896544
-2.4184169,42.4896258
-2.4187932,42.4892574
-2.4188608,42.4892065
-2.4189802,42.4891604
-2.4191155,42.4891209
-2.4192400,42.4891154
-2.4198574,42.4891435
-2.4199783,42.4891363
-2.4200269,42.4891272
-2.4200648,42.4891051
-2.4200880,42.4890819
-2.4201176,42.4889848
-2.4201427,42.4889431
-2.4201953,42.4889135
-2.4203326,42.4888688
-2.4205507,42.4888388
-2.4208132,42.4888047
-2.4215142,42.4886983
-2.4217748,42.4886436
-2.4221376,42.4885538
-2.4222335,42.4885204
-2.4223295,42.4884778
-2.4225571,42.4883860
-2.4228917,42.4882263
-2.4231813,42.4880934
-2.4236333,42.4878443
-2.4256202,42.4868749
-2.4261411,42.4866284
-2.4262626,42.4865614
-2.4263960,42.4864985
-2.4274524,42.4859840
-2.4277292,42.4858667
-2.4279274,42.4857748
-2.4281256,42.4856979
-2.4283971,42.4856047
-2.4286726,42.4855204
-2.4295262,42.4853296
-2.4303557,42.4851176
-2.4309236,42.4849863
-2.4313367,42.4848655
-2.4314306,42.4848243
-2.4315204,42.4847771
-2.4318227,42.4845732
-2.4324754,42.4840714
-2.4326274,42.4839434
-2.4329471,42.4836414
-2.4330238,42.4835696
-2.4340430,42.4826152
-2.4343000,42.4823746
-2.4344258,42.4822081
-2.4348334,42.4815380
-2.4355070,42.4801467
-2.4357988,42.4797225
-2.4362709,42.4790325
-2.4366206,42.4786109
-2.4368147,42.4783555
-2.4369228,42.4782118
-2.4371257,42.4779331
-2.4372054,42.4778331
-2.4372849,42.4776840
-2.4374948,42.4772194
-2.4376110,42.4770137
-2.4376921,42.4769226
-2.4377129,42.4768992
-2.4378739,42.4768062
-2.4380902,42.4766996
-2.4381730,42.4766624
-2.4382622,42.4766270
-2.4383525,42.4765978
-2.4384404,42.4765670
-2.4387039,42.4764398
-2.4390100,42.4762779
-2.4391034,42.4762125
-2.4391609,42.4761437
-2.4391800,42.4760416
-2.4391898,42.4759053
-2.4392100,42.4757411
-2.4392291,42.4756539
-2.4392584,42.4755726
-2.4393417,42.4754282
-2.4393847,42.4753528
-2.4394437,42.4752205
-2.4394859,42.4750750
-2.4395240,42.4749213
-2.4395500,42.4747768
-2.4395666,42.4746340
-2.4395873,42.4742141
-2.4396104,42.4740293
-2.4396494,42.4738505
-2.4397029,42.4737206
-2.4397642,42.4736073
-2.4398998,42.4734235
-2.4400243,42.4732591
-2.4401370,42.4731102
-2.4401634,42.4730607
-2.4401911,42.4730088
-2.4402449,42.4728729
-2.4402329,42.4728100
-2.4402630,42.4727728
-2.4403385,42.4727103
-2.4403570,42.4726955
-2.4403078,42.4726646
-2.4402630,42.4726364
-2.4402276,42.4726145
-2.4402194,42.4725750
-2.4402218,42.4725344
-2.4402384,42.4724985
-2.4409063,42.4719359
-2.4410192,42.4718599
-2.4411117,42.4718041
-2.4412763,42.4717617
-2.4415511,42.4716290
-2.4416946,42.4715597
-2.4418666,42.4714265
-2.4433118,42.4710515
-2.4433765,42.4711584
-2.4439798,42.4709998
-2.4440035,42.4709857
-2.4440258,42.4709632
-2.4440451,42.4709404
-2.4440506,42.4709263
-2.4440531,42.4709118
-2.4440561,42.4708963
-2.4440915,42.4708872
-2.4441301,42.4708774
-2.4441427,42.4708742
-2.4441551,42.4708581
-2.4441173,42.4707823
-2.4432947,42.4690266
-2.4432862,42.4690038
-2.4432849,42.4689923
-2.4432895,42.4689803
-2.4433162,42.4689736
-2.4433488,42.4689815
-2.4433686,42.4689764
-2.4433849,42.4689466
-2.4434271,42.4688697
-2.4434483,42.4688311
-2.4434768,42.4687792
-2.4442378,42.4684533
-2.4446641,42.4683425
-2.4452619,42.4682369
-2.4457017,42.4679965
-2.4461974,42.4677832
-2.4464769,42.4676868
-2.4467184,42.4676174
-2.4470151,42.4676015
-2.4472204,42.4675796
-2.4472218,42.4676054
-2.4472220,42.4676232
-2.4472227,42.4676743
-2.4472598,42.4676737
-2.4473329,42.4676723
-2.4475180,42.4676687
-2.4476170,42.4676668
-2.4480684,42.4675470
-2.4482562,42.4674784
-2.4486531,42.4673426
-2.4491562,42.4671708
-2.4492201,42.4671303
-2.4493883,42.4670836
-2.4494533,42.4670656
-2.4495878,42.4670267
-2.4495146,42.4666822
-2.4497111,42.4666562
-2.4498362,42.4666436
-2.4499171,42.4666412
-2.4500837,42.4666322
-2.4501193,42.4666303
-2.4501153,42.4662304
-2.4507036,42.4661919
-2.4507948,42.4661889
-2.4508003,42.4661127
-2.4507976,42.4659909
-2.4507601,42.4658657
-2.4508111,42.4658628
-2.4508691,42.4658595
-2.4508727,42.4658900
-2.4509036,42.4659335
-2.4509774,42.4659474
-2.4511142,42.4659286
-2.4512430,42.4659246
-2.4514335,42.4659395
-2.4514818,42.4659325
-2.4523670,42.4657259
-2.4524573,42.4656882
-2.4525054,42.4656760
-2.4526093,42.4656597
-2.4528420,42.4656058
-2.4534864,42.4654564
-2.4535891,42.4654302
-2.4541356,42.4652930
-2.4541656,42.4652974
-2.4541964,42.4652852
-2.4542059,42.4652678
-2.4542017,42.4652450
-2.4541777,42.4652242
-2.4540665,42.4651933
-2.4540989,42.4651373
-2.4541477,42.4650449
-2.4541820,42.4649834
-2.4546194,42.4650958
-2.4547240,42.4651274
-2.4547655,42.4651343
-2.4548701,42.4651284
-2.4550985,42.4650738
-2.4555326,42.4649701
-2.4555487,42.4649424
-2.4555393,42.4649276
-2.4555957,42.4649004
-2.4556726,42.4648633
-2.4556991,42.4648872
-2.4557500,42.4648984
-2.4557957,42.4649014
-2.4560262,42.4648471
-2.4562492,42.4647950
-2.4565915,42.4647147
-2.4572733,42.4645434
-2.4572867,42.4645400
-2.4572745,42.4645089
-2.4573153,42.4644995
-2.4574307,42.4644744
-2.4574396,42.4644757
-2.4574520,42.4644972
-2.4577006,42.4644365
-2.4576785,42.4643706
-2.4576935,42.4643667
-2.4577208,42.4643616
-2.4577665,42.4643517
-2.4578673,42.4643254
-2.4578983,42.4643924
-2.4587271,42.4641956
-2.4591090,42.4641016
-2.4590856,42.4640359
-2.4592045,42.4640075
-2.4592340,42.4639980
-2.4592767,42.4639878
-2.4592929,42.4639841
-2.4593163,42.4640328
-2.4593468,42.4640373
-2.4596324,42.4639673
-2.4596893,42.4639533
-2.4597254,42.4639414
-2.4598171,42.4639180
-2.4599452,42.4638828
-2.4599595,42.4638357
-2.4600202,42.4638368
-2.4600385,42.4638601
-2.4600609,42.4638694
-2.4601361,42.4638540
-2.4605807,42.4637482
-2.4606082,42.4637221
-2.4606116,42.4636949
-2.4606578,42.4636883
-2.4606992,42.4636823
-2.4607125,42.4636921
-2.4607488,42.4636974
-2.4615397,42.4635088
-2.4618875,42.4634258
-2.4619291,42.4634030
-2.4619565,42.4633760
-2.4619732,42.4633431
-2.4619770,42.4632924
-2.4619120,42.4631389
-2.4619754,42.4631226
-2.4621117,42.4630929
-2.4621631,42.4630817
-2.4621899,42.4630762
-2.4619922,42.4625965
-2.4620384,42.4625365
-2.4620320,42.4625174
-2.4620143,42.4624775
-2.4619980,42.4624407
-2.4619956,42.4624305
-2.4619222,42.4624293
-2.4617546,42.4620614
-2.4614953,42.4614923
-2.4612951,42.4611221
-2.4613220,42.4610788
-2.4614150,42.4610000
-2.4617214,42.4608130
-2.4618395,42.4606574
-2.4618715,42.4605894
-2.4619059,42.4604774
-2.4619260,42.4604530
-2.4619565,42.4603663
-2.4619991,42.4604001
-2.4621358,42.4602872
-2.4623152,42.4601937
-2.4624695,42.4601485
-2.4631648,42.4599785
-2.4632839,42.4599493
-2.4640250,42.4597661
-2.4641084,42.4597483
-2.4642038,42.4597292
-2.4644652,42.4596736
-2.4648119,42.4595947
-2.4649515,42.4595581
-2.4654657,42.4594323
-2.4655189,42.4594192
-2.4656495,42.4593980
-2.4660420,42.4593235
-2.4661753,42.4592982
-2.4662074,42.4592882
-2.4662548,42.4592753
-2.4662971,42.4592586
-2.4663833,42.4592353
-2.4664663,42.4592286
-2.4665294,42.4592088
-2.4666782,42.4591584
-2.4667882,42.4591399
-2.4668972,42.4591348
-2.4670386,42.4591298
-2.4671218,42.4591310
-2.4674630,42.4591297
-2.4676406,42.4591178
-2.4677784,42.4590931
-2.4678774,42.4590303
-2.4679391,42.4589277
-2.4679852,42.4587727
-2.4680096,42.4584073
-2.4680614,42.4582756
-2.4681213,42.4582398
-2.4682012,42.4582259
-2.4686934,42.4582675
-2.4694035,42.4583257
-2.4697561,42.4583303
-2.4700423,42.4583188
-2.4702439,42.4582813
-2.4702949,42.4582620
-2.4704716,42.4582148
-2.4706595,42.4581316
-2.4707836,42.4580539
-2.4709728,42.4579422
-2.4713625,42.4577849
-2.4718498,42.4576229
-2.4719615,42.4575602
-2.4720324,42.4575166
-2.4720197,42.4574788
-2.4723936,42.4573892
-2.4725678,42.4573474
-2.4727222,42.4573862
-2.4727668,42.4574610
-2.4727984,42.4574529
-2.4728762,42.4574306
-2.4729298,42.4574153
-2.4729488,42.4574083
-2.4729062,42.4573271
-2.4729808,42.4572012
-2.4730980,42.4571672
-2.4730803,42.4571270
-2.4730639,42.4570918
-2.4730463,42.4570568
-2.4730338,42.4570303
-2.4729813,42.4569187
-2.4729689,42.4568367
-2.4730042,42.4567665
-2.4732449,42.4566142
-2.4733859,42.4565611
-2.4735423,42.4565114
-2.4736988,42.4564747
-2.4741118,42.4564295
-2.4745622,42.4564129
-2.4747032,42.4563948
-2.4748585,42.4563608
-2.4751203,42.4562701
-2.4752115,42.4562351
-2.4752588,42.4562148
-2.4755125,42.4561060
-2.4756613,42.4560813
-2.4758025,42.4560727
-2.4759988,42.4560492
-2.4761523,42.4560309
-2.4763223,42.4560106
-2.4768126,42.4559193
-2.4773075,42.4557923
-2.4774149,42.4557587
-2.4774447,42.4557405
-2.4774585,42.4557144
-2.4774532,42.4556746
-2.4774051,42.4554190
-2.4774135,42.4553734
-2.4774468,42.4553334
-2.4774705,42.4553186
-2.4775009,42.4553067
-2.4778223,42.4552862
-2.4779495,42.4552683
-2.4783372,42.4551815
-2.4788493,42.4550930
-2.4796313,42.4549885
-2.4797211,42.4549429
-2.4801218,42.4547461
-2.4806040,42.4545094
-2.4812525,42.4542014
-2.4815926,42.4540546
-2.4820129,42.4538931
-2.4825700,42.4537057
-2.4829244,42.4535881
-2.4832177,42.4535049
-2.4844218,42.4533177
-2.4851453,42.4532069
-2.4853410,42.4531804
-2.4856934,42.4531364
-2.4862772,42.4530804
-2.4867185,42.4530479
-2.4868366,42.4530294
-2.4869231,42.4529982
-2.4870338,42.4529584
-2.4877761,42.4526411
-2.4884591,42.4523653
-2.4885273,42.4523396
-2.4893611,42.4520254
-2.4902078,42.4516927
-2.4905473,42.4516097
-2.4910730,42.4514981
-2.4922609,42.4511663
-2.4925637,42.4510807
-2.4930962,42.4509658
-2.4933490,42.4509056
-2.4938491,42.4507476
-2.4942745,42.4506166
-2.4947129,42.4504741
-2.4949743,42.4503893
-2.4950452,42.4503490
-2.4950467,42.4502895
-2.4949175,42.4501669
-2.4949038,42.4501035
-2.4949315,42.4500389
-2.4950178,42.4499879
-2.4951810,42.4499509
-2.4954910,42.4499446
-2.4960059,42.4499818
-2.4963000,42.4499806
-2.4967155,42.4499252
-2.4973101,42.4499222
-2.4974630,42.4499022
-2.4975762,42.4498796
-2.4977082,42.4498227
-2.4978445,42.4497143
-2.4980533,42.4494447
-2.4981741,42.4493215
-2.4982302,42.4492379
-2.4982354,42.4491356
-2.4982112,42.4488863
-2.4982264,42.4488330
-2.4982717,42.4487879
-2.4983327,42.4487693
-2.4985227,42.4487712
-2.4986037,42.4487661
-2.4988067,42.4486759
-2.4989695,42.4485800
-2.4991160,42.4483779
-2.4992130,42.4483027
-2.4996279,42.4481836
-2.4997283,42.4481344
-2.4997768,42.4481042
-2.4998063,42.4480706
-2.4998751,42.4479876
-2.4999167,42.4478649
-2.4999119,42.4478300
-2.4998971,42.4477958
-2.4998535,42.4476866
-2.4998962,42.4476363
-2.5003041,42.4474111
-2.5003546,42.4473583
-2.5003898,42.4473046
-2.5003961,42.4472835
-2.5005338,42.4471601
-2.5006306,42.4471255
-2.5022783,42.4477186
-2.5031582,42.4480352
-2.5034978,42.4481464
-2.5037128,42.4481417
-2.5038253,42.4480774
-2.5039000,42.4479657
-2.5038590,42.4478671
-2.5038244,42.4478310
-2.5038003,42.4477626
-2.5037784,42.4475991
-2.5037972,42.4475227
-2.5038822,42.4474147
-2.5039009,42.4473559
-2.5039007,42.4473021
-2.5039160,42.4472815
-2.5039594,42.4472785
-2.5040041,42.4472902
-2.5040629,42.4472834
-2.5041471,42.4472586
-2.5041914,42.4472642
-2.5042299,42.4472759
-2.5042701,42.4472685
-2.5043213,42.4472285
-2.5043706,42.4472038
-2.5044376,42.4471972
-2.5045105,42.4472059
-2.5046194,42.4471899
-2.5047010,42.4471791
-2.5048234,42.4471544
-2.5049084,42.4471137
-2.5049597,42.4470938
-2.5050412,42.4470336
-2.5050827,42.4469609
-2.5051431,42.4468727
-2.5052772,42.4467565
-2.5054581,42.4467227
-2.5058084,42.4466943
-2.5059447,42.4467140
-2.5062051,42.4467179
-2.5064129,42.4467295
-2.5065772,42.4467237
-2.5069932,42.4468459
-2.5074190,42.4469944
-2.5077778,42.4470982
-2.5079385,42.4471227
-2.5079900,42.4471254
-2.5080430,42.4471212
-2.5082315,42.4470928
-2.5085160,42.4470327
-2.5086442,42.4469854
-2.5091085,42.4467546
-2.5092794,42.4466373
-2.5094284,42.4465598
-2.5096741,42.4464832
-2.5099725,42.4463599
-2.5103728,42.4461604
-2.5105321,42.4461114
-2.5107242,42.4460575
-2.5108505,42.4460008
-2.5109630,42.4459197
-2.5111238,42.4457790
-2.5113038,42.4456614
-2.5114751,42.4455865
-2.5118043,42.4454661
-2.5121247,42.4453278
-2.5123580,42.4452099
-2.5125726,42.4450938
-2.5127021,42.4450272
-2.5128635,42.4449653
-2.5129947,42.4449429
-2.5131080,42.4449127
-2.5132116,42.4448578
-2.5132853,42.4447915
-2.5133397,42.4447073
-2.5133765,42.4446120
-2.5133830,42.4445123
-2.5133314,42.4444587
-2.5132276,42.4444077
-2.5129496,42.4443453
-2.5128031,42.4443094
-2.5124869,42.4442022
-2.5122706,42.4441496
-2.5121857,42.4441216
-2.5121306,42.4440586
-2.5120989,42.4440079
-2.5120925,42.4439291
-2.5121323,42.4438891
-2.5125139,42.4436572
-2.5128304,42.4434851
-2.5131494,42.4433222
-2.5132015,42.4432461
-2.5132659,42.4429414
-2.5132812,42.4428594
-2.5132830,42.4427676
-2.5132563,42.4426560
-2.5132083,42.4423280
-2.5132064,42.4421659
-2.5132475,42.4420083
-2.5132982,42.4419103
-2.5133872,42.4417506
-2.5134017,42.4416765
-2.5134034,42.4415928
-2.5133891,42.4415230
-2.5133738,42.4414851
-2.5133680,42.4414583
-2.5133664,42.4413685
-2.5135229,42.4413371
-2.5136545,42.4413156
-2.5137351,42.4413150
-2.5139801,42.4414076
-2.5146232,42.4415603
-2.5147301,42.4415560
-2.5147958,42.4415298
-2.5147920,42.4415148
-2.5148010,42.4411585
-2.5148192,42.4409626
-2.5148164,42.4406065
-2.5148831,42.4402146
-2.5149056,42.4399751
-2.5149489,42.4397908
-2.5150633,42.4395849
-2.5152657,42.4393327
-2.5153180,42.4391995
-2.5153226,42.4390859
-2.5152952,42.4389482
-2.5152132,42.4388273
-2.5150879,42.4387097
-2.5147968,42.4384930
-2.5146885,42.4383947
-2.5145399,42.4381521
-2.5143885,42.4379155
-2.5143764,42.4378654
-2.5143717,42.4378082
-2.5144168,42.4377443
-2.5146250,42.4376330
-2.5149225,42.4375005
-2.5153069,42.4373294
-2.5154892,42.4371943
-2.5156554,42.4370041
-2.5157518,42.4368649
-2.5158247,42.4367889
-2.5161501,42.4365839
-2.5162646,42.4365418
-2.5163372,42.4365466
-2.5163945,42.4365721
-2.5165067,42.4366705
-2.5166168,42.4367491
-2.5167459,42.4368151
-2.5170524,42.4370379
-2.5173386,42.4372608
-2.5176687,42.4374897
-2.5178762,42.4376125
-2.5179665,42.4376562
-2.5184340,42.4378155
-2.5189017,42.4379518
-2.5190420,42.4380013
-2.5194456,42.4381928
-2.5196386,42.4382974
-2.5198875,42.4384814
-2.5200745,42.4385825
-2.5203563,42.4386963
-2.5206628,42.4388022
-2.5208507,42.4388820
-2.5210304,42.4389798
-2.5211748,42.4390880
-2.5212702,42.4391405
-2.5213715,42.4391725
-2.5218202,42.4392992
-2.5222901,42.4394225
-2.5224829,42.4394905
-2.5226105,42.4395355
-2.5228290,42.4396376
-2.5229809,42.4397391
-2.5231684,42.4398644
-2.5234042,42.4399651
-2.5235845,42.4400346
-2.5237138,42.4400683
-2.5238183,42.4400857
-2.5239119,42.4400937
-2.5240290,42.4400701
-2.5245483,42.4399654
-2.5247546,42.4399372
-2.5249773,42.4399067
-2.5254667,42.4398650
-2.5260404,42.4398358
-2.5266159,42.4397909
-2.5267412,42.4397828
-2.5271909,42.4397721
-2.5275992,42.4397322
-2.5277952,42.4397118
-2.5282542,42.4396496
-2.5287309,42.4395717
-2.5288548,42.4395646
-2.5289637,42.4395660
-2.5290183,42.4395667
-2.5291249,42.4395504
-2.5299076,42.4393801
-2.5300562,42.4393599
-2.5301544,42.4393466
-2.5308739,42.4392171
-2.5313662,42.4390942
-2.5318330,42.4389412
-2.5319215,42.4389160
-2.5319560,42.4389062
-2.5322309,42.4388610
-2.5327823,42.4388229
-2.5331489,42.4388033
-2.5334237,42.4387803
-2.5340566,42.4386659
-2.5343377,42.4386261
-2.5345002,42.4386194
-2.5346610,42.4386049
-2.5353050,42.4385184
-2.5354492,42.4384952
-2.5355874,42.4384626
-2.5357984,42.4383803
-2.5361707,42.4382510
-2.5368326,42.4380445
-2.5371530,42.4379445
-2.5373216,42.4379054
-2.5376016,42.4378360
-2.5377957,42.4377964
-2.5379770,42.4377649
-2.5381878,42.4377308
-2.5384540,42.4376976
-2.5386084,42.4376804
-2.5388247,42.4376382
-2.5389956,42.4375959
-2.5392449,42.4375055
-2.5394590,42.4374150
-2.5394744,42.4374086
-2.5396133,42.4373355
-2.5397832,42.4372434
-2.5402232,42.4370120
-2.5403577,42.4369412
-2.5404465,42.4368918
-2.5405458,42.4368431
-2.5406095,42.4368151
-2.5407023,42.4367799
-2.5408270,42.4367333
-2.5409525,42.4367002
-2.5410925,42.4366678
-2.5412515,42.4366470
-2.5413677,42.4366353
-2.5415203,42.4366265
-2.5415566,42.4366233
-2.5416746,42.4366124
-2.5417736,42.4366020
-2.5418363,42.4365908
-2.5420127,42.4365566
-2.5421790,42.4365149
-2.5422168,42.4365049
-2.5422873,42.4364864
-2.5424809,42.4364268
-2.5426077,42.4364003
-2.5427446,42.4363553
-2.5428730,42.4363255
-2.5433958,42.4362774
-2.5443005,42.4361626
-2.5452064,42.4360520
-2.5464162,42.4358316
-2.5466692,42.4357977
-2.5468891,42.4357764
-2.5472998,42.4357210
-2.5475294,42.4356823
-2.5479283,42.4355875
-2.5480930,42.4355465
-2.5482215,42.4355436
-2.5483535,42.4355498
-2.5485592,42.4355854
-2.5487813,42.4356195
-2.5489718,42.4356745
-2.5493427,42.4358570
-2.5494989,42.4359170
-2.5495884,42.4359257
-2.5496744,42.4359181
-2.5497651,42.4358903
-2.5503607,42.4354216
-2.5507097,42.4351333
-2.5508153,42.4350553
-2.5509264,42.4349918
-2.5512173,42.4349088
-2.5516406,42.4347776
-2.5518999,42.4347101
-2.5526226,42.4345323
-2.5530756,42.4343847
-2.5535973,42.4342124
-2.5542577,42.4340316
-2.5549289,42.4338108
-2.5554173,42.4336901
-2.5573389,42.4331393
-2.5577714,42.4330244
-2.5584005,42.4328571
-2.5586920,42.4327539
-2.5590342,42.4325723
-2.5590830,42.4325602
-2.5591259,42.4325576
-2.5591603,42.4325619
-2.5591912,42.4325688
-2.5592646,42.4326078
-2.5593266,42.4326236
-2.5592616,42.4324263
-2.5592065,42.4323842
-2.5591540,42.4323504
-2.5591136,42.4323329
-2.5591416,42.4322859
-2.5591810,42.4322160
-2.5592564,42.4321458
-2.5592066,42.4318965
-2.5593464,42.4317380
-2.5593926,42.4316549
-2.5594680,42.4314840
-2.5594150,42.4310650
-2.5594331,42.4309852
-2.5595840,42.4303210
-2.5596047,42.4302620
-2.5596346,42.4301767
-2.5597237,42.4300664
-2.5598330,42.4299590
-2.5600024,42.4298420
-2.5602235,42.4297208
-2.5603667,42.4296510
-2.5605161,42.4296008
-2.5605713,42.4295869
-2.5607356,42.4295456
-2.5609252,42.4295112
-2.5609551,42.4295058
-2.5609966,42.4295020
-2.5611665,42.4294865
-2.5615422,42.4294624
-2.5616155,42.4294593
-2.5618598,42.4294520
-2.5619427,42.4294496
-2.5620244,42.4294662
-2.5621026,42.4294906
-2.5622310,42.4295668
-2.5623124,42.4296538
-2.5623705,42.4297364
-2.5628227,42.4303787
-2.5628775,42.4304668
-2.5629635,42.4306282
-2.5630330,42.4307515
-2.5630669,42.4308115
-2.5636831,42.4307825
-2.5641165,42.4307611
-2.5642899,42.4307433
-2.5646639,42.4306792
-2.5646861,42.4306670
-2.5646995,42.4306547
-2.5647618,42.4306500
-2.5647941,42.4306473
-2.5651440,42.4305971
-2.5654142,42.4305552
-2.5674569,42.4302085
-2.5676010,42.4301846
-2.5680847,42.4301038
-2.5681786,42.4300665
-2.5687223,42.4298331
-2.5702346,42.4291265
-2.5732528,42.4276798
-2.5736417,42.4274934
-2.5738223,42.4274069
-2.5738130,42.4273284
-2.5738576,42.4272855
-2.5742350,42.4271112
-2.5753181,42.4266149
-2.5769608,42.4259050
-2.5770590,42.4258522
-2.5770803,42.4257654
-2.5773548,42.4255829
-2.5775022,42.4254591
-2.5778320,42.4250749
-2.5780422,42.4248648
-2.5782789,42.4246828
-2.5783412,42.4246024
-2.5785658,42.4242210
-2.5786019,42.4241596
-2.5789101,42.4237025
-2.5790956,42.4234245
-2.5793041,42.4231751
-2.5794747,42.4230128
-2.5795428,42.4229343
-2.5795781,42.4228843
-2.5796860,42.4226323
-2.5797635,42.4224842
-2.5799390,42.4222583
-2.5801590,42.4220629
-2.5803918,42.4218278
-2.5806937,42.4216041
-2.5808805,42.4214536
-2.5809776,42.4214020
-2.5810907,42.4213602
-2.5812882,42.4212418
-2.5815919,42.4210321
-2.5816821,42.4209663
-2.5818316,42.4208252
-2.5821509,42.4205627
-2.5822615,42.4204238
-2.5824671,42.4201373
-2.5826069,42.4199683
-2.5827221,42.4198063
-2.5828622,42.4196572
-2.5829788,42.4195857
-2.5830924,42.4195461
-2.5833177,42.4195010
-2.5834531,42.4194486
-2.5837845,42.4191826
-2.5839597,42.4190787
-2.5841579,42.4190044
-2.5843154,42.4189152
-2.5845221,42.4187775
-2.5846496,42.4186471
-2.5851032,42.4181339
-2.5851614,42.4180681
-2.5851693,42.4180604
-2.5857613,42.4174850
-2.5862865,42.4169233
-2.5863621,42.4168582
-2.5864617,42.4167723
-2.5867563,42.4165797
-2.5869104,42.4164440
-2.5871084,42.4162373
-2.5873182,42.4158928
-2.5876431,42.4151237
-2.5876763,42.4150687
-2.5877370,42.4150399
-2.5878045,42.4150431
-2.5879755,42.4150848
-2.5882245,42.4151082
-2.5888505,42.4151872
-2.5890090,42.4151729
-2.5895130,42.4150851
-2.5897120,42.4150609
-2.5900709,42.4150562
-2.5905335,42.4150244
-2.5913305,42.4149595
-2.5919595,42.4149035
-2.5921175,42.4148873
-2.5924303,42.4148125
-2.5927837,42.4147237
-2.5930006,42.4146789
-2.5931942,42.4146704
-2.5936381,42.4146670
-2.5939096,42.4146485
-2.5940456,42.4146550
-2.5942159,42.4147000
-2.5944751,42.4147952
-2.5946154,42.4148560
-2.5948074,42.4149867
-2.5950094,42.4151263
-2.5950536,42.4151547
-2.5951308,42.4152042
-2.5954465,42.4154068
-2.5955802,42.4155153
-2.5956985,42.4156307
-2.5958119,42.4157100
-2.5958291,42.4157175
-2.5962405,42.4158969
-2.5964860,42.4160188
-2.5966324,42.4160915
-2.5967962,42.4161435
-2.5973512,42.4163020
-2.5976691,42.4164095
-2.5980343,42.4164971
-2.5981554,42.4165160
-2.5980773,42.4166681
-2.5980717,42.4166790
-2.5980210,42.4168091
-2.5980066,42.4168823
-2.5980247,42.4169285
-2.5980449,42.4169688
-2.5981041,42.4170178
-2.5982385,42.4171355
-2.5986449,42.4169526
-2.5991819,42.4167156
-2.5997942,42.4164217
-2.6004180,42.4161251
-2.6012795,42.4157918
-2.6019729,42.4155473
-2.6022167,42.4154616
-2.6026417,42.4153123
-2.6037040,42.4149098
-2.6038126,42.4148686
-2.6041203,42.4147745
-2.6045841,42.4146084
-2.6048751,42.4145061
-2.6067056,42.4138444
-2.6080470,42.4133527
-2.6082868,42.4132696
-2.6087112,42.4131225
-2.6093953,42.4129197
-2.6095467,42.4128805
-2.6101615,42.4127213
-2.6104040,42.4126865
-2.6108267,42.4125778
-2.6112351,42.4124941
-2.6122301,42.4123313
-2.6125588,42.4122878
-2.6131346,42.4122336
-2.6141479,42.4121944
-2.6187723,42.4121264
-2.6196208,42.4121139
-2.6201398,42.4121041
-2.6205749,42.4120619
-2.6210692,42.4120474
-2.6216635,42.4120505
-2.6218461,42.4120604
-2.6222454,42.4121085
-2.6223700,42.4121103
-2.6225356,42.4120434
-2.6225967,42.4119978
-2.6226953,42.4119790
-2.6231948,42.4119995
-2.6238627,42.4119623
-2.6243473,42.4119134
-2.6249751,42.4118667
-2.6253695,42.4118539
-2.6261053,42.4118151
-2.6265809,42.4117796
-2.6268775,42.4117637
-2.6273486,42.4117467
-2.6276126,42.4117374
-2.6277497,42.4117450
-2.6279161,42.4117695
-2.6279867,42.4117458
-2.6280503,42.4117300
-2.6283314,42.4116959
-2.6285886,42.4116621
-2.6291789,42.4115644
-2.6294691,42.4115932
-2.6297059,42.4115879
-2.6305375,42.4115580
-2.6309382,42.4115580
-2.6314990,42.4115199
-2.6321374,42.4115044
-2.6327783,42.4115262
-2.6337905,42.4115779
-2.6339740,42.4115714
-2.6341248,42.4115273
-2.6345599,42.4113822
-2.6348432,42.4113553
-2.6350020,42.4113754
-2.6356168,42.4114129
-2.6359728,42.4114475
-2.6364738,42.4114977
-2.6367534,42.4115103
-2.6369528,42.4114921
-2.6371552,42.4114649
-2.6373191,42.4114340
-2.6374163,42.4114193
-2.6375073,42.4114227
-2.6382098,42.4114839
-2.6383183,42.4114882
-2.6384268,42.4114834
-2.6385293,42.4114612
-2.6390152,42.4113698
-2.6394861,42.4113408
-2.6397741,42.4113040
-2.6400022,42.4113063
-2.6410026,42.4113511
-2.6415040,42.4113238
-2.6416974,42.4113553
-2.6418815,42.4113937
-2.6420358,42.4114558
-2.6421332,42.4115236
-2.6421911,42.4115711
-2.6423331,42.4116718
-2.6424666,42.4117124
-2.6425249,42.4117425
-2.6425969,42.4118714
-2.6426831,42.4119691
-2.6427719,42.4120138
-2.6428701,42.4120302
-2.6429874,42.4120643
-2.6431547,42.4121717
-2.6432794,42.4122536
-2.6433997,42.4122942
-2.6435522,42.4123653
-2.6438119,42.4124711
-2.6441101,42.4124350
-2.6444225,42.4123720
-2.6444741,42.4123686
-2.6451742,42.4124282
-2.6453448,42.4124411
-2.6454382,42.4124322
-2.6456249,42.4124438
-2.6465325,42.4124664
-2.6467048,42.4124707
-2.6468664,42.4124860
-2.6470887,42.4125399
-2.6471879,42.4125546
-2.6474377,42.4125681
-2.6478928,42.4125610
-2.6480807,42.4125862
-2.6483218,42.4126468
-2.6484341,42.4126525
-2.6485360,42.4126416
-2.6485951,42.4126121
-2.6486403,42.4125395
-2.6486694,42.4125081
-2.6488489,42.4123867
-2.6491915,42.4122288
-2.6493777,42.4121117
-2.6494803,42.4120328
-2.6495222,42.4119790
-2.6495846,42.4118811
-2.6496656,42.4117591
-2.6498426,42.4115718
-2.6498853,42.4114667
-2.6500766,42.4112872
-2.6502147,42.4111853
-2.6503361,42.4111239
-2.6504086,42.4111032
-2.6504756,42.4110894
-2.6505881,42.4111130
-2.6507037,42.4112183
-2.6507711,42.4112693
-2.6508736,42.4112426
-2.6509485,42.4112164
-2.6510448,42.4111737
-2.6511274,42.4111303
-2.6512190,42.4110676
-2.6512744,42.4110451
-2.6513339,42.4110271
-2.6515585,42.4109847
-2.6516316,42.4109715
-2.6518093,42.4109394
-2.6519557,42.4109103
-2.6520554,42.4109037
-2.6522438,42.4109274
-2.6524352,42.4109504
-2.6528834,42.4109485
-2.6530670,42.4109315
-2.6532239,42.4108968
-2.6536408,42.4107485
-2.6538606,42.4106934
-2.6542807,42.4106670
-2.6546327,42.4106632
-2.6550969,42.4106922
-2.6559865,42.4107942
-2.6568927,42.4108844
-2.6575573,42.4109609
-2.6578034,42.4109925
-2.6583506,42.4110889
-2.6586308,42.4111316
-2.6592402,42.4112013
-2.6598359,42.4112982
-2.6601483,42.4113292
-2.6604564,42.4113346
-2.6606483,42.4113447
-2.6613173,42.4114182
-2.6618080,42.4114113
-2.6621241,42.4114227
-2.6624161,42.4114044
-2.6625573,42.4113577
-2.6625994,42.4113524
-2.6626646,42.4113539
-2.6628357,42.4113715
-2.6632531,42.4114050
-2.6634250,42.4114356
-2.6635968,42.4114813
-2.6636981,42.4115124
-2.6639152,42.4116315
-2.6639940,42.4116606
-2.6640528,42.4116769
-2.6641116,42.4116826
-2.6643265,42.4116904
-2.6646617,42.4117219
-2.6654315,42.4117886
-2.6658694,42.4118662
-2.6666244,42.4120077
-2.6671922,42.4121263
-2.6674391,42.4121414
-2.6676270,42.4121761
-2.6685152,42.4123841
-2.6694436,42.4126400
-2.6698190,42.4127562
-2.6699654,42.4127975
-2.6701237,42.4128272
-2.6709507,42.4131127
-2.6712862,42.4132264
-2.6714964,42.4132683
-2.6717426,42.4132994
-2.6720738,42.4133678
-2.6724000,42.4133888
-2.6725658,42.4133789
-2.6726581,42.4133735
-2.6727390,42.4133838
-2.6728707,42.4134212
-2.6729874,42.4134419
-2.6730684,42.4134514
-2.6730798,42.4134528
-2.6732110,42.4134996
-2.6734289,42.4135667
-2.6737085,42.4136147
-2.6738888,42.4136437
-2.6742777,42.4136118
-2.6743665,42.4136154
-2.6744518,42.4136255
-2.6747304,42.4136951
-2.6750295,42.4137907
-2.6752813,42.4138778
-2.6754903,42.4139311
-2.6755778,42.4139591
-2.6756936,42.4140211
-2.6759896,42.4141828
-2.6765395,42.4145029
-2.6768391,42.4146602
-2.6770002,42.4147229
-2.6771728,42.4147777
-2.6772842,42.4148227
-2.6774004,42.4149064
-2.6774475,42.4149192
-2.6775126,42.4149369
-2.6776053,42.4149506
-2.6780648,42.4149932
-2.6782441,42.4149945
-2.6783160,42.4149840
-2.6785349,42.4149338
-2.6787495,42.4148894
-2.6792161,42.4148282
-2.6792329,42.4148260
-2.6798895,42.4146818
-2.6802204,42.4145850
-2.6805520,42.4144775
-2.6807018,42.4144469
-2.6809531,42.4144293
-2.6815231,42.4143803
-2.6819736,42.4143440
-2.6820249,42.4143419
-2.6827486,42.4143118
-2.6831382,42.4142757
-2.6833181,42.4142456
-2.6834061,42.4142141
-2.6837324,42.4140873
-2.6838494,42.4140565
-2.6845178,42.4138730
-2.6848209,42.4137818
-2.6850950,42.4136970
-2.6853277,42.4136417
-2.6858124,42.4135800
-2.6860154,42.4135422
-2.6863438,42.4134300
-2.6864058,42.4134222
-2.6865863,42.4134155
-2.6867627,42.4133970
-2.6869486,42.4133728
-2.6869702,42.4133700
-2.6872672,42.4133338
-2.6876598,42.4133301
-2.6878200,42.4133308
-2.6883197,42.4133803
-2.6888455,42.4134187
-2.6892421,42.4134117
-2.6896764,42.4133850
-2.6901323,42.4133600
-2.6906234,42.4133305
-2.6908585,42.4133039
-2.6911077,42.4132480
-2.6913208,42.4132329
-2.6915146,42.4132256
-2.6916968,42.4132294
-2.6919620,42.4132307
-2.6921046,42.4132384
-2.6922518,42.4132547
-2.6928641,42.4133820
-2.6932210,42.4134401
-2.6936043,42.4135132
-2.6939207,42.4135669
-2.6939750,42.4135844
-2.6940241,42.4136095
-2.6941663,42.4136926
-2.6943942,42.4138273
-2.6947778,42.4140748
-2.6949039,42.4141639
-2.6949548,42.4141560
-2.6950004,42.4141203
-2.6950523,42.4140792
-2.6951772,42.4141132
-2.6952318,42.4141207
-2.6953741,42.4141401
-2.6961715,42.4142421
-2.6962596,42.4142325
-2.6964681,42.4141683
-2.6967296,42.4141208
-2.6970486,42.4140973
-2.6971589,42.4141085
-2.6972768,42.4141262
-2.6972851,42.4141274
-2.6973997,42.4141619
-2.6976145,42.4142368
-2.6979630,42.4143428
-2.6981921,42.4144605
-2.6983121,42.4144141
-2.6985018,42.4143360
-2.6985457,42.4143185
-2.6987128,42.4144887
-2.6988520,42.4146099
-2.6989328,42.4147469
-2.6990945,42.4149399
-2.6991245,42.4150020
-2.6991708,42.4150656
-2.6993190,42.4152363
-2.6994065,42.4153552
-2.6995120,42.4156022
-2.6995563,42.4158113
-2.6996037,42.4159433
-2.6997087,42.4161367
-2.6997651,42.4161569
-2.6998216,42.4161576
-2.6999049,42.4161298
-2.6999911,42.4160482
-2.7001518,42.4158446
-2.7002439,42.4157279
-2.7002832,42.4157070
-2.7003292,42.4156920
-2.7004996,42.4156710
-2.7007694,42.4156519
-2.7010521,42.4156381
-2.7013727,42.4156012
-2.7017982,42.4155282
-2.7020660,42.4154739
-2.7022956,42.4154196
-2.7024595,42.4153840
-2.7025244,42.4153711
-2.7027328,42.4154076
-2.7030584,42.4154580
-2.7032950,42.4154952
-2.7034104,42.4154962
-2.7034206,42.4154967
-2.7036229,42.4155358
-2.7042373,42.4156220
-2.7047339,42.4156897
-2.7052538,42.4157364
-2.7056723,42.4157577
-2.7065703,42.4158331
-2.7068919,42.4158307
-2.7072889,42.4158411
-2.7084134,42.4159816
-2.7090815,42.4160611
-2.7091025,42.4160636
-2.7094843,42.4161091
-2.7095950,42.4161083
-2.7098896,42.4160629
-2.7099662,42.4160717
-2.7100792,42.4161679
-2.7101721,42.4162111
-2.7105075,42.4162663
-2.7109632,42.4163735
-2.7112307,42.4164056
-2.7115321,42.4164629
-2.7120853,42.4165365
-2.7126393,42.4166414
-2.7131953,42.4167661
-2.7135868,42.4168648
-2.7141830,42.4170031
-2.7145872,42.4171164
-2.7147770,42.4171670
-2.7148556,42.4171924
-2.7149154,42.4172197
-2.7153819,42.4177203
-2.7155618,42.4176593
-2.7156638,42.4176251
-2.7158734,42.4175758
-2.7159648,42.4175710
-2.7160654,42.4175812
-2.7166112,42.4177834
-2.7169248,42.4178727
-2.7172852,42.4179379
-2.7176322,42.4179683
-2.7178303,42.4179947
-2.7186466,42.4183200
-2.7189615,42.4184168
-2.7191832,42.4184622
-2.7193956,42.4184854
-2.7198972,42.4185236
-2.7199904,42.4185307
-2.7208212,42.4185912
-2.7212015,42.4185972
-2.7212934,42.4186003
-2.7216852,42.4185726
-2.7217467,42.4185670
-2.7226744,42.4184832
-2.7227635,42.4184751
-2.7247063,42.4183317
-2.7248202,42.4183129
-2.7248590,42.4182933
-2.7248885,42.4182785
-2.7249444,42.4182185
-2.7250621,42.4182564
-2.7251706,42.4182913
-2.7252716,42.4183044
-2.7253411,42.4183104
-2.7253978,42.4183017
-2.7254477,42.4182936
-2.7254966,42.4182917
-2.7255794,42.4183142
-2.7256136,42.4183391
-2.7256805,42.4183540
-2.7256907,42.4183563
-2.7257480,42.4183609
-2.7258559,42.4183692
-2.7265953,42.4182374
-2.7273808,42.4180814
-2.7275752,42.4180447
-2.7277548,42.4180107
-2.7278503,42.4179927
-2.7279343,42.4179768
-2.7280928,42.4179468
-2.7284755,42.4178743
-2.7289265,42.4177259
-2.7290664,42.4176661
-2.7296909,42.4174237
-2.7299692,42.4173086
-2.7299998,42.4172927
-2.7304441,42.4170615
-2.7308272,42.4169761
-2.7310133,42.4169107
-2.7311168,42.4168742
-2.7312421,42.4169053
-2.7315992,42.4171050
-2.7318156,42.4172359
-2.7318817,42.4172759
-2.7320134,42.4173166
-2.7321218,42.4173332
-2.7321327,42.4172849
-2.7321596,42.4172987
-2.7322366,42.4173197
-2.7332550,42.4174402
-2.7332819,42.4174442
-2.7333142,42.4174465
-2.7333376,42.4174540
-2.7333735,42.4174653
-2.7334798,42.4175279
-2.7335345,42.4175694
-2.7335148,42.4175096
-2.7337801,42.4172357
-2.7338843,42.4171127
-2.7340499,42.4168136
-2.7342188,42.4165480
-2.7346357,42.4165958
-2.7350401,42.4166292
-2.7350717,42.4166318
-2.7351901,42.4166478
-2.7352589,42.4166691
-2.7352742,42.4163447
-2.7353579,42.4160711
-2.7354010,42.4160138
-2.7354407,42.4159830
-2.7354598,42.4158168
-2.7357339,42.4157634
-2.7358130,42.4157502
-2.7363906,42.4157562
-2.7366820,42.4158082
-2.7375403,42.4159508
-2.7375760,42.4159480
-2.7376058,42.4159457
-2.7377045,42.4159083
-2.7382034,42.4157058
-2.7384451,42.4156059
-2.7385436,42.4155652
-2.7386017,42.4155482
-2.7391542,42.4154740
-2.7395028,42.4154354
-2.7395779,42.4154065
-2.7406573,42.4147471
-2.7408303,42.4146603
-2.7410336,42.4145723
-2.7410752,42.4145594
-2.7413659,42.4144692
-2.7415064,42.4144369
-2.7417872,42.4143413
-2.7420175,42.4142377
-2.7420703,42.4142139
-2.7423526,42.4141143
-2.7426358,42.4140511
-2.7427904,42.4140349
-2.7429288,42.4140368
-2.7430046,42.4140429
-2.7431008,42.4140609
-2.7432602,42.4141575
-2.7432705,42.4141638
-2.7433405,42.4142027
-2.7434105,42.4142329
-2.7436350,42.4142791
-2.7438646,42.4143087
-2.7440934,42.4143150
-2.7445079,42.4143093
-2.7447958,42.4143353
-2.7450689,42.4144139
-2.7452325,42.4144676
-2.7452906,42.4144830
-2.7453557,42.4144829
-2.7454724,42.4144636
-2.7455185,42.4144540
-2.7455410,42.4144494
-2.7456143,42.4144455
-2.7457487,42.4144810
-2.7459866,42.4145869
-2.7464025,42.4147392
-2.7465290,42.4147703
-2.7466581,42.4147797
-2.7467771,42.4147979
-2.7468962,42.4148319
-2.7471641,42.4149090
-2.7474283,42.4149744
-2.7476257,42.4150450
-2.7478697,42.4151813
-2.7478807,42.4151874
-2.7479746,42.4152274
-2.7479945,42.4152351
-2.7481074,42.4152786
-2.7482607,42.4153026
-2.7483936,42.4153196
-2.7486860,42.4153479
-2.7490184,42.4153557
-2.7492946,42.4153758
-2.7499260,42.4155004
-2.7503978,42.4155798
-2.7505484,42.4156168
-2.7506643,42.4156551
-2.7508238,42.4157497
-2.7509196,42.4158237
-2.7510486,42.4158905
-2.7511673,42.4159672
-2.7512753,42.4160558
-2.7514565,42.4162147
-2.7515191,42.4162619
-2.7515669,42.4162901
-2.7516349,42.4163134
-2.7517308,42.4163380
-2.7517872,42.4163445
-2.7518489,42.4163431
-2.7520784,42.4163382
-2.7522306,42.4163228
-2.7523574,42.4163100
-2.7528762,42.4162967
-2.7532025,42.4162967
-2.7534132,42.4162875
-2.7536455,42.4162547
-2.7541162,42.4161883
-2.7546235,42.4161166
-2.7548973,42.4161701
-2.7550720,42.4161798
-2.7557787,42.4161629
-2.7563216,42.4161227
-2.7566516,42.4160863
-2.7573209,42.4160315
-2.7591289,42.4159751
-2.7593881,42.4160859
-2.7597712,42.4162304
-2.7598608,42.4162753
-2.7599411,42.4163202
-2.7599547,42.4163274
-2.7600154,42.4163563
-2.7600738,42.4163749
-2.7602131,42.4164116
-2.7603828,42.4164414
-2.7607012,42.4164854
-2.7608511,42.4165053
-2.7613115,42.4166338
-2.7620650,42.4167971
-2.7626600,42.4169183
-2.7632574,42.4170241
-2.7640954,42.4171687
-2.7647520,42.4173247
-2.7648586,42.4173428
-2.7649089,42.4173513
-2.7653546,42.4174243
-2.7658003,42.4174718
-2.7661712,42.4175077
-2.7665828,42.4175225
-2.7670030,42.4176051
-2.7678093,42.4177297
-2.7680669,42.4177623
-2.7683163,42.4177814
-2.7688936,42.4178091
-2.7694616,42.4178356
-2.7697246,42.4178621
-2.7703403,42.4179461
-2.7706917,42.4180252
-2.7710208,42.4180818
-2.7714369,42.4181813
-2.7722407,42.4184161
-2.7723322,42.4184375
-2.7726210,42.4185119
-2.7731417,42.4186275
-2.7734027,42.4186937
-2.7739300,42.4188395
-2.7740678,42.4188682
-2.7754014,42.4192475
-2.7758536,42.4193609
-2.7768689,42.4195538
-2.7780878,42.4198014
-2.7788292,42.4198486
-2.7795971,42.4199228
-2.7798721,42.4199778
-2.7806207,42.4201664
-2.7808312,42.4202086
-2.7810503,42.4202151
-2.7815296,42.4202043
-2.7819605,42.4201945
-2.7825662,42.4202051
-2.7831861,42.4202276
-2.7833751,42.4202475
-2.7836942,42.4202944
-2.7848197,42.4204424
-2.7855048,42.4205236
-2.7861920,42.4205793
-2.7863831,42.4205944
-2.7870179,42.4206446
-2.7876951,42.4206820
-2.7878743,42.4206919
-2.7885558,42.4207118
-2.7888205,42.4207196
-2.7888398,42.4207217
-2.7890472,42.4207441
-2.7892331,42.4208059
-2.7894455,42.4208841
-2.7896716,42.4209663
-2.7899740,42.4210944
-2.7902839,42.4212256
-2.7908759,42.4214767
-2.7911243,42.4215634
-2.7919657,42.4218355
-2.7920732,42.4218722
-2.7923652,42.4219718
-2.7925429,42.4220324
-2.7928508,42.4221458
-2.7931099,42.4222412
-2.7933283,42.4223014
-2.7935089,42.4223475
-2.7936813,42.4223861
-2.7949537,42.4226072
-2.7951948,42.4226491
-2.7953253,42.4226740
-2.7974936,42.4230450
-2.7985680,42.4232796
-2.7987031,42.4233199
-2.7988909,42.4233950
-2.7994665,42.4236402
-2.7997734,42.4237681
-2.7999718,42.4238340
-2.8006191,42.4240527
-2.8007309,42.4240946
-2.8008418,42.4241444
-2.8009350,42.4241863
-2.8012321,42.4243183
-2.8015017,42.4244194
-2.8019105,42.4245349
-2.8022049,42.4245937
-2.8023184,42.4246195
-2.8024354,42.4246632
-2.8025163,42.4246963
-2.8025798,42.4247336
-2.8027209,42.4248404
-2.8028226,42.4249508
-2.8036339,42.4258062
-2.8040011,42.4258508
-2.8052918,42.4259937
-2.8068993,42.4261623
-2.8072901,42.4262205
-2.8074871,42.4262506
-2.8077017,42.4263069
-2.8087666,42.4265819
-2.8107903,42.4271881
-2.8109894,42.4272685
-2.8125928,42.4280148
-2.8133442,42.4282996
-2.8139285,42.4284867
-2.8142155,42.4285650
-2.8146404,42.4286455
-2.8149719,42.4287233
-2.8151858,42.4287873
-2.8153970,42.4288631
-2.8158542,42.4290366
-2.8164656,42.4292148
-2.8166828,42.4292844
-2.8173935,42.4295361
-2.8175039,42.4295930
-2.8175665,42.4296383
-2.8176112,42.4296900
-2.8177261,42.4297005
-2.8179606,42.4298511
-2.8184705,42.4302621
-2.8185949,42.4303562
-2.8186921,42.4304655
-2.8191251,42.4310047
-2.8191857,42.4310963
-2.8193220,42.4312581
-2.8195643,42.4314770
-2.8201969,42.4319739
-2.8204322,42.4321405
-2.8209543,42.4324189
-2.8211732,42.4325038
-2.8206693,42.4332953
-2.8207977,42.4333139
-2.8211372,42.4333682
-2.8220315,42.4334978
-2.8228603,42.4336218
-2.8232465,42.4336732
-2.8237642,42.4337068
-2.8257356,42.4338559
-2.8277272,42.4340041
-2.8281287,42.4340487
-2.8285898,42.4341279
-2.8289489,42.4341457
-2.8295521,42.4341232
-2.8298882,42.4341297
-2.8304862,42.4341500
-2.8311413,42.4342362
-2.8313520,42.4342473
-2.8318388,42.4342349
-2.8325205,42.4342060
-2.8327055,42.4341915
-2.8328416,42.4341582
-2.8329706,42.4341036
-2.8333429,42.4339008
-2.8338245,42.4336366
-2.8339318,42.4336085
-2.8340825,42.4336007
-2.8344930,42.4335932
-2.8355335,42.4335468
-2.8358154,42.4335395
-2.8361694,42.4335487
-2.8377174,42.4336146
-2.8386987,42.4336486
-2.8388491,42.4336599
-2.8390272,42.4337026
-2.8393249,42.4337991
-2.8399111,42.4340208
-2.8400901,42.4340471
-2.8402210,42.4340570
-2.8406374,42.4340077
-2.8408283,42.4339897
-2.8410054,42.4339951
-2.8412137,42.4340157
-2.8412497,42.4338445
-2.8412793,42.4337509
-2.8413675,42.4336813
-2.8415855,42.4336060
-2.8419069,42.4334866
-2.8421695,42.4333976
-2.8426684,42.4332985
-2.8432209,42.4331949
-2.8438227,42.4330658
-2.8446422,42.4328964
-2.8454767,42.4327237
-2.8457922,42.4326827
-2.8460292,42.4326630
-2.8462749,42.4326686
-2.8465316,42.4327033
-2.8473864,42.4328903
-2.8476021,42.4329305
-2.8478223,42.4329604
-2.8479878,42.4329705
-2.8481460,42.4329805
-2.8483251,42.4329735
-2.8485014,42.4329351
-2.8486182,42.4328916
-2.8487470,42.4328142
-2.8489324,42.4326497
-2.8491647,42.4324330
-2.8492413,42.4323949
-2.8494171,42.4323513
-2.8497494,42.4322510
-2.8501195,42.4321180
-2.8504441,42.4320128
-2.8513664,42.4317565
-2.8529042,42.4313399
-2.8531215,42.4312696
-2.8532922,42.4311957
-2.8553473,42.4301218
-2.8562140,42.4296716
-2.8583680,42.4284582
-2.8602607,42.4273686
-2.8603664,42.4273993
-2.8604695,42.4274083
-2.8606599,42.4273961
-2.8634461,42.4271701
-2.8647144,42.4270703
-2.8650635,42.4270114
-2.8693439,42.4257848
-2.8703584,42.4254836
-2.8709169,42.4253348
-2.8710494,42.4252969
-2.8711738,42.4252749
-2.8714076,42.4252440
-2.8729256,42.4250786
-2.8731159,42.4250571
-2.8732928,42.4250335
-2.8736038,42.4249658
-2.8751990,42.4245919
-2.8757945,42.4244487
-2.8762116,42.4243321
-2.8765114,42.4242340
-2.8767495,42.4241480
-2.8769890,42.4240316
-2.8775670,42.4237073
-2.8778335,42.4235548
-2.8780799,42.4234181
-2.8783003,42.4232693
-2.8786997,42.4229612
-2.8789614,42.4227699
-2.8798177,42.4222645
-2.8802637,42.4220001
-2.8821332,42.4208847
-2.8845715,42.4194495
-2.8855202,42.4188832
-2.8857619,42.4187293
-2.8858285,42.4186553
-2.8858478,42.4185766
-2.8857979,42.4183585
-2.8862542,42.4180744
-2.8863269,42.4179808
-2.8863973,42.4178845
-2.8864689,42.4179407
-2.8867782,42.4177418
-2.8869333,42.4176449
-2.8873039,42.4174135
-2.8874085,42.4173482
-2.8875602,42.4172535
-2.8881158,42.4169066
-2.8885745,42.4166203
-2.8886084,42.4165991
-2.8893217,42.4161537
-2.8894539,42.4160712
-2.8897170,42.4159069
-2.8900381,42.4156980
-2.8902501,42.4157170
-2.8912620,42.4157479
-2.8923707,42.4157817
-2.8924867,42.4157852
-2.8924925,42.4156926
-2.8925376,42.4149734
-2.8925436,42.4148773
-2.8925492,42.4147883
-2.8925688,42.4144738
-2.8925726,42.4144127
-2.8934249,42.4144324
-2.8935455,42.4143970
-2.8937318,42.4143263
-2.8938673,42.4142538
-2.8945750,42.4137844
-2.8947005,42.4136953
-2.8949048,42.4135579
-2.8950754,42.4134130
-2.8951740,42.4132605
-2.8952400,42.4131180
-2.8952730,42.4130772
-2.8953133,42.4130502
-2.8954425,42.4130010
-2.8954936,42.4129815
-2.8955479,42.4129624
-2.8959535,42.4128202
-2.8960346,42.4127974
-2.8961140,42.4127751
-2.8963271,42.4127887
-2.8963418,42.4128065
-2.8963010,42.4130934
-2.8963552,42.4130973
-2.8963972,42.4131000
-2.8964144,42.4131012
-2.8963527,42.4135293
-2.8963700,42.4135441
-2.8963981,42.4135716
-2.8964236,42.4136253
-2.8964360,42.4137002
-2.8965014,42.4137719
-2.8965470,42.4138134
-2.8966167,42.4138352
-2.8967095,42.4138593
-2.8967965,42.4138887
-2.8969064,42.4139521
-2.8969563,42.4140157
-2.8969805,42.4140712
-2.8970153,42.4141583
-2.8970502,42.4142276
-2.8971127,42.4142791
-2.8972149,42.4143263
-2.8976376,42.4144534
-2.8978801,42.4145362
-2.8979911,42.4145876
-2.8981349,42.4146709
-2.8983135,42.4147623
-2.8984594,42.4148867
-2.8985613,42.4150075
-2.8986568,42.4151326
-2.8987376,42.4152502
-2.8998200,42.4153954
-2.9004772,42.4154890
-2.9005493,42.4154962
-2.9006144,42.4154917
-2.9048609,42.4160508
-2.9050086,42.4160718
-2.9051564,42.4161045
-2.9056256,42.4162474
-2.9086554,42.4172858
-2.9106941,42.4179900
-2.9108370,42.4180216
-2.9109325,42.4180655
-2.9128156,42.4191975
-2.9143062,42.4200879
-2.9165305,42.4214342
-2.9170608,42.4217523
-2.9190947,42.4229619
-2.9192597,42.4230748
-2.9203787,42.4240564
-2.9237409,42.4270057
-2.9252831,42.4283690
-2.9260036,42.4289989
-2.9270024,42.4298755
-2.9273303,42.4301525
-2.9284213,42.4311143
-2.9303874,42.4328469
-2.9315541,42.4338678
-2.9315967,42.4339087
-2.9316276,42.4339461
-2.9316404,42.4339679
-2.9316649,42.4339932
-2.9319484,42.4342421
-2.9325734,42.4348780
-2.9332010,42.4354834
-2.9335992,42.4358353
-2.9338876,42.4360717
-2.9342562,42.4363008
-2.9347352,42.4365348
-2.9352057,42.4367052
-2.9361749,42.4369835
-2.9379646,42.4374712
-2.9386378,42.4376248
-2.9387882,42.4376768
-2.9388987,42.4377466
-2.9389785,42.4378409
-2.9390202,42.4379264
-2.9390376,42.4380529
-2.9390131,42.4381389
-2.9389930,42.4382167
-2.9391614,42.4382494
-2.9395462,42.4383240
-2.9406577,42.4385319
-2.9425766,42.4388788
-2.9433063,42.4390044
-2.9434922,42.4390358
-2.9435202,42.4390406
-2.9435738,42.4390391
-2.9437153,42.4390589
-2.9438740,42.4390999
-2.9439281,42.4391125
-2.9440344,42.4391251
-2.9440580,42.4391286
-2.9441443,42.4391414
-2.9441960,42.4391522
-2.9442893,42.4391717
-2.9445602,42.4392291
-2.9446728,42.4392469
-2.9447715,42.4392544
-2.9450135,42.4392509
-2.9450939,42.4392512
-2.9451663,42.4392514
-2.9452280,42.4392727
-2.9452629,42.4392964
-2.9452803,42.4393256
-2.9453112,42.4393519
-2.9453295,42.4393654
-2.9453595,42.4393875
-2.9453997,42.4394093
-2.9454656,42.4394349
-2.9456330,42.4394851
-2.9456437,42.4394875
-2.9459330,42.4395517
-2.9465426,42.4396922
-2.9466318,42.4397123
-2.9466833,42.4397239
-2.9467316,42.4397351
-2.9468156,42.4397545
-2.9484380,42.4401204
-2.9488486,42.4402086
-2.9490855,42.4402601
-2.9492031,42.4402852
-2.9492646,42.4402982
-2.9494884,42.4403414
-2.9503055,42.4405054
-2.9505720,42.4405471
-2.9511573,42.4406377
-2.9512364,42.4406516
-2.9512870,42.4406591
-2.9514252,42.4406807
-2.9515709,42.4407094
-2.9525578,42.4408536
-2.9527248,42.4408867
-2.9531761,42.4409403
-2.9532726,42.4409424
-2.9534384,42.4408889
-2.9535489,42.4408557
-2.9536776,42.4408651
-2.9538353,42.4409087
-2.9540395,42.4409503
-2.9541570,42.4409645
-2.9544815,42.4409827
-2.9546199,42.4409953
-2.9548594,42.4410128
-2.9549519,42.4410146
-2.9554817,42.4410414
-2.9556817,42.4410559
-2.9559127,42.4410650
-2.9559265,42.4410656
-2.9560771,42.4410766
-2.9563332,42.4410963
-2.9564595,42.4411087
-2.9567974,42.4411419
-2.9570803,42.4411844
-2.9571426,42.4411937
-2.9571692,42.4410902
-2.9571922,42.4410008
-2.9573230,42.4410201
-2.9576198,42.4410640
-2.9583511,42.4411162
-2.9584325,42.4411220
-2.9586889,42.4411650
-2.9587537,42.4412033
-2.9588109,42.4412334
-2.9588777,42.4412686
-2.9589732,42.4413093
-2.9592082,42.4414095
-2.9592941,42.4414411
-2.9597683,42.4416023
-2.9602962,42.4417724
-2.9603901,42.4418021
-2.9603788,42.4418339
-2.9604248,42.4418427
-2.9609600,42.4420007
-2.9615189,42.4421694
-2.9621390,42.4423625
-2.9622041,42.4424297
-2.9622992,42.4425622
-2.9626963,42.4426788
-2.9629172,42.4427761
-2.9631369,42.4428925
-2.9633383,42.4429957
-2.9638371,42.4433180
-2.9643905,42.4437590
-2.9645088,42.4438385
-2.9645817,42.4438647
-2.9646521,42.4438813
-2.9646662,42.4438815
-2.9647593,42.4438700
-2.9648018,42.4438584
-2.9651880,42.4442886
-2.9652241,42.4442728
-2.9652934,42.4442810
-2.9653627,42.4443065
-2.9656594,42.4444469
-2.9660173,42.4445781
-2.9661352,42.4446091
-2.9664324,42.4446871
-2.9669003,42.4448267
-2.9670560,42.4448617
-2.9683972,42.4450925
-2.9688993,42.4451922
-2.9696066,42.4453789
-2.9710082,42.4457015
-2.9717789,42.4458665
-2.9718511,42.4456129
-2.9719106,42.4454378
-2.9719491,42.4453560
-2.9721174,42.4453605
-2.9722244,42.4453315
-2.9723073,42.4453419
-2.9749545,42.4461833
-2.9774891,42.4469792
-2.9785912,42.4472855
-2.9800992,42.4476571
-2.9803049,42.4478106
-2.9809479,42.4479888
-2.9810933,42.4479979
-2.9812949,42.4480052
-2.9813100,42.4480057
-2.9815069,42.4480262
-2.9838236,42.4486093
-2.9858463,42.4492689
-2.9859360,42.4493226
-2.9857797,42.4495415
-2.9859429,42.4496033
-2.9874978,42.4500154
-2.9881109,42.4501215
-2.9886506,42.4501819
-2.9901567,42.4503324
-2.9909614,42.4504231
-2.9922743,42.4506262
-2.9929358,42.4507067
-2.9935856,42.4508079
-2.9949425,42.4510056
-2.9955783,42.4511105
-2.9964266,42.4512461
-2.9974746,42.4514344
-2.9985021,42.4515724
-3.0002907,42.4517680
-3.0012383,42.4518754
-3.0015787,42.4518985
-3.0022912,42.4519387
-3.0026042,42.4519573
-3.0047983,42.4520681
-3.0049378,42.4520879
-3.0050075,42.4521275
-3.0050611,42.4521869
-3.0050957,42.4522775
-3.0052061,42.4522862
-3.0055208,42.4523096
-3.0056747,42.4523211
-3.0057446,42.4522068
-3.0058122,42.4521439
-3.0058537,42.4521209
-3.0059194,42.4520998
-3.0060160,42.4520998
-3.0061126,42.4521077
-3.0078560,42.4522937
-3.0103438,42.4525718
-3.0115199,42.4526935
-3.0140358,42.4529033
-3.0157900,42.4530497
-3.0161762,42.4530656
-3.0165517,42.4530299
-3.0167931,42.4529864
-3.0169380,42.4529626
-3.0170721,42.4529626
-3.0172183,42.4529835
-3.0173237,42.4529971
-3.0174620,42.4528516
-3.0175054,42.4527987
-3.0175712,42.4527638
-3.0176544,42.4527328
-3.0177576,42.4527048
-3.0181766,42.4526340
-3.0208272,42.4521626
-3.0213315,42.4520776
-3.0246685,42.4514797
-3.0246750,42.4514785
-3.0247934,42.4514726
-3.0248333,42.4514689
-3.0249137,42.4514524
-3.0249272,42.4514481
-3.0249594,42.4514378
-3.0249254,42.4513581
-3.0249424,42.4513352
-3.0259254,42.4509444
-3.0263341,42.4508025
-3.0266702,42.4506692
-3.0268218,42.4506182
-3.0269152,42.4505761
-3.0269260,42.4505707
-3.0270850,42.4504961
-3.0272122,42.4504433
-3.0282739,42.4500101
-3.0286977,42.4498365
-3.0296569,42.4494110
-3.0301518,42.4491784
-3.0297954,42.4488675
-3.0298571,42.4488284
-3.0298998,42.4488177
-3.0299472,42.4488195
-3.0300090,42.4488361
-3.0300756,42.4488706
-3.0301821,42.4489397
-3.0302797,42.4489883
-3.0303349,42.4490043
-3.0304187,42.4490096
-3.0306229,42.4489762
-3.0309811,42.4489219
-3.0311347,42.4488848
-3.0312867,42.4488340
-3.0317140,42.4487272
-3.0319863,42.4486630
-3.0322328,42.4486135
-3.0324084,42.4486033
-3.0325859,42.4485983
-3.0327004,42.4485953
-3.0328149,42.4485831
-3.0328899,42.4485758
-3.0329632,42.4485776
-3.0330698,42.4485977
-3.0330389,42.4486907
-3.0329968,42.4487778
-3.0329489,42.4488754
-3.0328992,42.4489501
-3.0330454,42.4490154
-3.0343593,42.4496358
-3.0346289,42.4497620
-3.0357497,42.4502902
-3.0364555,42.4506210
-3.0368324,42.4508068
-3.0370286,42.4508989
-3.0371143,42.4508200
-3.0380227,42.4499298
-3.0389251,42.4490345
-3.0391724,42.4487897
-3.0392540,42.4487364
-3.0393449,42.4486969
-3.0395085,42.4486486
-3.0396907,42.4486123
-3.0398805,42.4485516
-3.0401411,42.4484333
-3.0405776,42.4482151
-3.0410128,42.4479753
-3.0417810,42.4475548
-3.0425457,42.4471265
-3.0429302,42.4469171
-3.0432279,42.4467217
-3.0443692,42.4459495
-3.0455022,42.4451593
-3.0456192,42.4450915
-3.0456995,42.4450576
-3.0457786,42.4450444
-3.0458227,42.4450461
-3.0458557,42.4450555
-3.0458913,42.4450581
-3.0459624,42.4450460
-3.0463434,42.4449455
-3.0468849,42.4447971
-3.0474297,42.4446536
-3.0480210,42.4444976
-3.0492099,42.4441808
-3.0496044,42.4440623
-3.0500555,42.4438921
-3.0507154,42.4436715
-3.0513523,42.4434625
-3.0518787,42.4433070
-3.0521046,42.4432257
-3.0525328,42.4430009
-3.0529929,42.4427644
-3.0534526,42.4424923
-3.0540208,42.4421073
-3.0543286,42.4418854
-3.0562191,42.4408285
-3.0578872,42.4399175
-3.0604451,42.4387173
-3.0607045,42.4386103
-3.0614539,42.4383477
-3.0617496,42.4382212
-3.0621041,42.4380979
-3.0622202,42.4380643
-3.0624255,42.4383234
-3.0628179,42.4387272
-3.0630957,42.4388262
-3.0632728,42.4388094
-3.0633303,42.4388034
-3.0634090,42.4387872
-3.0638704,42.4386324
-3.0640275,42.4385795
-3.0643652,42.4384658
-3.0646155,42.4383815
-3.0651063,42.4382188
-3.0654315,42.4381174
-3.0657322,42.4380241
-3.0657554,42.4380172
-3.0658512,42.4379889
-3.0660472,42.4379328
-3.0664032,42.4378308
-3.0666059,42.4377758
-3.0666344,42.4377682
-3.0670581,42.4376120
-3.0671148,42.4376072
-3.0675377,42.4375749
-3.0676598,42.4375372
-3.0680212,42.4374252
-3.0683066,42.4373366
-3.0684699,42.4372628
-3.0690432,42.4371861
-3.0696239,42.4371605
-3.0698265,42.4371826
-3.0702084,42.4371847
-3.0705276,42.4371818
-3.0710172,42.4371849
-3.0711292,42.4371856
-3.0718095,42.4371899
-3.0723894,42.4371984
-3.0725115,42.4372092
-3.0726898,42.4372016
-3.0730313,42.4372009
-3.0733701,42.4372218
-3.0742271,42.4372732
-3.0743069,42.4372856
-3.0743722,42.4373099
-3.0744283,42.4373172
-3.0749404,42.4373324
-3.0761471,42.4374024
-3.0777619,42.4374932
-3.0792894,42.4375998
-3.0795642,42.4376028
-3.0796346,42.4375825
-3.0796929,42.4375483
-3.0797543,42.4374992
-3.0798737,42.4373094
-3.0799581,42.4371587
-3.0800567,42.4370234
-3.0800897,42.4370064
-3.0801320,42.4369917
-3.0802106,42.4369903
-3.0802892,42.4369935
-3.0808382,42.4370403
-3.0811330,42.4370695
-3.0814416,42.4371157
-3.0815973,42.4371197
-3.0819191,42.4370792
-3.0824223,42.4369928
-3.0831919,42.4368386
-3.0835025,42.4367872
-3.0838328,42.4367020
-3.0841660,42.4366140
-3.0842908,42.4365920
-3.0845278,42.4365585
-3.0846882,42.4365430
-3.0847980,42.4365324
-3.0849066,42.4365219
-3.0849982,42.4365136
-3.0851312,42.4364868
-3.0851844,42.4364761
-3.0853674,42.4364442
-3.0854887,42.4364383
-3.0857734,42.4364254
-3.0859020,42.4364194
-3.0860783,42.4363993
-3.0861770,42.4363798
-3.0862536,42.4363705
-3.0863409,42.4363702
-3.0863810,42.4363710
-3.0864164,42.4363866
-3.0864542,42.4364092
-3.0864750,42.4364387
-3.0864921,42.4364937
-3.0865091,42.4365942
-3.0865221,42.4366284
-3.0865544,42.4366474
-3.0865824,42.4366482
-3.0866105,42.4366445
-3.0866352,42.4366347
-3.0866600,42.4366214
-3.0867256,42.4365741
-3.0869299,42.4364063
-3.0872377,42.4361146
-3.0873700,42.4360059
-3.0878688,42.4356737
-3.0882850,42.4354252
-3.0884477,42.4353161
-3.0885385,42.4352660
-3.0886616,42.4352321
-3.0890001,42.4351852
-3.0892950,42.4351201
-3.0897898,42.4349651
-3.0898957,42.4349310
-3.0901695,42.4348479
-3.0910302,42.4346123
-3.0921782,42.4343026
-3.0925860,42.4342003
-3.0926974,42.4340660
-3.0927636,42.4338951
-3.0928504,42.4336785
-3.0929372,42.4333673
-3.0930240,42.4330531
-3.0930695,42.4328792
-3.0931273,42.4327846
-3.0932059,42.4326961
-3.0933506,42.4326260
-3.0935655,42.4325588
-3.0939045,42.4324551
-3.0941029,42.4323422
-3.0943426,42.4322141
-3.0948221,42.4319822
-3.0951611,42.4317808
-3.0955869,42.4315673
-3.0960168,42.4313537
-3.0963433,42.4311706
-3.0964425,42.4311127
-3.0969129,42.4309605
-3.0970927,42.4308418
-3.0972792,42.4307303
-3.0974050,42.4306300
-3.0975476,42.4305077
-3.0978404,42.4302679
-3.0980215,42.4300973
-3.0981311,42.4299805
-3.0981904,42.4299158
-3.0982332,42.4298147
-3.0982764,42.4296911
-3.0983338,42.4294879
-3.0984041,42.4292352
-3.0984992,42.4288823
-3.0985730,42.4285901
-3.0986015,42.4284408
-3.0986173,42.4283503
-3.0986434,42.4282380
-3.0986618,42.4281594
-3.0986833,42.4280861
-3.0987109,42.4280234
-3.0987497,42.4279539
-3.0988513,42.4278237
-3.0989799,42.4276691
-3.0990740,42.4275445
-3.0991484,42.4274677
-3.0992789,42.4273372
-3.0994076,42.4272305
-3.0994909,42.4271643
-3.0995955,42.4271071
-3.0996987,42.4270628
-3.0998589,42.4270139
-3.0999859,42.4269720
-3.1001541,42.4268717
-3.1002678,42.4268068
-3.1003722,42.4267305
-3.1004904,42.4266667
-3.1005800,42.4266126
-3.1007288,42.4264797
-3.1008341,42.4263858
-3.1009226,42.4263225
-3.1010287,42.4262727
-3.1011727,42.4262113
-3.1012180,42.4261910
-3.1015233,42.4260543
-3.1017091,42.4259679
-3.1018712,42.4259025
-3.1020226,42.4258736
-3.1021258,42.4258687
-3.1021959,42.4258740
-3.1022394,42.4258799
-3.1023666,42.4259086
-3.1025779,42.4259611
-3.1027854,42.4260072
-3.1029413,42.4260441
-3.1030485,42.4260788
-3.1032843,42.4261504
-3.1033677,42.4261776
-3.1034765,42.4262129
-3.1035616,42.4262512
-3.1036670,42.4262987
-3.1037406,42.4263385
-3.1038255,42.4264025
-3.1039110,42.4264673
-3.1040076,42.4265386
-3.1041786,42.4266784
-3.1042999,42.4267712
-3.1043904,42.4268275
-3.1044810,42.4268713
-3.1046028,42.4269200
-3.1047233,42.4269642
-3.1049124,42.4270197
-3.1054265,42.4271624
-3.1056955,42.4272323
-3.1058395,42.4272603
-3.1059490,42.4272777
-3.1061000,42.4272910
-3.1061765,42.4272954
-3.1062935,42.4272965
-3.1063764,42.4272943
-3.1064803,42.4272891
-3.1067946,42.4272456
-3.1073084,42.4271634
-3.1076882,42.4270991
-3.1081823,42.4270269
-3.1084112,42.4269906
-3.1085605,42.4269690
-3.1086902,42.4269601
-3.1087912,42.4269647
-3.1088889,42.4269878
-3.1089735,42.4270155
-3.1090738,42.4270529
-3.1092677,42.4271550
-3.1096250,42.4273488
-3.1099062,42.4275048
-3.1100970,42.4276167
-3.1102494,42.4277150
-3.1103579,42.4277885
-3.1104449,42.4278609
-3.1105351,42.4279337
-3.1106176,42.4280154
-3.1106924,42.4280973
-3.1107632,42.4281852
-3.1108511,42.4282995
-3.1109787,42.4284655
-3.1110840,42.4286178
-3.1111973,42.4287919
-3.1113472,42.4290398
-3.1115274,42.4293227
-3.1116445,42.4295234
-3.1117199,42.4296475
-3.1118015,42.4297619
-3.1118929,42.4298821
-3.1119570,42.4299425
-3.1120365,42.4300161
-3.1121182,42.4300842
-3.1122342,42.4301761
-3.1125743,42.4304630
-3.1128521,42.4306954
-3.1131618,42.4309651
-3.1132884,42.4310553
-3.1133811,42.4311214
-3.1134689,42.4311548
-3.1134819,42.4311609
-3.1135147,42.4311763
-3.1136615,42.4311631
-3.1142694,42.4311168
-3.1177965,42.4308063
-3.1223250,42.4304265
-3.1226680,42.4304137
-3.1229562,42.4304266
-3.1234918,42.4304800
-3.1241243,42.4305536
-3.1245997,42.4306263
-3.1251921,42.4306844
-3.1257613,42.4307584
-3.1262824,42.4308360
-3.1276680,42.4310385
-3.1280509,42.4310777
-3.1283433,42.4310840
-3.1287133,42.4310660
-3.1293362,42.4310145
-3.1294130,42.4309984
-3.1298511,42.4309075
-3.1300833,42.4308417
-3.1303021,42.4307600
-3.1307167,42.4305885
-3.1309906,42.4304486
-3.1315482,42.4300679
-3.1326463,42.4292755
-3.1327166,42.4291972
-3.1327719,42.4291262
-3.1328537,42.4290382
-3.1329366,42.4289655
-3.1330205,42.4289196
-3.1331018,42.4288866
-3.1332014,42.4288678
-3.1334431,42.4288595
-3.1335815,42.4288325
-3.1344488,42.4285549
-3.1348907,42.4284248
-3.1357827,42.4281392
-3.1357860,42.4278856
-3.1357867,42.4278381
-3.1358118,42.4277614
-3.1359419,42.4275720
-3.1359945,42.4275191
-3.1360258,42.4274605
-3.1360463,42.4274020
-3.1360804,42.4273789
-3.1364701,42.4272821
-3.1365178,42.4272931
-3.1365627,42.4273179
-3.1366033,42.4273480
-3.1366653,42.4273582
-3.1367238,42.4273365
-3.1368301,42.4272966
-3.1370404,42.4272473
-3.1372583,42.4272183
-3.1375879,42.4271875
-3.1385416,42.4271843
-3.1386863,42.4271159
-3.1388689,42.4270582
-3.1432977,42.4256045
-3.1444342,42.4252506
-3.1506574,42.4231886
-3.1520111,42.4227125
-3.1521001,42.4226867
-3.1521916,42.4226596
-3.1522485,42.4226425
-3.1523111,42.4226270
-3.1525792,42.4225593
-3.1529641,42.4224538
-3.1532684,42.4223479
-3.1548370,42.4218347
-3.1570520,42.4211138
-3.1578653,42.4208477
-3.1585647,42.4206279
-3.1596268,42.4203373
-3.1626101,42.4195827
-3.1630988,42.4194564
-3.1646160,42.4190695
-3.1657506,42.4187963
-3.1658981,42.4187347
-3.1666295,42.4185468
-3.1679582,42.4182149
-3.1695388,42.4178200
-3.1707691,42.4175068
-3.1715954,42.4172925
-3.1736750,42.4167330
-3.1742442,42.4165883
-3.1744325,42.4165433
-3.1745628,42.4164972
-3.1748340,42.4164621
-3.1751823,42.4163784
-3.1766725,42.4160051
-3.1770292,42.4159271
-3.1774186,42.4158630
-3.1777428,42.4158291
-3.1781697,42.4157983
-3.1784229,42.4157904
-3.1786563,42.4157938
-3.1791927,42.4158367
-3.1795221,42.4158866
-3.1796885,42.4159125
-3.1797968,42.4159792
-3.1798568,42.4160290
-3.1798806,42.4161038
-3.1798550,42.4161728
-3.1798548,42.4162332
-3.1798723,42.4162702
-3.1800248,42.4163860
-3.1802459,42.4165540
-3.1804458,42.4166914
-3.1805799,42.4168136
-3.1807867,42.4170234
-3.1808943,42.4171071
-3.1810317,42.4171970
-3.1813795,42.4174157
-3.1815592,42.4175155
-3.1819394,42.4176781
-3.1820971,42.4177329
-3.1822618,42.4177852
-3.1824338,42.4178201
-3.1828058,42.4179118
-3.1831242,42.4179678
-3.1833425,42.4179939
-3.1835608,42.4180280
-3.1837423,42.4180709
-3.1839248,42.4181387
-3.1842993,42.4182681
-3.1844500,42.4183078
-3.1847592,42.4183571
-3.1850694,42.4183890
-3.1854653,42.4184297
-3.1856807,42.4184483
-3.1857935,42.4184564
-3.1858515,42.4184606
-3.1859095,42.4184700
-3.1859903,42.4184970
-3.1861366,42.4185789
-3.1865744,42.4188701
-3.1867362,42.4189817
-3.1870110,42.4192091
-3.1872687,42.4193425
-3.1876560,42.4194957
-3.1877981,42.4195737
-3.1879072,42.4196704
-3.1879217,42.4196905
-3.1879394,42.4197255
-3.1880231,42.4198158
-3.1882192,42.4201029
-3.1882958,42.4201625
-3.1884321,42.4202822
-3.1885107,42.4205200
-3.1885188,42.4205444
-3.1885438,42.4207480
-3.1885949,42.4207508
-3.1886998,42.4207563
-3.1891472,42.4207851
-3.1891417,42.4209151
-3.1891205,42.4212082
-3.1895968,42.4212457
-3.1896957,42.4212490
-3.1898733,42.4212670
-3.1899785,42.4212747
-3.1900738,42.4212718
-3.1902368,42.4212415
-3.1912748,42.4209311
-3.1913222,42.4209182
-3.1918460,42.4207446
-3.1924015,42.4205253
-3.1924451,42.4205104
-3.1928207,42.4203653
-3.1935793,42.4200817
-3.1936473,42.4200604
-3.1937597,42.4200024
-3.1939706,42.4198909
-3.1941044,42.4198224
-3.1945221,42.4195946
-3.1948757,42.4194133
-3.1951403,42.4192584
-3.1953040,42.4191237
-3.1954974,42.4189634
-3.1956442,42.4188845
-3.1958277,42.4188295
-3.1960807,42.4188232
-3.1961945,42.4188292
-3.1963043,42.4188283
-3.1964159,42.4188167
-3.1965274,42.4187982
-3.1970343,42.4186438
-3.1974046,42.4184939
-3.1978439,42.4183850
-3.1983740,42.4182772
-3.1988007,42.4182360
-3.1991384,42.4181927
-3.1995605,42.4181253
-3.1996277,42.4181140
-3.1996875,42.4181055
-3.2000976,42.4180242
-3.2003615,42.4179666
-3.2005789,42.4179110
-3.2010282,42.4177042
-3.2010721,42.4176590
-3.2010974,42.4176256
-3.2013769,42.4177438
-3.2014807,42.4176634
-3.2016169,42.4177372
-3.2017370,42.4177977
-3.2019034,42.4178723
-3.2026268,42.4181889
-3.2031692,42.4184539
-3.2032468,42.4184813
-3.2033454,42.4185026
-3.2034496,42.4185183
-3.2036863,42.4185574
-3.2038044,42.4185706
-3.2039112,42.4185724
-3.2040109,42.4185665
-3.2041082,42.4185536
-3.2042803,42.4185021
-3.2044524,42.4184344
-3.2048816,42.4182265
-3.2051485,42.4181316
-3.2052956,42.4180973
-3.2053913,42.4180571
-3.2055932,42.4179206
-3.2057393,42.4178006
-3.2057743,42.4177459
-3.2058097,42.4176780
-3.2059887,42.4175154
-3.2060940,42.4174378
-3.2062075,42.4173618
-3.2068267,42.4170239
-3.2070807,42.4169011
-3.2074418,42.4167607
-3.2079781,42.4165787
-3.2082432,42.4164640
-3.2085104,42.4163674
-3.2086617,42.4163466
-3.2087082,42.4163458
-3.2088147,42.4163389
-3.2088791,42.4163347
-3.2089451,42.4162975
-3.2090131,42.4162634
-3.2091050,42.4162281
-3.2092051,42.4162035
-3.2093948,42.4161541
-3.2094791,42.4161301
-3.2098278,42.4160473
-3.2099843,42.4160101
-3.2101347,42.4159602
-3.2102900,42.4158864
-3.2104433,42.4158037
-3.2106617,42.4156690
-3.2110480,42.4154649
-3.2111326,42.4154136
-3.2112944,42.4153128
-3.2113987,42.4152354
-3.2114683,42.4151940
-3.2116234,42.4151201
-3.2117988,42.4150613
-3.2121652,42.4149385
-3.2125654,42.4148647
-3.2126898,42.4148305
-3.2128834,42.4147678
-3.2130216,42.4147295
-3.2136831,42.4146266
-3.2137715,42.4146014
-3.2139030,42.4145436
-3.2142196,42.4144386
-3.2145367,42.4143620
-3.2146851,42.4143327
-3.2147613,42.4143210
-3.2148233,42.4142989
-3.2159484,42.4138248
-3.2162005,42.4137150
-3.2163510,42.4136398
-3.2164965,42.4135546
-3.2168719,42.4134167
-3.2174174,42.4132373
-3.2175986,42.4131599
-3.2178612,42.4130736
-3.2182417,42.4129568
-3.2184921,42.4128926
-3.2189286,42.4128227
-3.2191943,42.4127897
-3.2195406,42.4127536
-3.2199215,42.4126974
-3.2204908,42.4126864
-3.2213581,42.4126370
-3.2214957,42.4126190
-3.2216813,42.4125778
-3.2217542,42.4125552
-3.2218921,42.4125191
-3.2220111,42.4124943
-3.2221321,42.4124756
-3.2226304,42.4124489
-3.2230805,42.4124188
-3.2235316,42.4123719
-3.2239807,42.4123415
-3.2240812,42.4123315
-3.2241797,42.4123155
-3.2244779,42.4122399
-3.2249447,42.4121508
-3.2251962,42.4120927
-3.2258458,42.4119044
-3.2259708,42.4118693
-3.2260959,42.4118448
-3.2265850,42.4117687
-3.2268388,42.4117207
-3.2275175,42.4115602
-3.2277926,42.4114860
-3.2279474,42.4114575
-3.2280724,42.4114436
-3.2283926,42.4114207
-3.2286264,42.4113792
-3.2288754,42.4113541
-3.2290590,42.4113500
-3.2292650,42.4113519
-3.2295540,42.4113641
-3.2296840,42.4113595
-3.2298120,42.4113473
-3.2302594,42.4112982
-3.2304180,42.4112912
-3.2305766,42.4112933
-3.2315733,42.4113668
-3.2325579,42.4114494
-3.2331871,42.4114696
-3.2334437,42.4114683
-3.2336856,42.4115433
-3.2339474,42.4116376
-3.2342162,42.4117213
-3.2344567,42.4117930
-3.2345715,42.4118364
-3.2351639,42.4120075
-3.2355552,42.4120997
-3.2360814,42.4121948
-3.2363946,42.4122427
-3.2367037,42.4122763
-3.2378207,42.4124039
-3.2397681,42.4126158
-3.2406056,42.4127133
-3.2409307,42.4127570
-3.2412510,42.4128001
-3.2416074,42.4128704
-3.2416445,42.4128911
-3.2416816,42.4129223
-3.2417448,42.4129357
-3.2418275,42.4129334
-3.2422427,42.4129328
-3.2423409,42.4129424
-3.2426010,42.4130128
-3.2430120,42.4130784
-3.2439173,42.4131528
-3.2439855,42.4130594
-3.2440273,42.4130203
-3.2441299,42.4129361
-3.2444748,42.4126466
-3.2445600,42.4125781
-3.2446674,42.4125168
-3.2454494,42.4121598
-3.2455970,42.4120781
-3.2458154,42.4119191
-3.2459658,42.4118285
-3.2461121,42.4117580
-3.2466031,42.4116054
-3.2470401,42.4113688
-3.2474768,42.4110881
-3.2480438,42.4107618
-3.2490656,42.4101639
-3.2503378,42.4093916
-3.2511031,42.4089612
-3.2515338,42.4087043
-3.2516755,42.4086222
-3.2518100,42.4085270
-3.2539720,42.4066056
-3.2540497,42.4065491
-3.2541344,42.4064987
-3.2542943,42.4064333
-3.2544646,42.4063680
-3.2589584,42.4047450
-3.2590597,42.4047258
-3.2591704,42.4047307
-3.2593219,42.4047748
-3.2594338,42.4047902
-3.2595428,42.4047936
-3.2597689,42.4047740
-3.2602274,42.4047002
-3.2605506,42.4046536
-3.2608467,42.4046343
-3.2608795,42.4046370
-3.2609270,42.4046410
-3.2611163,42.4046728
-3.2611643,42.4046678
-3.2612239,42.4046576
-3.2614847,42.4045919
-3.2616141,42.4045048
-3.2617044,42.4044457
-3.2617862,42.4043869
-3.2618946,42.4043768
-3.2620027,42.4043806
-3.2621059,42.4044398
-3.2622060,42.4044626
-3.2622487,42.4044654
-3.2624913,42.4045489
-3.2628389,42.4046514
-3.2630004,42.4046798
-3.2631642,42.4047030
-3.2632674,42.4047128
-3.2633375,42.4047159
-3.2633752,42.4047175
-3.2634795,42.4047166
-3.2635722,42.4047020
-3.2636945,42.4046730
-3.2637958,42.4046319
-3.2642078,42.4044359
-3.2642711,42.4044133
-3.2643345,42.4044011
-3.2643946,42.4043989
-3.2644606,42.4044062
-3.2647969,42.4044998
-3.2648864,42.4045175
-3.2649805,42.4045300
-3.2659269,42.4045812
-3.2665466,42.4045843
-3.2691199,42.4045882
-3.2707270,42.4046057
-3.2710185,42.4046178
-3.2719922,42.4046824
-3.2720553,42.4046858
-3.2721207,42.4046858
-3.2723205,42.4046754
-3.2725671,42.4046763
-3.2727157,42.4046846
-3.2728667,42.4047076
-3.2730927,42.4047772
-3.2739207,42.4050135
-3.2739892,42.4050291
-3.2740576,42.4050378
-3.2741809,42.4050411
-3.2743041,42.4050358
-3.2744418,42.4049964
-3.2745948,42.4049622
-3.2746809,42.4049465
-3.2750238,42.4049716
-3.2757794,42.4050220
-3.2759368,42.4050381
-3.2760826,42.4050663
-3.2762304,42.4050980
-3.2764133,42.4051572
-3.2765385,42.4052039
-3.2771468,42.4050733
-3.2772122,42.4050955
-3.2772897,42.4051207
-3.2775311,42.4051526
-3.2776101,42.4051544
-3.2776937,42.4051487
-3.2778743,42.4051281
-3.2781671,42.4051066
-3.2782085,42.4051109
-3.2782499,42.4051254
-3.2783774,42.4051909
-3.2785143,42.4052851
-3.2786109,42.4053169
-3.2787084,42.4053327
-3.2789974,42.4053460
-3.2791442,42.4053642
-3.2792925,42.4053949
-3.2794882,42.4054727
-3.2795845,42.4055005
-3.2796258,42.4055037
-3.2798717,42.4055099
-3.2800723,42.4055403
-3.2801489,42.4055550
-3.2802255,42.4055491
-3.2803463,42.4055750
-3.2805661,42.4056728
-3.2806696,42.4056982
-3.2808456,42.4057271
-3.2809083,42.4057342
-3.2809739,42.4057372
-3.2810007,42.4057381
-3.2810699,42.4057403
-3.2810775,42.4057400
-3.2811844,42.4057356
-3.2812428,42.4057260
-3.2813058,42.4057113
-3.2813673,42.4056993
-3.2814108,42.4056920
-3.2814369,42.4056928
-3.2814730,42.4056998
-3.2814963,42.4057137
-3.2816444,42.4058765
-3.2816768,42.4059020
-3.2817247,42.4059393
-3.2817687,42.4059780
-3.2818085,42.4060115
-3.2818222,42.4060286
-3.2818283,42.4060457
-3.2818301,42.4061079
-3.2818297,42.4062331
-3.2818313,42.4062682
-3.2818477,42.4063081
-3.2818662,42.4063354
-3.2818893,42.4063582
-3.2819410,42.4063734
-3.2819654,42.4063747
-3.2819882,42.4063726
-3.2820375,42.4063633
-3.2820806,42.4063450
-3.2821191,42.4063221
-3.2829765,42.4057199
-3.2835865,42.4052483
-3.2836687,42.4051892
-3.2837539,42.4051398
-3.2838141,42.4051160
-3.2838766,42.4050948
-3.2840100,42.4050595
-3.2864366,42.4045547
-3.2868807,42.4044607
-3.2870742,42.4044149
-3.2872698,42.4043631
-3.2873754,42.4043341
-3.2874828,42.4043000
-3.2878329,42.4041827
-3.2879092,42.4041653
-3.2879887,42.4041498
-3.2880379,42.4041430
-3.2880923,42.4041387
-3.2881421,42.4041396
-3.2881936,42.4041431
-3.2884201,42.4041708
-3.2889059,42.4042755
-3.2890550,42.4042903
-3.2892011,42.4042995
-3.2893078,42.4043025
-3.2894299,42.4042952
-3.2898831,42.4042344
-3.2904165,42.4041643
-3.2909545,42.4041046
-3.2911036,42.4040852
-3.2912373,42.4040579
-3.2914623,42.4039961
-3.2916934,42.4039241
-3.2921183,42.4037781
-3.2930856,42.4033839
-3.2934409,42.4032691
-3.2937999,42.4031716
-3.2953090,42.4028251
-3.2968502,42.4024709
-3.2974872,42.4023264
-3.2978827,42.4022204
-3.2991077,42.4019275
-3.3007670,42.4015359
-3.3008330,42.4015213
-3.3008990,42.4014949
-3.3009450,42.4014661
-3.3009775,42.4014156
-3.3010750,42.4011742
-3.3026801,42.3972591
-3.3028745,42.3967729
-3.3028962,42.3966834
-3.3029083,42.3966004
-3.3029017,42.3965194
-3.3028918,42.3964697
-3.3028726,42.3964200
-3.3028419,42.3963585
-3.3027995,42.3962970
-3.3024744,42.3960083
-3.3022779,42.3958492
-3.3022771,42.3957954
-3.3022802,42.3957604
-3.3023136,42.3956834
-3.3024745,42.3955126
-3.3025289,42.3954565
-3.3026419,42.3953607
-3.3027877,42.3952304
-3.3028546,42.3951597
-3.3029085,42.3950728
-3.3029688,42.3950076
-3.3030127,42.3949711
-3.3030636,42.3949381
-3.3031151,42.3948992
-3.3032364,42.3947944
-3.3033450,42.3946771
-3.3033686,42.3946442
-3.3033898,42.3946105
-3.3034275,42.3945309
-3.3034753,42.3944139
-3.3035142,42.3943098
-3.3035692,42.3942253
-3.3036870,42.3940696
-3.3038805,42.3938239
-3.3040299,42.3936420
-3.3041006,42.3935679
-3.3041414,42.3935278
-3.3041767,42.3934809
-3.3042663,42.3933964
-3.3043143,42.3933258
-3.3043571,42.3932648
-3.3045537,42.3930348
-3.3046465,42.3929306
-3.3046783,42.3929039
-3.3047134,42.3928816
-3.3047344,42.3928682
-3.3048016,42.3927889
-3.3048507,42.3927290
-3.3049483,42.3926312
-3.3049875,42.3925877
-3.3050871,42.3924647
-3.3052171,42.3922910
-3.3052464,42.3922523
-3.3052695,42.3922201
-3.3052757,42.3921958
-3.3052811,42.3921593
-3.3052874,42.3921414
-3.3053008,42.3921273
-3.3053760,42.3920679
-3.3054565,42.3920075
-3.3055804,42.3919243
-3.3057294,42.3918049
-3.3058661,42.3917206
-3.3060189,42.3916214
-3.3061645,42.3915186
-3.3063779,42.3913410
-3.3064993,42.3912420
-3.3066349,42.3910678
-3.3068963,42.3908968
-3.3073984,42.3906124
-3.3074216,42.3905995
-3.3074493,42.3905912
-3.3074771,42.3905864
-3.3075067,42.3905822
-3.3075470,42.3905746
-3.3075659,42.3905718
-3.3075794,42.3905631
-3.3075230,42.3905035
-3.3076340,42.3904427
-3.3077537,42.3903772
-3.3079103,42.3902710
-3.3079528,42.3902372
-3.3080443,42.3901849
-3.3081382,42.3900049
-3.3081624,42.3899617
-3.3082701,42.3897628
-3.3082932,42.3897367
-3.3084181,42.3896081
-3.3085681,42.3894155
-3.3086383,42.3892668
-3.3086771,42.3891358
-3.3086938,42.3890986
-3.3087151,42.3890737
-3.3087411,42.3890415
-3.3089483,42.3889370
-3.3091274,42.3888451
-3.3092007,42.3888124
-3.3092178,42.3888058
-3.3092459,42.3887902
-3.3093021,42.3887133
-3.3093827,42.3885799
-3.3095350,42.3883485
-3.3096024,42.3882729
-3.3097553,42.3881418
-3.3098557,42.3880556
-3.3100329,42.3881339
-3.3101367,42.3881905
-3.3102304,42.3882561
-3.3103084,42.3883147
-3.3103409,42.3883357
-3.3103757,42.3883489
-3.3104080,42.3883521
-3.3104392,42.3883510
-3.3105007,42.3883398
-3.3105316,42.3883220
-3.3106085,42.3882509
-3.3106947,42.3881646
-3.3108422,42.3879944
-3.3110091,42.3877609
-3.3110469,42.3877232
-3.3110853,42.3876943
-3.3111228,42.3876758
-3.3111660,42.3876648
-3.3112128,42.3876651
-3.3112662,42.3876692
-3.3115411,42.3877916
-3.3118172,42.3879095
-3.3123117,42.3880203
-3.3125470,42.3880877
-3.3127050,42.3881230
-3.3128074,42.3881278
-3.3129403,42.3881184
-3.3132996,42.3880294
-3.3133796,42.3880196
-3.3135492,42.3880519
-3.3139693,42.3881670
-3.3145569,42.3882623
-3.3147765,42.3883020
-3.3149421,42.3883356
-3.3154532,42.3885267
-3.3154734,42.3885319
-3.3156500,42.3885910
-3.3156986,42.3885986
-3.3157483,42.3886031
-3.3157911,42.3886024
-3.3158339,42.3885986
-3.3158990,42.3885860
-3.3168223,42.3883629
-3.3172254,42.3882589
-3.3174953,42.3881787
-3.3176250,42.3881492
-3.3177793,42.3881216
-3.3178580,42.3881124
-3.3179357,42.3880994
-3.3184546,42.3879803
-3.3187871,42.3878885
-3.3189873,42.3878126
-3.3193063,42.3876808
-3.3195845,42.3875834
-3.3198642,42.3874744
-3.3202396,42.3872860
-3.3204224,42.3872015
-3.3205560,42.3871548
-3.3208772,42.3870451
-3.3209478,42.3870435
-3.3210184,42.3870275
-3.3211465,42.3869714
-3.3212854,42.3869308
-3.3214008,42.3868750
-3.3216419,42.3867871
-3.3217788,42.3867473
-3.3219570,42.3867153
-3.3220383,42.3866861
-3.3221175,42.3866504
-3.3221970,42.3866035
-3.3222395,42.3865633
-3.3223295,42.3864576
-3.3224075,42.3864053
-3.3224991,42.3863650
-3.3226020,42.3863362
-3.3228042,42.3862831
-3.3230246,42.3862374
-3.3232082,42.3862116
-3.3233736,42.3861925
-3.3235153,42.3861743
-3.3236601,42.3861477
-3.3238894,42.3860974
-3.3241181,42.3860441
-3.3250126,42.3858080
-3.3251065,42.3857838
-3.3251498,42.3857689
-3.3251930,42.3857471
-3.3252276,42.3857234
-3.3252580,42.3856989
-3.3252805,42.3856712
-3.3252928,42.3856413
-3.3252999,42.3856101
-3.3252972,42.3855725
-3.3252956,42.3855045
-3.3252820,42.3854354
-3.3252300,42.3853133
-3.3250912,42.3850537
-3.3250574,42.3849746
-3.3250370,42.3848996
-3.3250115,42.3847825
-3.3250096,42.3847305
-3.3250126,42.3846876
-3.3250228,42.3846477
-3.3250374,42.3846003
-3.3250540,42.3845559
-3.3251650,42.3843658
-3.3252312,42.3842755
-3.3253068,42.3841811
-3.3253471,42.3841250
-3.3253884,42.3840795
-3.3255281,42.3839905
-3.3257273,42.3838663
-3.3260914,42.3836918
-3.3262112,42.3836054
-3.3264589,42.3832676
-3.3265541,42.3831642
-3.3266182,42.3831182
-3.3268773,42.3828933
-3.3269651,42.3828518
-3.3270273,42.3828022
-3.3276740,42.3824281
-3.3280390,42.3821815
-3.3283444,42.3818999
-3.3285515,42.3817707
-3.3289191,42.3815186
-3.3290895,42.3813539
-3.3293798,42.3809237
-3.3299190,42.3803070
-3.3300997,42.3800947
-3.3301375,42.3800531
-3.3304003,42.3798162
-3.3305901,42.3796625
-3.3308187,42.3795044
-3.3314422,42.3790282
-3.3317890,42.3787919
-3.3318525,42.3787405
-3.3319231,42.3786665
-3.3320924,42.3784329
-3.3321875,42.3783317
-3.3322909,42.3782349
-3.3324383,42.3781112
-3.3325817,42.3780021
-3.3327415,42.3778964
-3.3330060,42.3777366
-3.3332904,42.3775828
-3.3335345,42.3774460
-3.3336686,42.3773608
-3.3337487,42.3773131
-3.3338347,42.3772588
-3.3339718,42.3771658
-3.3341196,42.3770550
-3.3343136,42.3769100
-3.3346105,42.3767180
-3.3352222,42.3763907
-3.3354549,42.3762439
-3.3355571,42.3761698
-3.3356960,42.3760075
-3.3358231,42.3758364
-3.3359000,42.3757601
-3.3359827,42.3756855
-3.3361616,42.3755442
-3.3363958,42.3753265
-3.3367834,42.3749803
-3.3368885,42.3748941
-3.3369406,42.3748535
-3.3370187,42.3748049
-3.3376607,42.3745339
-3.3382099,42.3742855
-3.3394314,42.3738051
-3.3396398,42.3737171
-3.3396592,42.3737357
-3.3396908,42.3737550
-3.3397524,42.3737650
-3.3398522,42.3737391
-3.3399401,42.3737096
-3.3402256,42.3735945
-3.3412601,42.3732458
-3.3415232,42.3731482
-3.3417669,42.3730564
-3.3419444,42.3729765
-3.3419971,42.3729401
-3.3420244,42.3728976
-3.3420375,42.3728630
-3.3420505,42.3728330
-3.3420778,42.3728043
-3.3422053,42.3727463
-3.3424617,42.3726038
-3.3426881,42.3724922
-3.3437627,42.3720123
-3.3453691,42.3713096
-3.3455408,42.3712429
-3.3455962,42.3712300
-3.3456534,42.3712289
-3.3457725,42.3711671
-3.3458240,42.3711435
-3.3459279,42.3711018
-3.3460562,42.3710506
-3.3461642,42.3709959
-3.3466512,42.3707635
-3.3471900,42.3705306
-3.3475046,42.3703872
-3.3476620,42.3703078
-3.3478194,42.3702123
-3.3480963,42.3700406
-3.3482058,42.3699543
-3.3483008,42.3698597
-3.3485286,42.3694455
-3.3486654,42.3691645
-3.3487425,42.3690574
-3.3494691,42.3684276
-3.3498418,42.3681555
-3.3500709,42.3680081
-3.3502032,42.3679502
-3.3504330,42.3678724
-3.3508037,42.3677479
-3.3512686,42.3675394
-3.3517403,42.3673402
-3.3519048,42.3672756
-3.3520971,42.3671953
-3.3523000,42.3671122
-3.3528542,42.3668327
-3.3532154,42.3666853
-3.3534325,42.3665412
-3.3535544,42.3665029
-3.3536933,42.3664715
-3.3538960,42.3664333
-3.3541064,42.3664020
-3.3547425,42.3663885
-3.3549278,42.3663739
-3.3550499,42.3663672
-3.3551719,42.3663425
-3.3553163,42.3662974
-3.3554769,42.3662702
-3.3559777,42.3662137
-3.3563276,42.3661727
-3.3571951,42.3659712
-3.3574592,42.3659431
-3.3578630,42.3659340
-3.3583843,42.3659540
-3.3589478,42.3660035
-3.3598074,42.3660961
-3.3604848,42.3661287
-3.3609467,42.3660783
-3.3619107,42.3660744
-3.3625916,42.3660758
-3.3630146,42.3660767
-3.3637187,42.3661432
-3.3645155,42.3661974
-3.3650707,42.3662896
-3.3656710,42.3663910
-3.3661992,42.3665202
-3.3666683,42.3666101
-3.3671197,42.3667235
-3.3676317,42.3668993
-3.3679515,42.3670189
-3.3683672,42.3672397
-3.3690391,42.3677199
-3.3693790,42.3679108
-3.3698685,42.3681787
-3.3703935,42.3684020
-3.3708814,42.3686416
-3.3710152,42.3686915
-3.3711668,42.3687283
-3.3721850,42.3689057
-3.3730306,42.3690005
-3.3733402,42.3690538
-3.3736569,42.3691253
-3.3744852,42.3694649
-3.3747797,42.3695263
-3.3749631,42.3695526
-3.3751465,42.3695801
-3.3755365,42.3696220
-3.3757340,42.3696496
-3.3758357,42.3696870
-3.3760160,42.3697227
-3.3771066,42.3698180
-3.3774972,42.3698500
-3.3780505,42.3699090
-3.3788787,42.3699508
-3.3790662,42.3699765
-3.3792619,42.3700188
-3.3795134,42.3700898
-3.3798272,42.3701966
-3.3800719,42.3702628
-3.3811586,42.3705263
-3.3813732,42.3705888
-3.3819659,42.3708097
-3.3824930,42.3710290
-3.3838426,42.3714971
-3.3844135,42.3716882
-3.3877172,42.3727556
-3.3882167,42.3729121
-3.3886897,42.3730660
-3.3901098,42.3735612
-3.3910286,42.3738852
-3.3915918,42.3740980
-3.3920925,42.3741406
-3.3925949,42.3741702
-3.3931635,42.3741821
-3.3933536,42.3741903
-3.3939340,42.3742639
-3.3940950,42.3742775
-3.3942437,42.3743002
-3.3943888,42.3743327
-3.3947067,42.3744542
-3.3959816,42.3747822
-3.3975756,42.3751106
-3.3989633,42.3753516
-3.4010271,42.3757143
-3.4027885,42.3760540
-3.4028749,42.3760697
-3.4043719,42.3763418
-3.4051243,42.3764641
-3.4056194,42.3765372
-3.4076711,42.3768450
-3.4090662,42.3770668
-3.4099515,42.3772415
-3.4100791,42.3772697
-3.4102067,42.3772928
-3.4103511,42.3773056
-3.4105141,42.3773072
-3.4111256,42.3772746
-3.4120661,42.3772521
-3.4123305,42.3772447
-3.4125051,42.3772554
-3.4126797,42.3772712
-3.4133170,42.3773520
-3.4137943,42.3774046
-3.4145163,42.3775031
-3.4151307,42.3775916
-3.4167031,42.3778604
-3.4167794,42.3778704
-3.4169515,42.3778546
-3.4173214,42.3778798
-3.4184530,42.3779837
-3.4185247,42.3779830
-3.4185988,42.3779702
-3.4194785,42.3777548
-3.4198111,42.3777202
-3.4204337,42.3776899
-3.4210610,42.3776476
-3.4217553,42.3776297
-3.4220615,42.3776306
-3.4221725,42.3776433
-3.4222858,42.3776732
-3.4224115,42.3777227
-3.4225023,42.3777409
-3.4225953,42.3777523
-3.4226913,42.3777593
-3.4227803,42.3777559
-3.4231880,42.3776985
-3.4235387,42.3776681
-3.4237848,42.3776634
-3.4240356,42.3776690
-3.4242433,42.3776617
-3.4243342,42.3776561
-3.4248430,42.3776019
-3.4250781,42.3775672
-3.4255303,42.3774722
-3.4258380,42.3774272
-3.4261456,42.3773994
-3.4267240,42.3773741
-3.4273695,42.3773743
-3.4278970,42.3774009
-3.4285926,42.3774515
-3.4288399,42.3774522
-3.4292903,42.3774336
-3.4295178,42.3774057
-3.4297289,42.3773640
-3.4298315,42.3773413
-3.4299692,42.3772962
-3.4301151,42.3772408
-3.4302049,42.3772147
-3.4303374,42.3771766
-3.4304863,42.3771557
-3.4308789,42.3771440
-3.4311569,42.3771162
-3.4317657,42.3770486
-3.4318773,42.3770259
-3.4319588,42.3769913
-3.4321197,42.3769619
-3.4324720,42.3769034
-3.4326193,42.3768604
-3.4329289,42.3767382
-3.4333374,42.3765586
-3.4334116,42.3765220
-3.4334835,42.3764630
-3.4337075,42.3762114
-3.4338455,42.3760889
-3.4340189,42.3760028
-3.4342694,42.3759660
-3.4349291,42.3759056
-3.4351804,42.3758769
-3.4352848,42.3758649
-3.4359835,42.3757941
-3.4362292,42.3757578
-3.4362950,42.3757446
-3.4364295,42.3757160
-3.4366486,42.3756739
-3.4367407,42.3756987
-3.4368222,42.3757123
-3.4371221,42.3757596
-3.4373811,42.3758054
-3.4378463,42.3759193
-3.4384375,42.3760439
-3.4389162,42.3761015
-3.4401567,42.3762574
-3.4404865,42.3763033
-3.4406743,42.3763259
-3.4407995,42.3763285
-3.4409268,42.3763224
-3.4410267,42.3762987
-3.4411380,42.3762634
-3.4412305,42.3762101
-3.4412788,42.3761520
-3.4413054,42.3761073
-3.4413194,42.3760518
-3.4413241,42.3759749
-3.4415625,42.3759800
-3.4416777,42.3759691
-3.4417565,42.3759617
-3.4420189,42.3759248
-3.4421710,42.3758951
-3.4423681,42.3758466
-3.4426222,42.3758152
-3.4429022,42.3758228
-3.4430543,42.3758112
-3.4440887,42.3755734
-3.4445485,42.3753832
-3.4456031,42.3751624
-3.4464106,42.3750626
-3.4466365,42.3750263
-3.4483817,42.3746913
-3.4484776,42.3746800
-3.4485759,42.3746739
-3.4489125,42.3746665
-3.4497605,42.3746816
-3.4499320,42.3746769
-3.4500919,42.3746671
-3.4506518,42.3745976
-3.4507456,42.3745657
-3.4511907,42.3745496
-3.4512668,42.3745438
-3.4514164,42.3745267
-3.4516452,42.3745229
-3.4520913,42.3745293
-3.4522417,42.3745322
-3.4524085,42.3744841
-3.4524845,42.3744336
-3.4526353,42.3743314
-3.4527381,42.3742995
-3.4528094,42.3742849
-3.4528598,42.3742738
-3.4532348,42.3742178
-3.4533721,42.3742214
-3.4535140,42.3742457
-3.4537320,42.3742298
-3.4542114,42.3742104
-3.4544599,42.3741791
-3.4548509,42.3740568
-3.4551646,42.3739369
-3.4552990,42.3739003
-3.4553801,42.3738810
-3.4555944,42.3738601
-3.4556788,42.3738461
-3.4559036,42.3737815
-3.4560655,42.3737726
-3.4565914,42.3737002
-3.4573810,42.3735326
-3.4574956,42.3735057
-3.4575463,42.3734921
-3.4582403,42.3733618
-3.4585111,42.3732769
-3.4590857,42.3731029
-3.4598473,42.3728609
-3.4604063,42.3726679
-3.4605152,42.3726316
-3.4606160,42.3725892
-3.4609190,42.3724390
-3.4612367,42.3723220
-3.4615863,42.3722254
-3.4620201,42.3721369
-3.4622461,42.3721053
-3.4626091,42.3720553
-3.4627075,42.3720338
-3.4627803,42.3720091
-3.4629673,42.3719636
-3.4631824,42.3719353
-3.4640797,42.3718864
-3.4644886,42.3718429
-3.4647281,42.3718289
-3.4649746,42.3718236
-3.4653408,42.3718378
-3.4657046,42.3718692
-3.4664357,42.3719573
-3.4683160,42.3722670
-3.4684493,42.3722801
-3.4685826,42.3722707
-3.4688524,42.3722166
-3.4691934,42.3721220
-3.4693337,42.3721115
-3.4695534,42.3721217
-3.4703826,42.3723314
-3.4704830,42.3723345
-3.4713771,42.3723618
-3.4715091,42.3723497
-3.4723759,42.3721987
-3.4728619,42.3721141
-3.4731031,42.3720626
-3.4733397,42.3719938
-3.4735158,42.3719113
-3.4746655,42.3712693
-3.4760178,42.3704905
-3.4765028,42.3702244
-3.4767332,42.3701513
-3.4772355,42.3699459
-3.4773830,42.3698828
-3.4775365,42.3698386
-3.4778771,42.3697958
-3.4780412,42.3697665
-3.4782873,42.3697378
-3.4783620,42.3697450
-3.4784198,42.3697581
-3.4786514,42.3698331
-3.4787276,42.3698540
-3.4787750,42.3698584
-3.4788364,42.3698542
-3.4790094,42.3699241
-3.4791586,42.3699830
-3.4792451,42.3700334
-3.4793692,42.3701284
-3.4794298,42.3701836
-3.4795080,42.3702296
-3.4795618,42.3702520
-3.4796218,42.3702676
-3.4796617,42.3702725
-3.4797015,42.3702717
-3.4797784,42.3702520
-3.4799028,42.3702125
-3.4799355,42.3701995
-3.4799689,42.3701922
-3.4800369,42.3701871
-3.4801590,42.3701947
-3.4803967,42.3702247
-3.4804238,42.3702280
-3.4804550,42.3702356
-3.4804812,42.3702433
-3.4805104,42.3702552
-3.4807319,42.3703507
-3.4813935,42.3706159
-3.4825560,42.3711063
-3.4828296,42.3712116
-3.4830942,42.3712954
-3.4834161,42.3713937
-3.4839108,42.3715366
-3.4842589,42.3716228
-3.4844607,42.3716679
-3.4845087,42.3716724
-3.4847062,42.3716911
-3.4849399,42.3716929
-3.4852963,42.3716898
-3.4855049,42.3716889
-3.4855374,42.3716883
-3.4856205,42.3716867
-3.4857336,42.3716845
-3.4857693,42.3716838
-3.4882991,42.3716697
-3.4885983,42.3716696
-3.4888842,42.3716858
-3.4891615,42.3717171
-3.4896470,42.3718056
-3.4908328,42.3720218
-3.4932475,42.3724780
-3.4957712,42.3729484
-3.4977543,42.3733133
-3.4991142,42.3735703
-3.4998047,42.3736999
-3.5005431,42.3738308
-3.5013273,42.3739838
-3.5017836,42.3740927
-3.5020127,42.3741606
-3.5023291,42.3742520
-3.5030734,42.3744945
-3.5038888,42.3747464
-3.5045024,42.3749448
-3.5045307,42.3749539
-3.5050506,42.3751145
-3.5052236,42.3751680
-3.5055206,42.3752739
-3.5057353,42.3753806
-3.5060742,42.3755959
-3.5061057,42.3756164
-3.5061808,42.3756619
-3.5063666,42.3757648
-3.5065312,42.3758619
-3.5066249,42.3759163
-3.5068926,42.3760507
-3.5071470,42.3761690
-3.5074255,42.3762893
-3.5074419,42.3762973
-3.5075537,42.3763552
-3.5077702,42.3764754
-3.5080457,42.3766548
-3.5082602,42.3767948
-3.5083342,42.3768365
-3.5085986,42.3769928
-3.5087881,42.3771141
-3.5088814,42.3771739
-3.5093086,42.3774375
-3.5095256,42.3775774
-3.5096926,42.3776850
-3.5097336,42.3776563
-3.5099076,42.3775343
-3.5099319,42.3775172
-3.5100860,42.3774287
-3.5103652,42.3773038
-3.5104100,42.3772950
-3.5104640,42.3772896
-3.5106625,42.3773028
-3.5108124,42.3773042
-3.5115063,42.3772207
-3.5120118,42.3771414
-3.5121560,42.3771371
-3.5123018,42.3771408
-3.5124936,42.3771763
-3.5125604,42.3771903
-3.5133529,42.3774165
-3.5144041,42.3776558
-3.5146153,42.3777263
-3.5148249,42.3778036
-3.5149781,42.3778500
-3.5150897,42.3778782
-3.5152105,42.3779029
-3.5153327,42.3779197
-3.5156107,42.3779450
-3.5157586,42.3779561
-3.5159297,42.3779650
-3.5161818,42.3779725
-3.5165561,42.3779714
-3.5169784,42.3781051
-3.5173592,42.3782264
-3.5175857,42.3782671
-3.5177105,42.3783022
-3.5178514,42.3783492
-3.5184765,42.3785523
-3.5186970,42.3786252
-3.5189393,42.3787376
-3.5190984,42.3787920
-3.5193660,42.3788473
-3.5196351,42.3788923
-3.5197224,42.3789061
-3.5198173,42.3789079
-3.5203159,42.3789240
-3.5203841,42.3789287
-3.5204447,42.3789390
-3.5207084,42.3789782
-3.5208766,42.3789911
-3.5209896,42.3790137
-3.5213706,42.3790949
-3.5215266,42.3791026
-3.5216964,42.3791012
-3.5221303,42.3790635
-3.5223963,42.3790345
-3.5230574,42.3790064
-3.5231202,42.3790022
-3.5231892,42.3789753
-3.5232495,42.3789527
-3.5233037,42.3789153
-3.5234361,42.3787913
-3.5236046,42.3787294
-3.5237033,42.3786954
-3.5237749,42.3786895
-3.5238369,42.3786988
-3.5238728,42.3787263
-3.5239727,42.3787973
-3.5240617,42.3788189
-3.5241470,42.3788239
-3.5242607,42.3788248
-3.5244262,42.3788544
-3.5247116,42.3789152
-3.5247394,42.3789327
-3.5247658,42.3789389
-3.5247975,42.3789400
-3.5248338,42.3789490
-3.5250453,42.3790385
-3.5256509,42.3792079
-3.5259787,42.3792859
-3.5261285,42.3793195
-3.5262907,42.3793417
-3.5264215,42.3793440
-3.5265569,42.3793350
-3.5268262,42.3792976
-3.5270382,42.3792556
-3.5272405,42.3792214
-3.5273543,42.3792229
-3.5274297,42.3792300
-3.5274955,42.3792294
-3.5275597,42.3792356
-3.5278321,42.3793532
-3.5280609,42.3794619
-3.5281176,42.3794812
-3.5283524,42.3795217
-3.5284241,42.3795339
-3.5284912,42.3795530
-3.5285771,42.3795890
-3.5289645,42.3798638
-3.5291947,42.3800441
-3.5292507,42.3800801
-3.5293290,42.3801093
-3.5299632,42.3802322
-3.5301660,42.3802582
-3.5303673,42.3802739
-3.5305685,42.3802868
-3.5307698,42.3802872
-3.5312994,42.3801754
-3.5313885,42.3801577
-3.5314653,42.3801252
-3.5316297,42.3800506
-3.5318007,42.3800142
-3.5319732,42.3799967
-3.5323772,42.3800049
-3.5337670,42.3797658
-3.5340699,42.3796822
-3.5343939,42.3795972
-3.5346937,42.3794815
-3.5354945,42.3790997
-3.5361187,42.3787155
-3.5361771,42.3786591
-3.5364469,42.3783303
-3.5365416,42.3782506
-3.5366964,42.3781595
-3.5373570,42.3778753
-3.5378233,42.3776307
-3.5379950,42.3775312
-3.5381835,42.3774885
-3.5390305,42.3773797
-3.5395750,42.3772567
-3.5398184,42.3772221
-3.5400772,42.3772011
-3.5406235,42.3771850
-3.5409830,42.3771980
-3.5411815,42.3772506
-3.5412861,42.3772736
-3.5414230,42.3772762
-3.5415475,42.3772580
-3.5417771,42.3771855
-3.5418650,42.3771643
-3.5419861,42.3771525
-3.5422927,42.3771511
-3.5428018,42.3771797
-3.5435517,42.3772047
-3.5448966,42.3772310
-3.5450218,42.3772262
-3.5451454,42.3772088
-3.5481595,42.3764860
-3.5486914,42.3763500
-3.5492187,42.3761969
-3.5507904,42.3756985
-3.5508946,42.3756679
-3.5514513,42.3751977
-3.5516695,42.3750304
-3.5518955,42.3748768
-3.5522684,42.3746636
-3.5526698,42.3744644
-3.5530876,42.3742773
-3.5533408,42.3741618
-3.5536018,42.3740486
-3.5537567,42.3739876
-3.5539864,42.3739138
-3.5541022,42.3738806
-3.5541407,42.3738492
-3.5541545,42.3738064
-3.5541384,42.3737605
-3.5540852,42.3736117
-3.5539474,42.3732247
-3.5539367,42.3731714
-3.5539331,42.3731182
-3.5539192,42.3729752
-3.5538854,42.3726286
-3.5538509,42.3723139
-3.5538367,42.3721011
-3.5538420,42.3719718
-3.5538729,42.3718272
-3.5539236,42.3716911
-3.5539750,42.3715709
-3.5540269,42.3714487
-3.5540906,42.3713586
-3.5542673,42.3711223
-3.5544189,42.3709001
-3.5544642,42.3708298
-3.5545162,42.3707435
-3.5545624,42.3706546
-3.5545846,42.3706076
-3.5545974,42.3705632
-3.5546052,42.3704905
-3.5546084,42.3704135
-3.5546009,42.3703180
-3.5545946,42.3702498
-3.5545790,42.3701886
-3.5545505,42.3701251
-3.5544812,42.3700028
-3.5542558,42.3696116
-3.5542319,42.3695663
-3.5542189,42.3695414
-3.5542051,42.3694568
-3.5542143,42.3694268
-3.5542281,42.3693977
-3.5542530,42.3693668
-3.5542802,42.3693394
-3.5543150,42.3693112
-3.5543598,42.3692861
-3.5545064,42.3692135
-3.5547062,42.3691254
-3.5551038,42.3689441
-3.5552734,42.3688649
-3.5553309,42.3688518
-3.5553872,42.3688319
-3.5556232,42.3687203
-3.5560480,42.3685034
-3.5562748,42.3683797
-3.5564661,42.3682570
-3.5566359,42.3681302
-3.5568405,42.3679727
-3.5570702,42.3677934
-3.5571856,42.3676887
-3.5572291,42.3676427
-3.5572403,42.3676300
-3.5572607,42.3676035
-3.5572873,42.3675518
-3.5573396,42.3674461
-3.5573917,42.3673155
-3.5574453,42.3671349
-3.5574725,42.3670122
-3.5574884,42.3668705
-3.5574892,42.3667037
-3.5574781,42.3663938
-3.5574593,42.3661098
-3.5574393,42.3657915
-3.5574124,42.3655728
-3.5573906,42.3654749
-3.5573621,42.3653695
-3.5573005,42.3652397
-3.5572062,42.3650729
-3.5570955,42.3648912
-3.5569593,42.3646669
-3.5568216,42.3644659
-3.5567313,42.3643591
-3.5565598,42.3641892
-3.5562636,42.3639181
-3.5560209,42.3636773
-3.5557400,42.3634083
-3.5555785,42.3632382
-3.5555421,42.3631885
-3.5555116,42.3631406
-3.5554673,42.3630463
-3.5554501,42.3629966
-3.5554359,42.3629478
-3.5554308,42.3628684
-3.5554384,42.3627502
-3.5554443,42.3626759
-3.5554653,42.3625774
-3.5554940,42.3624326
-3.5555475,42.3622093
-3.5555912,42.3620324
-3.5556489,42.3618718
-3.5556973,42.3617571
-3.5557400,42.3616697
-3.5558234,42.3615544
-3.5559126,42.3614407
-3.5559820,42.3613658
-3.5561564,42.3611775
-3.5565092,42.3608536
-3.5568255,42.3605478
-3.5568679,42.3605108
-3.5571175,42.3603186
-3.5572485,42.3602531
-3.5574110,42.3601933
-3.5575188,42.3601634
-3.5576150,42.3601259
-3.5576671,42.3601062
-3.5576926,42.3600920
-3.5577181,42.3600777
-3.5578037,42.3600443
-3.5579543,42.3599991
-3.5580618,42.3599822
-3.5581212,42.3599644
-3.5582823,42.3599143
-3.5593471,42.3595638
-3.5596119,42.3594588
-3.5596900,42.3594066
-3.5597151,42.3593890
-3.5597403,42.3593712
-3.5598455,42.3593099
-3.5598944,42.3592729
-3.5599863,42.3592177
-3.5601058,42.3591506
-3.5603469,42.3590505
-3.5608287,42.3588796
-3.5613722,42.3586759
-3.5617928,42.3585498
-3.5618966,42.3585292
-3.5620121,42.3585115
-3.5621128,42.3585007
-3.5622182,42.3584903
-3.5625096,42.3584764
-3.5625814,42.3584798
-3.5626509,42.3584866
-3.5627213,42.3584938
-3.5627917,42.3585045
-3.5631789,42.3585647
-3.5638453,42.3586957
-3.5641288,42.3587450
-3.5641920,42.3587514
-3.5643609,42.3587626
-3.5647798,42.3587663
-3.5649894,42.3587632
-3.5651303,42.3587519
-3.5653041,42.3587269
-3.5654954,42.3586877
-3.5656712,42.3586330
-3.5658382,42.3585681
-3.5659310,42.3585397
-3.5660267,42.3585139
-3.5660882,42.3585013
-3.5661474,42.3584908
-3.5662113,42.3584855
-3.5666148,42.3584852
-3.5675133,42.3584785
-3.5676867,42.3584850
-3.5679074,42.3585120
-3.5682666,42.3585823
-3.5685846,42.3586457
-3.5687881,42.3586923
-3.5689498,42.3587411
-3.5691362,42.3588106
-3.5692862,42.3588701
-3.5693433,42.3588928
-3.5695395,42.3589567
-3.5696785,42.3589923
-3.5698527,42.3590190
-3.5700885,42.3590485
-3.5705648,42.3590933
-3.5712404,42.3591618
-3.5714335,42.3591862
-3.5715444,42.3592057
-3.5717262,42.3592470
-3.5724005,42.3594193
-3.5726142,42.3594696
-3.5728006,42.3594942
-3.5730781,42.3595243
-3.5735629,42.3595631
-3.5744363,42.3596322
-3.5753328,42.3596801
-3.5755151,42.3596823
-3.5756577,42.3596762
-3.5757807,42.3596662
-3.5759147,42.3596446
-3.5765589,42.3595298
-3.5767580,42.3595043
-3.5768533,42.3594951
-3.5769485,42.3594925
-3.5770583,42.3594937
-3.5771699,42.3594988
-3.5774491,42.3595187
-3.5777992,42.3595498
-3.5780401,42.3595712
-3.5784906,42.3596115
-3.5786354,42.3596191
-3.5787785,42.3596227
-3.5791413,42.3596175
-3.5798908,42.3596084
-3.5801210,42.3596181
-3.5802911,42.3596349
-3.5804689,42.3596571
-3.5811245,42.3597374
-3.5815984,42.3597985
-3.5816907,42.3598163
-3.5818876,42.3598727
-3.5820440,42.3599251
-3.5820864,42.3599467
-3.5821407,42.3599744
-3.5821521,42.3599797
-3.5822742,42.3600349
-3.5825822,42.3601973
-3.5825882,42.3602005
-3.5827179,42.3602657
-3.5829441,42.3603652
-3.5830716,42.3603990
-3.5831372,42.3604093
-3.5832077,42.3604123
-3.5833104,42.3604079
-3.5834463,42.3604020
-3.5835240,42.3603956
-3.5835967,42.3603856
-3.5836556,42.3603766
-3.5841741,42.3602453
-3.5842320,42.3602267
-3.5843896,42.3601740
-3.5846643,42.3600872
-3.5848612,42.3600302
-3.5850077,42.3599867
-3.5851113,42.3599824
-3.5852136,42.3599927
-3.5853334,42.3600171
-3.5854524,42.3600434
-3.5855827,42.3600688
-3.5857990,42.3600960
-3.5859271,42.3601121
-3.5861994,42.3601465
-3.5866779,42.3601985
-3.5868470,42.3602103
-3.5871522,42.3602196
-3.5874876,42.3602435
-3.5876369,42.3602680
-3.5876564,42.3602712
-3.5878062,42.3602976
-3.5878391,42.3603034
-3.5878514,42.3603058
-3.5880203,42.3603392
-3.5881618,42.3603765
-3.5881999,42.3603870
-3.5882648,42.3604050
-3.5883338,42.3604249
-3.5884135,42.3604478
-3.5886197,42.3605053
-3.5887715,42.3605468
-3.5888081,42.3605571
-3.5888748,42.3605759
-3.5891661,42.3606611
-3.5896253,42.3607868
-3.5898036,42.3608356
-3.5901078,42.3609151
-3.5903121,42.3609576
-3.5905463,42.3610033
-3.5908064,42.3610353
-3.5911754,42.3610754
-3.5916040,42.3611107
-3.5920026,42.3611644
-3.5921728,42.3612058
-3.5923046,42.3612507
-3.5923968,42.3612875
-3.5926831,42.3614224
-3.5929574,42.3615590
-3.5935218,42.3618597
-3.5936896,42.3619352
-3.5937991,42.3619844
-3.5939898,42.3620612
-3.5941160,42.3620974
-3.5943352,42.3621345
-3.5945072,42.3621416
-3.5946535,42.3621403
-3.5948269,42.3621299
-3.5950798,42.3621039
-3.5952828,42.3620985
-3.5954761,42.3621095
-3.5957067,42.3621425
-3.5959082,42.3621858
-3.5961801,42.3622468
-3.5963806,42.3623265
-3.5966978,42.3624802
-3.5971699,42.3626935
-3.5974887,42.3628218
-3.5981007,42.3630304
-3.5984969,42.3631565
-3.5986691,42.3632073
-3.5988438,42.3632451
-3.5990764,42.3632809
-3.5991897,42.3632914
-3.5995098,42.3633228
-3.5997422,42.3633539
-3.5998838,42.3633729
-3.6000303,42.3633956
-3.6001390,42.3634203
-3.6002477,42.3634506
-3.6004277,42.3635101
-3.6006205,42.3635814
-3.6007837,42.3636606
-3.6009853,42.3637689
-3.6011545,42.3638837
-3.6012932,42.3639919
-3.6014132,42.3641017
-3.6015292,42.3642223
-3.6016374,42.3643720
-3.6016886,42.3644716
-3.6017279,42.3645915
-3.6017446,42.3646976
-3.6017407,42.3648262
-3.6017220,42.3649301
-3.6016836,42.3650486
-3.6016040,42.3652070
-3.6015273,42.3653698
-3.6014427,42.3655892
-3.6014132,42.3657186
-3.6014014,42.3658334
-3.6014083,42.3659635
-3.6014289,42.3660979
-3.6014751,42.3662280
-3.6015469,42.3663653
-3.6016295,42.3664881
-3.6017535,42.3666168
-3.6018833,42.3667323
-3.6021233,42.3669147
-3.6024862,42.3671748
-3.6026750,42.3672875
-3.6028235,42.3673609
-3.6029996,42.3674248
-3.6031865,42.3674728
-3.6033556,42.3675011
-3.6035140,42.3675113
-3.6037058,42.3675120
-3.6038985,42.3674931
-3.6041110,42.3674502
-3.6043175,42.3673885
-3.6044503,42.3673289
-3.6045900,42.3672526
-3.6047788,42.3671262
-3.6050699,42.3668936
-3.6054574,42.3665877
-3.6058272,42.3662919
-3.6062659,42.3659453
-3.6066180,42.3656633
-3.6071196,42.3652644
-3.6075769,42.3649054
-3.6080559,42.3645224
-3.6084237,42.3642383
-3.6085300,42.3641627
-3.6086037,42.3641184
-3.6087532,42.3640348
-3.6089283,42.3639614
-3.6090640,42.3639222
-3.6092568,42.3638844
-3.6094397,42.3638619
-3.6096148,42.3638575
-3.6098616,42.3638706
-3.6101106,42.3639163
-3.6109335,42.3641210
-3.6112087,42.3641863
-3.6114950,42.3642413
-3.6117917,42.3642911
-3.6121220,42.3643202
-3.6123962,42.3643406
-3.6125846,42.3643400
-3.6127348,42.3643272
-3.6129067,42.3642956
-3.6138400,42.3640289
-3.6141329,42.3639453
-3.6142023,42.3639220
-3.6142702,42.3638938
-3.6143146,42.3638731
-3.6143557,42.3638481
-3.6144381,42.3637887
-3.6145999,42.3636508
-3.6147935,42.3634560
-3.6151264,42.3631043
-3.6153111,42.3629048
-3.6154218,42.3628708
-3.6154915,42.3628686
-3.6155956,42.3628801
-3.6156586,42.3628908
-3.6157465,42.3629264
-3.6158155,42.3629772
-3.6159181,42.3630748
-3.6161779,42.3634794
-3.6163018,42.3636818
-3.6163498,42.3637574
-3.6164087,42.3638306
-3.6164613,42.3638908
-3.6165176,42.3639390
-3.6166734,42.3640351
-3.6167841,42.3640892
-3.6170472,42.3641848
-3.6170815,42.3641950
-3.6171476,42.3642148
-3.6173031,42.3642477
-3.6174135,42.3642627
-3.6174215,42.3643230
-3.6187064,42.3644286
-3.6187625,42.3644335
-3.6188058,42.3644384
-3.6192267,42.3644783
-3.6199511,42.3645471
-3.6200047,42.3645079
-3.6200746,42.3644643
-3.6201418,42.3644732
-3.6202624,42.3644807
-3.6203297,42.3644820
-3.6204058,42.3644741
-3.6204617,42.3644606
-3.6204979,42.3644404
-3.6207087,42.3642744
-3.6207695,42.3642472
-3.6208542,42.3642311
-3.6209100,42.3642300
-3.6209589,42.3642393
-3.6209935,42.3642503
-3.6211393,42.3643121
-3.6213089,42.3643290
-3.6214278,42.3643404
-3.6215115,42.3643480
-3.6219050,42.3642625
-3.6220640,42.3642293
-3.6227239,42.3640866
-3.6228893,42.3640543
-3.6234063,42.3639535
-3.6234750,42.3639401
-3.6236406,42.3639080
-3.6237144,42.3638936
-3.6237438,42.3638878
-3.6257007,42.3635047
-3.6257468,42.3634783
-3.6257799,42.3634476
-3.6258075,42.3634107
-3.6258815,42.3633921
-3.6260481,42.3633533
-3.6261037,42.3633403
-3.6261701,42.3633821
-3.6262510,42.3633960
-3.6275660,42.3631448
-3.6275786,42.3631790
-3.6275996,42.3632384
-3.6276277,42.3633180
-3.6276479,42.3633730
-3.6276573,42.3633988
-3.6276860,42.3633934
-3.6276941,42.3633931
-3.6277845,42.3633766
-3.6278820,42.3633578
-3.6279795,42.3633389
-3.6281425,42.3633055
-3.6282137,42.3632909
-3.6282777,42.3632782
-3.6284465,42.3632449
-3.6285490,42.3632246
-3.6286158,42.3632114
-3.6294130,42.3630558
-3.6295909,42.3630211
-3.6296688,42.3630062
-3.6303807,42.3628706
-3.6304301,42.3628871
-3.6305108,42.3628994
-3.6305362,42.3629017
-3.6306084,42.3629083
-3.6306749,42.3629117
-3.6307634,42.3628909
-3.6308026,42.3628817
-3.6308533,42.3628702
-3.6308586,42.3628080
-3.6309067,42.3627685
-3.6309538,42.3627588
-3.6323835,42.3624860
-3.6325058,42.3624626
-3.6326539,42.3624342
-3.6332709,42.3623157
-3.6333746,42.3622967
-3.6334675,42.3622798
-3.6344073,42.3621093
-3.6344584,42.3621000
-3.6345578,42.3620812
-3.6350622,42.3619861
-3.6351168,42.3619758
-3.6352319,42.3619546
-3.6361126,42.3617924
-3.6365227,42.3617121
-3.6366070,42.3616890
-3.6378949,42.3614538
-3.6385962,42.3613326
-3.6386226,42.3613405
-3.6386927,42.3613386
-3.6388268,42.3613366
-3.6388759,42.3613369
-3.6389234,42.3613485
-3.6390334,42.3613822
-3.6391889,42.3614535
-3.6393043,42.3615169
-3.6393916,42.3615860
-3.6394512,42.3616409
-3.6395202,42.3616991
-3.6395465,42.3617020
-3.6396183,42.3617007
-3.6396932,42.3616994
-3.6397048,42.3616917
-3.6397121,42.3616808
-3.6397104,42.3616622
-3.6396988,42.3616230
-3.6396744,42.3615387
-3.6396810,42.3615301
-3.6396977,42.3615282
-3.6397880,42.3615332
-3.6398807,42.3615259
-3.6399775,42.3615070
-3.6401166,42.3614643
-3.6401626,42.3614456
-3.6401866,42.3614505
-3.6402000,42.3614822
-3.6402668,42.3617022
-3.6403300,42.3616967
-3.6403916,42.3616913
-3.6404378,42.3616873
-3.6407231,42.3614535
-3.6409055,42.3613247
-3.6409265,42.3613057
-3.6409358,42.3612842
-3.6408974,42.3611433
-3.6408805,42.3610788
-3.6408772,42.3610384
-3.6409055,42.3609739
-3.6409415,42.3609459
-3.6409876,42.3609144
-3.6410957,42.3608578
-3.6420777,42.3606548
-3.6421424,42.3606423
-3.6422070,42.3606297
-3.6422674,42.3606186
-3.6423278,42.3606074
-3.6430158,42.3604798
-3.6430937,42.3604654
-3.6431777,42.3604498
-3.6435899,42.3603734
-3.6436688,42.3603588
-3.6437461,42.3603446
-3.6441715,42.3602668
-3.6442511,42.3602522
-3.6443475,42.3602341
-3.6450419,42.3601040
-3.6450906,42.3600949
-3.6451579,42.3600821
-3.6452324,42.3600679
-3.6452798,42.3600588
-3.6453156,42.3600519
-3.6460194,42.3599161
-3.6460768,42.3599067
-3.6461198,42.3599070
-3.6461797,42.3599037
-3.6462894,42.3598816
-3.6463798,42.3598637
-3.6464276,42.3598543
-3.6464936,42.3598226
-3.6466906,42.3597778
-3.6467501,42.3597643
-3.6468100,42.3597501
-3.6472710,42.3596411
-3.6473150,42.3596304
-3.6473562,42.3596196
-3.6474952,42.3595831
-3.6475354,42.3595726
-3.6475692,42.3595630
-3.6484852,42.3593029
-3.6485266,42.3592912
-3.6485774,42.3592771
-3.6490547,42.3591444
-3.6491566,42.3591162
-3.6492271,42.3590967
-3.6492963,42.3590779
-3.6501533,42.3588453
-3.6501981,42.3588332
-3.6503172,42.3588005
-3.6503875,42.3587813
-3.6506739,42.3587033
-3.6509010,42.3586385
-3.6510197,42.3586059
-3.6510551,42.3586083
-3.6510955,42.3586159
-3.6511461,42.3586337
-3.6511733,42.3586538
-3.6511919,42.3586754
-3.6512370,42.3587616
-3.6512508,42.3587879
-3.6513769,42.3587526
-3.6515398,42.3587070
-3.6516034,42.3586892
-3.6516436,42.3586780
-3.6516618,42.3586729
-3.6516126,42.3585785
-3.6516088,42.3585600
-3.6516104,42.3585424
-3.6516175,42.3585103
-3.6516278,42.3584703
-3.6516357,42.3584573
-3.6516489,42.3584452
-3.6518628,42.3583862
-3.6523256,42.3582578
-3.6523867,42.3582408
-3.6524584,42.3582210
-3.6535394,42.3579224
-3.6536017,42.3579052
-3.6536138,42.3579018
-3.6536652,42.3578875
-3.6552381,42.3574503
-3.6553023,42.3574325
-3.6554078,42.3574036
-3.6563542,42.3571447
-3.6563890,42.3571359
-3.6564647,42.3571247
-3.6565198,42.3571094
-3.6566020,42.3570866
-3.6566721,42.3570672
-3.6567197,42.3570541
-3.6567880,42.3570286
-3.6576549,42.3567885
-3.6576960,42.3567771
-3.6577432,42.3567642
-3.6583909,42.3565867
-3.6586730,42.3565087
-3.6587357,42.3564913
-3.6587834,42.3564780
-3.6597380,42.3562129
-3.6597700,42.3562040
-3.6598178,42.3561906
-3.6611249,42.3558253
-3.6611524,42.3558176
-3.6611916,42.3558066
-3.6621782,42.3555310
-3.6623713,42.3554758
-3.6624142,42.3554718
-3.6624663,42.3554835
-3.6625601,42.3554922
-3.6626924,42.3554583
-3.6629042,42.3554031
-3.6629402,42.3554016
-3.6629738,42.3554100
-3.6630067,42.3554268
-3.6630891,42.3555471
-3.6631350,42.3555303
-3.6631523,42.3555236
-3.6631774,42.3555139
-3.6632171,42.3554986
-3.6633104,42.3554606
-3.6633493,42.3554450
-3.6633882,42.3554294
-3.6633658,42.3553959
-3.6633219,42.3553302
-3.6633147,42.3553054
-3.6633112,42.3552777
-3.6633166,42.3552529
-3.6633288,42.3552299
-3.6633444,42.3552058
-3.6633655,42.3551840
-3.6633981,42.3551658
-3.6634557,42.3551481
-3.6636816,42.3550816
-3.6655211,42.3545598
-3.6659148,42.3544543
-3.6659161,42.3544326
-3.6661894,42.3543547
-3.6663180,42.3543162
-3.6663368,42.3543131
-3.6663576,42.3543145
-3.6663699,42.3543170
-3.6663805,42.3543253
-3.6663932,42.3543450
-3.6664321,42.3543330
-3.6665045,42.3543117
-3.6665019,42.3543058
-3.6665050,42.3543003
-3.6665146,42.3542974
-3.6666241,42.3542626
-3.6666694,42.3542482
-3.6666882,42.3542312
-3.6667898,42.3542002
-3.6668284,42.3542036
-3.6669654,42.3541601
-3.6671092,42.3541127
-3.6671520,42.3540663
-3.6672589,42.3540299
-3.6678061,42.3538603
-3.6680478,42.3537792
-3.6683408,42.3536786
-3.6685535,42.3536014
-3.6685938,42.3535854
-3.6686027,42.3535820
-3.6686311,42.3535712
-3.6687388,42.3535279
-3.6689593,42.3534381
-3.6689887,42.3534479
-3.6695925,42.3531582
-3.6696226,42.3531474
-3.6696392,42.3531470
-3.6696527,42.3531489
-3.6696598,42.3531586
-3.6697240,42.3531292
-3.6697700,42.3531080
-3.6697615,42.3530939
-3.6697686,42.3530776
-3.6697765,42.3530692
-3.6697892,42.3530611
-3.6698941,42.3530045
-3.6710586,42.3523756
-3.6710687,42.3523732
-3.6710782,42.3523747
-3.6711500,42.3523358
-3.6712071,42.3523034
-3.6712061,42.3522902
-3.6712149,42.3522756
-3.6713154,42.3522211
-3.6722933,42.3516909
-3.6723587,42.3516550
-3.6724125,42.3516259
-3.6724086,42.3516205
-3.6724083,42.3516165
-3.6724165,42.3516068
-3.6726437,42.3514836
-3.6727604,42.3514204
-3.6729770,42.3513030
-3.6730910,42.3512412
-3.6731604,42.3512023
-3.6733006,42.3511266
-3.6733232,42.3511172
-3.6733365,42.3511149
-3.6733500,42.3511167
-3.6733658,42.3511312
-3.6734208,42.3511022
-3.6734723,42.3510751
-3.6734835,42.3510337
-3.6735138,42.3510068
-3.6735534,42.3509829
-3.6736763,42.3509144
-3.6738006,42.3508451
-3.6740264,42.3507192
-3.6741501,42.3506503
-3.6743746,42.3505251
-3.6746076,42.3503953
-3.6750962,42.3501229
-3.6752044,42.3500626
-3.6752874,42.3500163
-3.6753532,42.3500002
-3.6754148,42.3499966
-3.6754471,42.3499791
-3.6755065,42.3499470
-3.6755680,42.3499137
-3.6758161,42.3497796
-3.6758972,42.3497357
-3.6759519,42.3497061
-3.6760408,42.3496581
-3.6760708,42.3496419
-3.6760745,42.3496135
-3.6760947,42.3495900
-3.6761803,42.3495430
-3.6762157,42.3495236
-3.6770266,42.3490611
-3.6770901,42.3490261
-3.6771466,42.3489970
-3.6772041,42.3489891
-3.6773965,42.3489928
-3.6775454,42.3489708
-3.6776854,42.3489496
-3.6779849,42.3489042
-3.6779982,42.3488878
-3.6780497,42.3488812
-3.6780674,42.3488847
-3.6781432,42.3488999
-3.6781250,42.3488206
-3.6781148,42.3487728
-3.6789409,42.3486673
-3.6790241,42.3486534
-3.6791021,42.3486403
-3.6791849,42.3486273
-3.6798256,42.3485267
-3.6798506,42.3485228
-3.6804328,42.3484314
-3.6808021,42.3483720
-3.6810643,42.3482084
-3.6811077,42.3481842
-3.6813829,42.3480334
-3.6813902,42.3480283
-3.6814488,42.3479873
-3.6814837,42.3479629
-3.6816023,42.3477733
-3.6815978,42.3477605
-3.6815853,42.3477489
-3.6815656,42.3477435
-3.6816002,42.3476889
-3.6816370,42.3476340
-3.6816738,42.3476421
-3.6816904,42.3476343
-3.6817088,42.3476139
-3.6819002,42.3473731
-3.6820617,42.3471998
-3.6821232,42.3471339
-3.6823055,42.3469519
-3.6823394,42.3469181
-3.6825025,42.3467879
-3.6826718,42.3466696
-3.6830524,42.3464412
-3.6835658,42.3461480
-3.6843059,42.3457358
-3.6843282,42.3457226
-3.6843345,42.3457168
-3.6843324,42.3457046
-3.6843242,42.3456963
-3.6843774,42.3456654
-3.6844349,42.3456323
-3.6844475,42.3456443
-3.6844625,42.3456462
-3.6846653,42.3455337
-3.6849883,42.3453549
-3.6851769,42.3452418
-3.6851977,42.3452303
-3.6852438,42.3452048
-3.6852760,42.3451869
-3.6852904,42.3451789
-3.6853131,42.3451716
-3.6853806,42.3451341
-3.6863152,42.3446093
-3.6863243,42.3446321
-3.6863334,42.3446548
-3.6863487,42.3446931
-3.6863599,42.3447210
-3.6863685,42.3447426
-3.6863854,42.3447781
-3.6863908,42.3447895
-3.6864410,42.3448018
-3.6864866,42.3449157
-3.6866804,42.3454011
-3.6867252,42.3455176
-3.6867753,42.3455078
-3.6868503,42.3454931
-3.6869899,42.3454658
-3.6870740,42.3454494
-3.6871197,42.3454405
-3.6871002,42.3453761
-3.6871206,42.3453601
-3.6871372,42.3453551
-3.6871119,42.3453001
-3.6870913,42.3452585
-3.6873325,42.3451867
-3.6879290,42.3450082
-3.6879593,42.3449993
-3.6879832,42.3449649
-3.6880424,42.3449478
-3.6881083,42.3449280
-3.6881703,42.3449384
-3.6888997,42.3447230
-3.6889121,42.3447179
-3.6889267,42.3446954
-3.6889215,42.3446694
-3.6889177,42.3446573
-3.6890012,42.3446292
-3.6890818,42.3446034
-3.6890961,42.3446260
-3.6891210,42.3446361
-3.6892014,42.3446130
-3.6892208,42.3446074
-3.6898687,42.3444185
-3.6899500,42.3443956
-3.6903609,42.3442731
-3.6909409,42.3441033
-3.6910220,42.3440787
-3.6915333,42.3439274
-3.6918198,42.3438510
-3.6919375,42.3438168
-3.6923940,42.3437231
-3.6926860,42.3436631
-3.6929778,42.3436032
-3.6933686,42.3435230
-3.6934559,42.3435054
-3.6935319,42.3435338
-3.6942241,42.3433889
-3.6945770,42.3433171
-3.6946019,42.3433034
-3.6947009,42.3432840
-3.6947271,42.3432786
-3.6947531,42.3432737
-3.6947945,42.3432652
-3.6953125,42.3431679
-3.6955851,42.3431154
-3.6956338,42.3430834
-3.6957623,42.3429978
-3.6964101,42.3428853
-3.6964300,42.3428836
-3.6964617,42.3428817
-3.6964923,42.3428799
-3.6964998,42.3428792
-3.6966399,42.3428701
-3.6966841,42.3428679
-3.6967198,42.3428637
-3.6967257,42.3428632
-3.6968847,42.3428482
-3.6968908,42.3428476
-3.6970011,42.3428386
-3.6972939,42.3428289
-3.6977252,42.3428200
-3.6982162,42.3427949
-3.6985964,42.3427921
-3.6989048,42.3428104
-3.6991805,42.3428369
-3.6992257,42.3428401
-3.6993323,42.3428512
-3.6993583,42.3428544
-3.6993726,42.3428562
-3.6994005,42.3428620
-3.6994204,42.3428664
-3.6994712,42.3428773
-3.6995292,42.3428901
-3.6998101,42.3429607
-3.7001692,42.3430490
-3.7006521,42.3431951
-3.7006876,42.3432089
-3.7007661,42.3432397
-3.7008348,42.3432699
-3.7009106,42.3433023
-3.7009428,42.3433111
-3.7010485,42.3433364
-3.7011383,42.3433294
-3.7013431,42.3433069
-3.7015251,42.3432774
-3.7017746,42.3432208
-3.7021093,42.3431306
-3.7021792,42.3431436
-3.7022191,42.3431584
-3.7022770,42.3431555
-3.7023150,42.3431322
-3.7027361,42.3428300
-3.7032524,42.3425570
-3.7033457,42.3425050
-3.7034204,42.3424711
-3.7034475,42.3424588
-3.7037532,42.3423229
-3.7038630,42.3422509
-3.7039130,42.3422210
-3.7039438,42.3421616
-3.7039962,42.3420660
-3.7040929,42.3418354
-3.7041199,42.3417559
-3.7041688,42.3416906
-3.7041929,42.3416576
-3.7043108,42.3415464
-3.7045733,42.3412093
-3.7047575,42.3409915
-3.7048973,42.3408891
-3.7050033,42.3408122
-3.7052149,42.3406495
-3.7052364,42.3406387
-3.7052598,42.3406283
-3.7054061,42.3405685
-3.7054454,42.3405534
-3.7056356,42.3404939
-3.7057620,42.3404579
-3.7057961,42.3404551
-3.7059010,42.3404546
-3.7059455,42.3404521
-3.7062307,42.3402998
-3.7063444,42.3402434
-3.7064554,42.3402025
-3.7065068,42.3401856
-3.7065480,42.3401797
-3.7065928,42.3401794
-3.7066545,42.3401822
-3.7067479,42.3401910
-3.7068718,42.3402039
-3.7069341,42.3402122
-3.7069922,42.3402217
-3.7070561,42.3402359
-3.7071164,42.3402529
-3.7073723,42.3403391
-3.7074614,42.3403709
-3.7075872,42.3404157
-3.7077694,42.3404800
-3.7079123,42.3405307
-3.7082022,42.3406384
-3.7083302,42.3406828
-3.7085794,42.3407719
-3.7088985,42.3408929
-3.7089311,42.3409053
-3.7090527,42.3409514
-3.7095690,42.3410510
-3.7102836,42.3411903
-3.7104499,42.3412205
-3.7108203,42.3413142
-3.7108739,42.3413268
-3.7109253,42.3413338
-3.7109888,42.3414069
-3.7110043,42.3414325
-3.7110225,42.3414530
-3.7110338,42.3414649
-3.7110933,42.3415015
-3.7111531,42.3415499
-3.7111985,42.3415601
-3.7112530,42.3415637
-3.7114260,42.3415738
-3.7114977,42.3415785
-3.7115523,42.3415853
-3.7116019,42.3415905
-3.7117234,42.3416019
-3.7122191,42.3416451
-3.7123234,42.3416559
-3.7124848,42.3416736
-3.7127714,42.3417261
-3.7130803,42.3417822
-3.7131796,42.3418108
-3.7132226,42.3418246
-3.7132795,42.3418472
-3.7133735,42.3418930
-3.7134920,42.3419718
-3.7140665,42.3423873
-3.7144603,42.3426838
-3.7144757,42.3426883
-3.7144925,42.3426881
-3.7145097,42.3426773
-3.7145272,42.3426529
-3.7148228,42.3420662
-3.7148988,42.3419122
-3.7149169,42.3418781
-3.7149383,42.3418363
-3.7149687,42.3418264
-3.7150044,42.3418233
-3.7150353,42.3418270
-3.7151120,42.3418545
-3.7151598,42.3418719
-3.7151497,42.3418340
-3.7151521,42.3417987
-3.7151721,42.3417645
-3.7152025,42.3417211
-3.7152601,42.3416943
-3.7154342,42.3416365
-3.7158947,42.3414663
-3.7159359,42.3414414
-3.7160424,42.3413593
-3.7161414,42.3412819
-3.7162755,42.3411542
-3.7162221,42.3411252
-3.7162313,42.3411111
-3.7162298,42.3410950
-3.7162043,42.3410772
-3.7162211,42.3410183
-3.7162383,42.3409714
-3.7162434,42.3409565
-3.7162520,42.3409470
-3.7162687,42.3409404
-3.7163276,42.3409314
-3.7164343,42.3409211
-3.7165106,42.3409117
-3.7165852,42.3408987
-3.7167473,42.3408541
-3.7167720,42.3408465
-3.7167986,42.3408456
-3.7169673,42.3408027
-3.7170988,42.3407501
-3.7176859,42.3404215
-3.7179514,42.3404107
-3.7180221,42.3403611
-3.7180963,42.3403092
-3.7181838,42.3402421
-3.7182619,42.3402287
-3.7182851,42.3402615
-3.7183515,42.3403135
-3.7183653,42.3403243
-3.7183796,42.3403353
-3.7184025,42.3403530
-3.7184644,42.3403960
-3.7184964,42.3404174
-3.7185253,42.3404382
-3.7186065,42.3404392
-3.7186235,42.3404357
-3.7186372,42.3404268
-3.7186411,42.3404025
-3.7186490,42.3403812
-3.7186684,42.3403529
-3.7186953,42.3403222
-3.7187080,42.3403157
-3.7187495,42.3403032
-3.7187975,42.3403102
-3.7189014,42.3403232
-3.7192347,42.3403543
-3.7199681,42.3404386
-3.7208949,42.3405298
-3.7214615,42.3405850
-3.7222913,42.3406673
-3.7233034,42.3407680
-3.7234816,42.3407857
-3.7239332,42.3408304
-3.7242864,42.3408683
-3.7245083,42.3408921
-3.7250605,42.3409537
-3.7251703,42.3409611
-3.7261100,42.3410557
-3.7262236,42.3410602
-3.7263003,42.3410632
-3.7263975,42.3410547
-3.7271095,42.3412061
-3.7274294,42.3412796
-3.7274944,42.3412952
-3.7274675,42.3413473
-3.7273767,42.3415235
-3.7273579,42.3415611
-3.7273339,42.3416052
-3.7273793,42.3416118
-3.7274857,42.3416268
-3.7281564,42.3417216
-3.7284216,42.3417592
-3.7284614,42.3417619
-3.7285124,42.3417758
-3.7285733,42.3417925
-3.7286269,42.3418091
-3.7289918,42.3418061
-3.7291546,42.3417862
-3.7292067,42.3417845
-3.7292488,42.3417923
-3.7292798,42.3418046
-3.7293443,42.3418301
-3.7293913,42.3418487
-3.7294098,42.3418699
-3.7294135,42.3419007
-3.7294105,42.3419235
-3.7293919,42.3419758
-3.7293989,42.3419983
-3.7294220,42.3420105
-3.7294429,42.3420138
-3.7294876,42.3420184
-3.7296856,42.3420388
-3.7308053,42.3421583
-3.7309411,42.3421736
-3.7311304,42.3421924
-3.7328636,42.3423675
-3.7329688,42.3423708
-3.7330740,42.3423731
-3.7331821,42.3423742
-3.7332958,42.3422997
-3.7333403,42.3422748
-3.7333753,42.3422537
-3.7334125,42.3422360
-3.7334630,42.3422221
-3.7338660,42.3422614
-3.7338950,42.3422960
-3.7339574,42.3423487
-3.7340480,42.3423756
-3.7340656,42.3423775
-3.7346032,42.3424367
-3.7359467,42.3425695
-3.7359240,42.3426854
-3.7361257,42.3427042
-3.7361229,42.3427253
-3.7361089,42.3428108
-3.7360936,42.3429055
-3.7362610,42.3429256
-3.7363289,42.3429624
-3.7363698,42.3429929
-3.7364033,42.3430366
-3.7364747,42.3431231
-3.7365431,42.3431104
-3.7366151,42.3430925
-3.7367715,42.3430552
-3.7368032,42.3430463
-3.7368199,42.3430415
-3.7369752,42.3429977
-3.7369141,42.3431395
-3.7369772,42.3431545
-3.7379235,42.3433972
-3.7380049,42.3434124
-3.7380087,42.3434131
-3.7380733,42.3434244
-3.7380966,42.3434285
-3.7381233,42.3434321
-3.7387678,42.3435190
-3.7388215,42.3435273
-3.7388683,42.3435339
-3.7389117,42.3435383
-3.7389398,42.3435423
-3.7390311,42.3435531
-3.7396666,42.3436376
-3.7397392,42.3436473
-3.7403947,42.3436619
-3.7405924,42.3436658
-3.7405929,42.3436398
-3.7406365,42.3436387
-3.7406677,42.3436378
-3.7407355,42.3436360
-3.7407513,42.3436615
-3.7410605,42.3436474
-3.7411469,42.3436435
-3.7412562,42.3436371
-3.7416215,42.3436361
-3.7417900,42.3436319
-3.7418007,42.3436316
-3.7421692,42.3436220
-3.7422161,42.3436210
-3.7424197,42.3436158
-3.7425160,42.3435911
-3.7426770,42.3435835
-3.7429505,42.3435707
-3.7434891,42.3435591
-3.7438194,42.3435431
-3.7442440,42.3435301
-3.7444839,42.3435359
-3.7446745,42.3435550
-3.7449696,42.3436499
-3.7450403,42.3436877
-3.7451033,42.3437023
-3.7454297,42.3437758
-3.7456003,42.3438244
-3.7456827,42.3438641
-3.7457527,42.3439025
-3.7463993,42.3442566
-3.7467203,42.3444258
-3.7469455,42.3445331
-3.7471805,42.3446371
-3.7474760,42.3447561
-3.7477667,42.3448663
-3.7480263,42.3449557
-3.7481902,42.3450091
-3.7483146,42.3450408
-3.7486057,42.3451120
-3.7489704,42.3452008
-3.7491904,42.3452496
-3.7493623,42.3452764
-3.7497548,42.3453737
-3.7498116,42.3453897
-3.7498892,42.3454143
-3.7499707,42.3454468
-3.7500438,42.3454765
-3.7502595,42.3455749
-3.7504946,42.3456875
-3.7507711,42.3458172
-3.7510338,42.3459590
-3.7511834,42.3460412
-3.7513208,42.3461294
-3.7514933,42.3462464
-3.7516605,42.3463663
-3.7518270,42.3464460
-3.7518848,42.3464658
-3.7521064,42.3465265
-3.7522404,42.3465626
-3.7523374,42.3465885
-3.7524425,42.3466038
-3.7525492,42.3466092
-3.7528537,42.3466120
-3.7529028,42.3466119
-3.7529701,42.3466177
-3.7530614,42.3466339
-3.7531062,42.3466448
-3.7531509,42.3466590
-3.7533729,42.3467497
-3.7534849,42.3467907
-3.7537713,42.3469232
-3.7541064,42.3470682
-3.7542583,42.3471312
-3.7544315,42.3471917
-3.7545795,42.3472335
-3.7549175,42.3473110
-3.7553647,42.3474310
-3.7555043,42.3474691
-3.7555798,42.3474840
-3.7556592,42.3474952
-3.7558235,42.3475073
-3.7560326,42.3475169
-3.7561188,42.3475239
-3.7562077,42.3475354
-3.7562482,42.3475461
-3.7563347,42.3475679
-3.7564117,42.3475845
-3.7565159,42.3476160
-3.7567761,42.3477010
-3.7571058,42.3477870
-3.7579710,42.3480055
-3.7586173,42.3481727
-3.7588198,42.3482182
-3.7590477,42.3482626
-3.7591660,42.3482830
-3.7592863,42.3482899
-3.7595387,42.3483099
-3.7597329,42.3483211
-3.7600243,42.3483370
-3.7602243,42.3483453
-3.7608182,42.3483578
-3.7613976,42.3483610
-3.7617464,42.3483599
-3.7621654,42.3483585
-3.7627664,42.3483624
-3.7636928,42.3483684
-3.7638595,42.3483863
-3.7640426,42.3484311
-3.7641864,42.3484821
-3.7642849,42.3485200
-3.7643781,42.3485639
-3.7644904,42.3486261
-3.7646187,42.3486952
-3.7649851,42.3488896
-3.7652242,42.3490003
-3.7653147,42.3490342
-3.7654963,42.3490951
-3.7655888,42.3491208
-3.7656956,42.3491458
-3.7658291,42.3491750
-3.7660852,42.3492178
-3.7664274,42.3492816
-3.7666841,42.3493414
-3.7668206,42.3493857
-3.7669324,42.3494326
-3.7671493,42.3495741
-3.7672120,42.3496240
-3.7672396,42.3496433
-3.7675109,42.3498318
-3.7676003,42.3498987
-3.7677028,42.3499443
-3.7678241,42.3499889
-3.7679276,42.3500183
-3.7679415,42.3500224
-3.7679346,42.3500379
-3.7679440,42.3500522
-3.7679841,42.3500688
-3.7680201,42.3500904
-3.7680398,42.3501130
-3.7680541,42.3501366
-3.7680602,42.3501707
-3.7680595,42.3502094
-3.7680534,42.3502526
-3.7680419,42.3502694
-3.7680268,42.3502862
-3.7680056,42.3503010
-3.7679843,42.3503158
-3.7678948,42.3503543
-3.7678324,42.3503826
-3.7678643,42.3504187
-3.7679188,42.3504803
-3.7679491,42.3505146
-3.7678801,42.3505503
-3.7678672,42.3505714
-3.7678713,42.3505944
-3.7678917,42.3506085
-3.7681383,42.3506984
-3.7682048,42.3507164
-3.7682735,42.3507401
-3.7683126,42.3507649
-3.7683516,42.3507810
-3.7686466,42.3508587
-3.7687521,42.3508859
-3.7688670,42.3509179
-3.7689817,42.3509597
-3.7691783,42.3510302
-3.7693810,42.3510917
-3.7695456,42.3511313
-3.7697824,42.3512130
-3.7699962,42.3512954
-3.7702226,42.3513919
-3.7705341,42.3515074
-3.7709746,42.3517024
-3.7711099,42.3517476
-3.7712108,42.3517661
-3.7716428,42.3518331
-3.7720867,42.3519252
-3.7725393,42.3519669
-3.7726647,42.3519771
-3.7730082,42.3520210
-3.7733894,42.3520778
-3.7737619,42.3521164
-3.7741077,42.3521836
-3.7743762,42.3522324
-3.7752779,42.3523881
-3.7763369,42.3525100
-3.7767176,42.3525341
-3.7769002,42.3525520
-3.7769702,42.3525648
-3.7770499,42.3525918
-3.7772113,42.3527005
-3.7772358,42.3527231
-3.7773855,42.3529204
-3.7773916,42.3530168
-3.7774118,42.3530258
-3.7774543,42.3530292
-3.7774940,42.3530323
-3.7775305,42.3530379
-3.7775741,42.3530349
-3.7778266,42.3529374
-3.7783816,42.3527079
-3.7787901,42.3525256
-3.7789922,42.3524414
-3.7790336,42.3524244
-3.7790749,42.3524143
-3.7791429,42.3524088
-3.7792803,42.3523986
-3.7793856,42.3523781
-3.7795597,42.3523444
-3.7796660,42.3523239
-3.7797968,42.3523102
-3.7799567,42.3522976
-3.7801724,42.3522838
-3.7803136,42.3522889
-3.7803861,42.3522842
-3.7805575,42.3522686
-3.7809359,42.3522569
-3.7811663,42.3522600
-3.7815034,42.3522622
-3.7816627,42.3522639
-3.7817801,42.3522622
-3.7818717,42.3522482
-3.7819739,42.3522075
-3.7820455,42.3521724
-3.7821247,42.3521260
-3.7822020,42.3520905
-3.7822637,42.3520725
-3.7823924,42.3520513
-3.7825182,42.3520361
-3.7825965,42.3520231
-3.7826489,42.3520136
-3.7827129,42.3520005
-3.7827898,42.3519816
-3.7828765,42.3519565
-3.7829893,42.3519218
-3.7831017,42.3518856
-3.7833890,42.3517838
-3.7837535,42.3516498
-3.7840672,42.3515336
-3.7843672,42.3514316
-3.7843953,42.3515212
-3.7845463,42.3518503
-3.7846371,42.3520057
-3.7846931,42.3520846
-3.7847533,42.3521602
-3.7852562,42.3527738
-3.7854477,42.3529818
-3.7855370,42.3530687
-3.7856565,42.3531271
-3.7857209,42.3531555
-3.7857889,42.3531682
-3.7859077,42.3531777
-3.7860195,42.3531820
-3.7862108,42.3531870
-3.7863040,42.3531949
-3.7863972,42.3532106
-3.7866229,42.3532793
-3.7867568,42.3533550
-3.7868655,42.3532495
-3.7869046,42.3531060
-3.7869058,42.3529365
-3.7868419,42.3526193
-3.7867476,42.3521236
-3.7867560,42.3520056
-3.7868031,42.3519214
-3.7868460,42.3518701
-3.7869389,42.3518057
-3.7870877,42.3517284
-3.7878344,42.3513918
-3.7886495,42.3510232
-3.7888427,42.3509771
-3.7894455,42.3509319
-3.7905695,42.3508705
-3.7906316,42.3508578
-3.7906795,42.3508268
-3.7908503,42.3507096
-3.7909203,42.3506678
-3.7910145,42.3506498
-3.7912998,42.3506239
-3.7916796,42.3505886
-3.7918101,42.3505830
-3.7918946,42.3505957
-3.7919660,42.3506272
-3.7920516,42.3507006
-3.7922305,42.3507570
-3.7922869,42.3507635
-3.7926128,42.3507669
-3.7928364,42.3507581
-3.7935262,42.3507702
-3.7938526,42.3507552
-3.7940864,42.3507296
-3.7944059,42.3506784
-3.7944540,42.3506828
-3.7944624,42.3506877
-3.7945127,42.3507094
-3.7948735,42.3512818
-3.7949493,42.3513703
-3.7951095,42.3515615
-3.7951878,42.3516175
-3.7952509,42.3516425
-3.7953364,42.3516600
-3.7954409,42.3516629
-3.7958478,42.3515518
-3.7961264,42.3514469
-3.7962068,42.3514111
-3.7963087,42.3513297
-3.7963699,42.3512433
-3.7963998,42.3511993
-3.7963989,42.3511461
-3.7963508,42.3510501
-3.7960862,42.3506086
-3.7959887,42.3504241
-3.7959939,42.3503652
-3.7960232,42.3503211
-3.7960853,42.3502618
-3.7964562,42.3499949
-3.7965933,42.3498969
-3.7966174,42.3498814
-3.7966567,42.3498587
-3.7967090,42.3498346
-3.7968237,42.3498184
-3.7970326,42.3498649
-3.7973201,42.3499331
-3.7974364,42.3499472
-3.7975970,42.3499592
-3.7979031,42.3499707
-3.7986063,42.3499682
-3.7989261,42.3499607
-3.7993038,42.3499456
-3.7996305,42.3499078
-3.7997534,42.3498664
-3.7998292,42.3498366
-3.7999706,42.3497983
-3.8002410,42.3497295
-3.8003967,42.3496749
-3.8005137,42.3496308
-3.8008396,42.3494833
-3.8011464,42.3493505
-3.8013646,42.3492670
-3.8021322,42.3488324
-3.8023537,42.3486881
-3.8024078,42.3486376
-3.8025277,42.3485109
-3.8026208,42.3484262
-3.8027764,42.3483033
-3.8028811,42.3482235
-3.8029928,42.3481641
-3.8032259,42.3480522
-3.8034061,42.3479720
-3.8036110,42.3478593
-3.8038607,42.3477012
-3.8040221,42.3476157
-3.8041688,42.3475499
-3.8042679,42.3475303
-3.8043970,42.3475300
-3.8045632,42.3475505
-3.8048905,42.3476019
-3.8050742,42.3476215
-3.8051589,42.3476259
-3.8052365,42.3476237
-3.8057025,42.3475647
-3.8060067,42.3475328
-3.8064915,42.3475207
-3.8070676,42.3475361
-3.8074737,42.3475627
-3.8090347,42.3477117
-3.8099579,42.3478132
-3.8104583,42.3478743
-3.8105704,42.3478867
-3.8108480,42.3479174
-3.8111556,42.3479655
-3.8114578,42.3480189
-3.8121920,42.3481615
-3.8125778,42.3482235
-3.8129539,42.3482934
-3.8131466,42.3483329
-3.8132964,42.3483670
-3.8133554,42.3483815
-3.8134131,42.3483986
-3.8134442,42.3484000
-3.8134750,42.3483995
-3.8135048,42.3483931
-3.8135293,42.3483706
-3.8135591,42.3483710
-3.8136524,42.3483874
-3.8138265,42.3484590
-3.8140827,42.3485580
-3.8144061,42.3486784
-3.8150503,42.3489144
-3.8150959,42.3489253
-3.8151764,42.3489352
-3.8152984,42.3489442
-3.8153613,42.3489432
-3.8154222,42.3489346
-3.8155014,42.3489228
-3.8155948,42.3489035
-3.8156517,42.3488909
-3.8157229,42.3488735
-3.8157771,42.3488549
-3.8158452,42.3488261
-3.8159202,42.3487872
-3.8161007,42.3487077
-3.8162500,42.3486499
-3.8164981,42.3485672
-3.8165426,42.3486382
-3.8165559,42.3487139
-3.8165671,42.3487437
-3.8165947,42.3487859
-3.8166273,42.3488008
-3.8166725,42.3488086
-3.8168067,42.3488216
-3.8169374,42.3488437
-3.8170714,42.3488739
-3.8178486,42.3491086
-3.8179418,42.3491362
-3.8179765,42.3491398
-3.8180445,42.3491467
-3.8181425,42.3491546
-3.8184936,42.3491582
-3.8185280,42.3491603
-3.8185571,42.3491644
-3.8185841,42.3491681
-3.8186631,42.3491910
-3.8187245,42.3491960
-3.8187812,42.3491887
-3.8188379,42.3491813
-3.8189008,42.3491562
-3.8189463,42.3491315
-3.8190247,42.3490702
-3.8190806,42.3490324
-3.8191327,42.3489971
-3.8192323,42.3489680
-3.8193381,42.3489486
-3.8194721,42.3489140
-3.8195901,42.3489016
-3.8196581,42.3489064
-3.8197243,42.3489207
-3.8198065,42.3489454
-3.8199285,42.3489929
-3.8200788,42.3490325
-3.8203323,42.3490803
-3.8206395,42.3492153
-3.8207780,42.3492677
-3.8208705,42.3493168
-3.8209279,42.3493155
-3.8209991,42.3493022
-3.8211450,42.3492874
-3.8213016,42.3492879
-3.8215037,42.3493192
-3.8215868,42.3493221
-3.8216805,42.3493028
-3.8217709,42.3493064
-3.8218721,42.3493080
-3.8219642,42.3493080
-3.8222199,42.3492120
-3.8225104,42.3491335
-3.8227647,42.3491213
-3.8231346,42.3491017
-3.8234221,42.3490822
-3.8237718,42.3490547
-3.8238564,42.3490433
-3.8239424,42.3490268
-3.8240108,42.3490090
-3.8244428,42.3488829
-3.8251278,42.3486648
-3.8259135,42.3484224
-3.8263418,42.3482858
-3.8266367,42.3482002
-3.8268950,42.3481218
-3.8270377,42.3480803
-3.8272950,42.3480146
-3.8273682,42.3479952
-3.8274785,42.3479664
-3.8277521,42.3478938
-3.8278830,42.3478592
-3.8280237,42.3478185
-3.8281161,42.3477923
-3.8282000,42.3477648
-3.8282879,42.3477298
-3.8283349,42.3477069
-3.8283945,42.3476725
-3.8284466,42.3476315
-3.8284827,42.3475967
-3.8285168,42.3475642
-3.8285436,42.3475245
-3.8285789,42.3474472
-3.8285914,42.3473986
-3.8286021,42.3473303
-3.8286121,42.3472583
-3.8286324,42.3470599
-3.8286662,42.3467750
-3.8286920,42.3465257
-3.8287015,42.3464377
-3.8287089,42.3463767
-3.8287184,42.3463241
-3.8287301,42.3462479
-3.8287470,42.3461810
-3.8287768,42.3460671
-3.8288012,42.3459995
-3.8288397,42.3459217
-3.8288852,42.3458509
-3.8289304,42.3457880
-3.8289718,42.3457348
-3.8290107,42.3456838
-3.8290907,42.3455979
-3.8291613,42.3455225
-3.8292286,42.3454499
-3.8292845,42.3453822
-3.8293234,42.3453373
-3.8293806,42.3452666
-3.8294240,42.3452067
-3.8294764,42.3451226
-3.8295197,42.3450302
-3.8295577,42.3449339
-3.8296059,42.3448124
-3.8297318,42.3445082
-3.8298530,42.3442687
-3.8299390,42.3440969
-3.8300518,42.3439008
-3.8301670,42.3437242
-3.8302425,42.3436101
-3.8303963,42.3434207
-3.8305138,42.3432924
-3.8306949,42.3431132
-3.8309004,42.3429402
-3.8310596,42.3428158
-3.8313857,42.3425951
-3.8315955,42.3424600
-3.8319325,42.3422501
-3.8323620,42.3419723
-3.8323949,42.3419507
-3.8325328,42.3418605
-3.8331006,42.3415058
-3.8332166,42.3414345
-3.8332952,42.3413769
-3.8333625,42.3413214
-3.8333877,42.3412986
-3.8334213,42.3412612
-3.8334421,42.3412241
-3.8334778,42.3411196
-3.8335053,42.3410267
-3.8335239,42.3409580
-3.8335337,42.3408919
-3.8335378,42.3408412
-3.8335287,42.3407826
-3.8334908,42.3406712
-3.8335162,42.3406655
-3.8338761,42.3405842
-3.8340815,42.3405423
-3.8343227,42.3404971
-3.8343774,42.3405106
-3.8346199,42.3404661
-3.8346743,42.3404552
-3.8347509,42.3404282
-3.8348745,42.3403667
-3.8349301,42.3403408
-3.8350237,42.3402767
-3.8351164,42.3402088
-3.8351583,42.3400702
-3.8352944,42.3399344
-3.8353682,42.3399057
-3.8354000,42.3399142
-3.8358186,42.3400178
-3.8361383,42.3400982
-3.8362186,42.3401102
-3.8363569,42.3401212
-3.8365269,42.3401268
-3.8367110,42.3401386
-3.8368651,42.3401573
-3.8369534,42.3401803
-3.8370791,42.3402175
-3.8372135,42.3402479
-3.8372797,42.3402667
-3.8373540,42.3402796
-3.8374131,42.3402817
-3.8374856,42.3402778
-3.8376704,42.3402574
-3.8379752,42.3402387
-3.8381069,42.3402318
-3.8382424,42.3402244
-3.8383556,42.3402229
-3.8384464,42.3402301
-3.8385428,42.3402463
-3.8389061,42.3403074
-3.8395557,42.3404244
-3.8398023,42.3404407
-3.8402642,42.3404802
-3.8403521,42.3404824
-3.8404320,42.3404759
-3.8406471,42.3404451
-3.8407956,42.3404250
-3.8409523,42.3404297
-3.8412364,42.3404441
-3.8414633,42.3404257
-3.8416554,42.3403972
-3.8420322,42.3403274
-3.8423536,42.3402972
-3.8426435,42.3402721
-3.8433797,42.3401824
-3.8435595,42.3401712
-3.8437393,42.3401771
-3.8441158,42.3402121
-3.8452666,42.3403665
-3.8454307,42.3403830
-3.8456247,42.3403941
-3.8463685,42.3403651
-3.8464855,42.3403647
-3.8483604,42.3405466
-3.8487209,42.3405947
-3.8493038,42.3406940
-3.8494193,42.3407226
-3.8495295,42.3407630
-3.8495891,42.3407949
-3.8496487,42.3408327
-3.8498829,42.3409954
-3.8500528,42.3410785
-3.8501733,42.3411148
-3.8502992,42.3411411
-3.8506362,42.3411748
-3.8520839,42.3413073
-3.8525577,42.3413228
-3.8528310,42.3413484
-3.8535895,42.3414369
-3.8537480,42.3414453
-3.8539091,42.3414459
-3.8542893,42.3414230
-3.8552068,42.3413116
-3.8557896,42.3411953
-3.8568313,42.3410807
-3.8580570,42.3409152
-3.8584162,42.3408817
-3.8586074,42.3409123
-3.8588700,42.3409076
-3.8593940,42.3408817
-3.8601433,42.3408806
-3.8607504,42.3408440
-3.8611030,42.3407988
-3.8614530,42.3407636
-3.8620836,42.3407461
-3.8627217,42.3407528
-3.8631586,42.3407615
-3.8634013,42.3407623
-3.8639969,42.3407376
-3.8642200,42.3407440
-3.8643868,42.3407583
-3.8647905,42.3409125
-3.8653749,42.3411174
-3.8657430,42.3412027
-3.8661702,42.3412840
-3.8666350,42.3413501
-3.8670991,42.3413793
-3.8675123,42.3414204
-3.8680362,42.3414797
-3.8682805,42.3415200
-3.8687507,42.3416151
-3.8688497,42.3416284
-3.8691418,42.3416563
-3.8696970,42.3416954
-3.8713090,42.3418721
-3.8715292,42.3418946
-3.8717494,42.3419013
-3.8722050,42.3418971
-3.8726391,42.3418791
-3.8727440,42.3418783
-3.8728571,42.3418925
-3.8733266,42.3419799
-3.8734953,42.3420024
-3.8739674,42.3420313
-3.8743189,42.3420365
-3.8745480,42.3420089
-3.8747319,42.3419672
-3.8749214,42.3418766
-3.8750161,42.3418446
-3.8751242,42.3418265
-3.8752612,42.3418062
-3.8754170,42.3418058
-3.8759460,42.3418433
-3.8763742,42.3418927
-3.8766148,42.3419183
-3.8768722,42.3419236
-3.8771861,42.3419170
-3.8777629,42.3418458
-3.8781515,42.3417864
-3.8788150,42.3416558
-3.8789796,42.3416231
-3.8790679,42.3416197
-3.8793901,42.3416684
-3.8796891,42.3416693
-3.8802201,42.3417727
-3.8808279,42.3418312
-3.8812837,42.3418356
-3.8814125,42.3418446
-3.8819360,42.3419251
-3.8820763,42.3419402
-3.8824704,42.3419689
-3.8826624,42.3419761
-3.8832431,42.3419763
-3.8839293,42.3420209
-3.8841809,42.3420584
-3.8847054,42.3421599
-3.8856142,42.3423052
-3.8860153,42.3423445
-3.8866091,42.3423763
-3.8871835,42.3423863
-3.8883652,42.3424403
-3.8885314,42.3424418
-3.8887607,42.3424258
-3.8891458,42.3424180
-3.8894334,42.3423839
-3.8902960,42.3422531
-3.8910739,42.3421119
-3.8921799,42.3417957
-3.8932665,42.3415438
-3.8941175,42.3412660
-3.8948904,42.3410920
-3.8954968,42.3409574
-3.8956614,42.3409336
-3.8958589,42.3409025
-3.8960600,42.3408655
-3.8961965,42.3408532
-3.8963294,42.3408580
-3.8969048,42.3409202
-3.8972617,42.3409523
-3.8974924,42.3409660
-3.8976801,42.3409568
-3.8978354,42.3409422
-3.8980596,42.3408878
-3.8985556,42.3407434
-3.8987680,42.3406908
-3.8989611,42.3406675
-3.8991300,42.3406612
-3.8995536,42.3406615
-3.8999640,42.3406853
-3.9006934,42.3406890
-3.9016023,42.3406627
-3.9031050,42.3407182
-3.9038505,42.3407113
-3.9041151,42.3406901
-3.9043526,42.3406671
-3.9048107,42.3405961
-3.9051997,42.3405614
-3.9055814,42.3405473
-3.9058383,42.3405557
-3.9061203,42.3405810
-3.9068242,42.3406992
-3.9070068,42.3407176
-3.9071341,42.3407305
-3.9073182,42.3407325
-3.9080637,42.3406908
-3.9082524,42.3406827
-3.9084169,42.3406826
-3.9086946,42.3407003
-3.9090610,42.3407019
-3.9091345,42.3407071
-3.9092711,42.3407323
-3.9093834,42.3407134
-3.9095752,42.3406979
-3.9111968,42.3406654
-3.9123511,42.3406278
-3.9132511,42.3405911
-3.9138739,42.3405533
-3.9141707,42.3405333
-3.9144354,42.3405031
-3.9153821,42.3403922
-3.9161395,42.3403081
-3.9175254,42.3401756
-3.9183693,42.3400849
-3.9189218,42.3400155
-3.9190735,42.3399939
-3.9191471,42.3399806
-3.9193557,42.3399069
-3.9197332,42.3398114
-3.9203169,42.3396360
-3.9205093,42.3395623
-3.9210617,42.3392597
-3.9218082,42.3389081
-3.9219136,42.3388599
-3.9219989,42.3388417
-3.9220812,42.3388275
-3.9221124,42.3388221
-3.9225026,42.3387547
-3.9226529,42.3387334
-3.9235068,42.3386121
-3.9239052,42.3385555
-3.9241658,42.3384918
-3.9242977,42.3384501
-3.9243550,42.3384256
-3.9244077,42.3383959
-3.9245247,42.3383310
-3.9245503,42.3383160
-3.9245951,42.3382898
-3.9246701,42.3382581
-3.9247415,42.3382382
-3.9248436,42.3382340
-3.9250220,42.3382485
-3.9252970,42.3382967
-3.9262683,42.3384787
-3.9263080,42.3384870
-3.9266414,42.3385557
-3.9267823,42.3385799
-3.9268212,42.3385822
-3.9268941,42.3385866
-3.9270070,42.3385851
-3.9270990,42.3385699
-3.9274721,42.3384913
-3.9278334,42.3383869
-3.9280226,42.3383078
-3.9281548,42.3382389
-3.9282763,42.3381934
-3.9291909,42.3378841
-3.9296493,42.3376883
-3.9297561,42.3376427
-3.9300119,42.3375559
-3.9300772,42.3375604
-3.9301274,42.3375777
-3.9301795,42.3375971
-3.9306272,42.3376844
-3.9316332,42.3378365
-3.9319590,42.3378798
-3.9322848,42.3379088
-3.9324002,42.3379161
-3.9327865,42.3379381
-3.9328797,42.3379391
-3.9329979,42.3379404
-3.9331573,42.3379307
-3.9333950,42.3378916
-3.9334900,42.3378678
-3.9335796,42.3378374
-3.9340185,42.3376683
-3.9345028,42.3374854
-3.9346049,42.3374454
-3.9347069,42.3374107
-3.9350349,42.3373247
-3.9355086,42.3372219
-3.9357849,42.3371558
-3.9361684,42.3370801
-3.9364701,42.3370369
-3.9369916,42.3369792
-3.9372720,42.3369428
-3.9373368,42.3369104
-3.9373856,42.3368688
-3.9374079,42.3368439
-3.9374426,42.3368229
-3.9379984,42.3366361
-3.9382554,42.3365384
-3.9385798,42.3364041
-3.9388480,42.3363060
-3.9390667,42.3362518
-3.9392647,42.3362104
-3.9395266,42.3361431
-3.9397743,42.3360851
-3.9399035,42.3360658
-3.9400310,42.3360420
-3.9403026,42.3359756
-3.9404659,42.3359414
-3.9408918,42.3358835
-3.9412030,42.3358256
-3.9415620,42.3357320
-3.9420263,42.3355982
-3.9424118,42.3355007
-3.9427093,42.3354555
-3.9428599,42.3354172
-3.9430053,42.3353683
-3.9430906,42.3353398
-3.9431723,42.3353048
-3.9433612,42.3352008
-3.9440173,42.3347828
-3.9443679,42.3345740
-3.9446514,42.3343912
-3.9448254,42.3342915
-3.9449677,42.3342298
-3.9451422,42.3341783
-3.9452390,42.3341703
-3.9453899,42.3341170
-3.9455947,42.3340412
-3.9457859,42.3339856
-3.9461606,42.3338969
-3.9463757,42.3338119
-3.9465729,42.3337362
-3.9469869,42.3336251
-3.9473584,42.3334776
-3.9478733,42.3333357
-3.9481901,42.3331993
-3.9485302,42.3330611
-3.9486602,42.3330042
-3.9487778,42.3329447
-3.9491192,42.3327587
-3.9494519,42.3325827
-3.9498273,42.3323579
-3.9499629,42.3322890
-3.9500883,42.3322451
-3.9501597,42.3322270
-3.9502381,42.3322246
-3.9502995,42.3322289
-3.9503608,42.3322410
-3.9505095,42.3322864
-3.9505663,42.3323102
-3.9506103,42.3323169
-3.9506667,42.3323084
-3.9507284,42.3322846
-3.9507972,42.3322504
-3.9508932,42.3321820
-3.9510253,42.3320707
-3.9512505,42.3318685
-3.9514851,42.3316721
-3.9517841,42.3314528
-3.9522794,42.3311533
-3.9527507,42.3309165
-3.9529795,42.3307810
-3.9531462,42.3306682
-3.9533129,42.3305698
-3.9538147,42.3302742
-3.9542270,42.3299779
-3.9546825,42.3297274
-3.9551654,42.3294560
-3.9556249,42.3292137
-3.9559722,42.3290463
-3.9563389,42.3288932
-3.9567173,42.3287332
-3.9570491,42.3286118
-3.9573193,42.3285380
-3.9576645,42.3284646
-3.9581534,42.3283365
-3.9583287,42.3282954
-3.9585075,42.3282661
-3.9586825,42.3282499
-3.9589549,42.3282426
-3.9593997,42.3282135
-3.9595691,42.3282151
-3.9603512,42.3283013
-3.9604537,42.3283175
-3.9606217,42.3283623
-3.9613366,42.3284364
-3.9615097,42.3284562
-3.9616828,42.3284877
-3.9620223,42.3285466
-3.9622942,42.3285626
-3.9625850,42.3285632
-3.9626952,42.3285587
-3.9628131,42.3285470
-3.9628891,42.3285457
-3.9629677,42.3285483
-3.9631504,42.3285670
-3.9632820,42.3285849
-3.9634243,42.3286196
-3.9635525,42.3286614
-3.9636726,42.3287030
-3.9637375,42.3286862
-3.9639234,42.3286479
-3.9641895,42.3286121
-3.9647692,42.3285581
-3.9656321,42.3285017
-3.9659154,42.3284738
-3.9661160,42.3284405
-3.9666082,42.3283186
-3.9673242,42.3281455
-3.9677002,42.3280705
-3.9680577,42.3280178
-3.9685363,42.3279474
-3.9687964,42.3279168
-3.9692770,42.3278866
-3.9695090,42.3278669
-3.9696946,42.3278409
-3.9700673,42.3277679
-3.9702985,42.3277154
-3.9703282,42.3277007
-3.9703491,42.3276807
-3.9704022,42.3276501
-3.9704676,42.3276345
-3.9707011,42.3275889
-3.9710056,42.3275482
-3.9714925,42.3274981
-3.9719674,42.3274606
-3.9719994,42.3274581
-3.9725336,42.3274441
-3.9734014,42.3274312
-3.9737828,42.3274434
-3.9741642,42.3274661
-3.9746857,42.3275245
-3.9749601,42.3275702
-3.9752469,42.3276251
-3.9757884,42.3276864
-3.9768916,42.3277751
-3.9771599,42.3277804
-3.9775413,42.3277855
-3.9776365,42.3277819
-3.9777399,42.3277789
-3.9780507,42.3277832
-3.9786332,42.3277734
-3.9788444,42.3277780
-3.9791417,42.3277955
-3.9795613,42.3278046
-3.9799634,42.3278076
-3.9803943,42.3277932
-3.9807378,42.3277826
-3.9809860,42.3277916
-3.9814463,42.3278211
-3.9817417,42.3278541
-3.9818850,42.3278575
-3.9820002,42.3278449
-3.9821435,42.3277912
-3.9827388,42.3274990
-3.9831233,42.3272904
-3.9832477,42.3272045
-3.9835592,42.3269534
-3.9838222,42.3267750
-3.9840162,42.3266669
-3.9840957,42.3266361
-3.9841823,42.3266054
-3.9850144,42.3264324
-3.9852720,42.3263869
-3.9856925,42.3263178
-3.9860806,42.3262661
-3.9863976,42.3262242
-3.9869590,42.3261191
-3.9871700,42.3260628
-3.9874815,42.3259492
-3.9876442,42.3259050
-3.9877656,42.3259005
-3.9878470,42.3259185
-3.9880039,42.3259560
-3.9881546,42.3259749
-3.9884625,42.3259842
-3.9892667,42.3259889
-3.9895576,42.3259913
-3.9902500,42.3260501
-3.9903092,42.3260619
-3.9904079,42.3260761
-3.9920208,42.3261181
-3.9922257,42.3261155
-3.9924382,42.3261013
-3.9926237,42.3260812
-3.9928969,42.3260387
-3.9930742,42.3260029
-3.9932378,42.3259555
-3.9934095,42.3258782
-3.9935114,42.3258242
-3.9937930,42.3256241
-3.9939888,42.3254964
-3.9941256,42.3254316
-3.9941958,42.3254110
-3.9942659,42.3253969
-3.9944925,42.3253854
-3.9946647,42.3253699
-3.9951422,42.3252988
-3.9954843,42.3252201
-3.9957618,42.3251579
-3.9958200,42.3251358
-3.9958747,42.3251072
-3.9959468,42.3250652
-3.9960080,42.3250187
-3.9961213,42.3249045
-3.9962173,42.3248254
-3.9963170,42.3247711
-3.9965752,42.3246731
-3.9969533,42.3245486
-3.9972593,42.3244291
-3.9976930,42.3242268
-3.9979540,42.3241336
-3.9982046,42.3240545
-3.9985058,42.3239402
-3.9987739,42.3238345
-3.9990119,42.3237759
-3.9991987,42.3237521
-3.9993801,42.3237153
-3.9996778,42.3236320
-3.9999889,42.3235192
-4.0004058,42.3234218
-4.0008173,42.3233165
-4.0014856,42.3231657
-4.0018262,42.3230744
-4.0020279,42.3230302
-4.0021492,42.3230175
-4.0023573,42.3230128
-4.0024965,42.3229920
-4.0026653,42.3229541
-4.0029313,42.3228896
-4.0037601,42.3226895
-4.0042855,42.3225715
-4.0044897,42.3225368
-4.0052499,42.3224288
-4.0058013,42.3223173
-4.0061530,42.3222294
-4.0065094,42.3221276
-4.0069707,42.3220150
-4.0070602,42.3219972
-4.0078204,42.3218113
-4.0083011,42.3216807
-4.0087946,42.3215366
-4.0091835,42.3214235
-4.0093925,42.3213723
-4.0098096,42.3213006
-4.0102055,42.3212164
-4.0107617,42.3210805
-4.0111319,42.3209958
-4.0112181,42.3209836
-4.0113481,42.3209400
-4.0128126,42.3206290
-4.0140535,42.3203826
-4.0145721,42.3202923
-4.0150764,42.3201931
-4.0154685,42.3200896
-4.0164792,42.3198001
-4.0170179,42.3196360
-4.0170973,42.3195985
-4.0172351,42.3195299
-4.0186920,42.3189853
-4.0189924,42.3188762
-4.0192111,42.3188005
-4.0198854,42.3185497
-4.0210716,42.3181071
-4.0216586,42.3178847
-4.0228333,42.3174141
-4.0230962,42.3173027
-4.0239598,42.3169181
-4.0243595,42.3167476
-4.0246631,42.3166236
-4.0252097,42.3163670
-4.0258718,42.3160984
-4.0261458,42.3159780
-4.0263124,42.3158816
-4.0265321,42.3157696
-4.0274083,42.3153968
-4.0276710,42.3152924
-4.0278732,42.3152120
-4.0281012,42.3151269
-4.0286603,42.3149428
-4.0293016,42.3147183
-4.0294020,42.3146770
-4.0294730,42.3146330
-4.0296370,42.3144555
-4.0298144,42.3142518
-4.0298821,42.3142030
-4.0299554,42.3141704
-4.0300291,42.3141496
-4.0301238,42.3141323
-4.0302496,42.3141295
-4.0305876,42.3141631
-4.0306865,42.3141669
-4.0308357,42.3141381
-4.0320869,42.3138323
-4.0323015,42.3137859
-4.0325204,42.3137479
-4.0327403,42.3137173
-4.0329219,42.3136987
-4.0331142,42.3136892
-4.0332211,42.3136845
-4.0334447,42.3136655
-4.0337284,42.3136295
-4.0338760,42.3136058
-4.0341576,42.3135364
-4.0346672,42.3134154
-4.0347851,42.3133936
-4.0350446,42.3133574
-4.0353431,42.3133004
-4.0354909,42.3132729
-4.0359304,42.3131911
-4.0365517,42.3130826
-4.0370517,42.3129815
-4.0373782,42.3129213
-4.0376795,42.3128770
-4.0378978,42.3128523
-4.0380237,42.3128305
-4.0381246,42.3128013
-4.0382053,42.3127703
-4.0383579,42.3126641
-4.0384599,42.3126357
-4.0387864,42.3126062
-4.0391399,42.3125886
-4.0393811,42.3125524
-4.0397491,42.3124727
-4.0398167,42.3124876
-4.0399594,42.3124930
-4.0401712,42.3124844
-4.0403776,42.3124871
-4.0404847,42.3124961
-4.0405882,42.3125104
-4.0407064,42.3125394
-4.0408175,42.3125801
-4.0408980,42.3126135
-4.0409731,42.3126364
-4.0411261,42.3126768
-4.0414011,42.3127153
-4.0416182,42.3127390
-4.0419451,42.3127449
-4.0422807,42.3127316
-4.0423518,42.3127195
-4.0424089,42.3127029
-4.0424632,42.3127256
-4.0425203,42.3127319
-4.0427153,42.3127307
-4.0431388,42.3127250
-4.0436085,42.3127202
-4.0439435,42.3127266
-4.0440305,42.3127287
-4.0441348,42.3127232
-4.0442618,42.3127093
-4.0444946,42.3126975
-4.0446756,42.3126963
-4.0447858,42.3126804
-4.0449181,42.3126513
-4.0449470,42.3126479
-4.0449805,42.3126487
-4.0450997,42.3126544
-4.0452707,42.3126641
-4.0453768,42.3126764
-4.0454733,42.3126982
-4.0456174,42.3127354
-4.0458796,42.3128327
-4.0460317,42.3128999
-4.0461704,42.3129619
-4.0463491,42.3130757
-4.0467289,42.3133264
-4.0469536,42.3134639
-4.0471154,42.3135400
-4.0472649,42.3135892
-4.0474354,42.3136204
-4.0477602,42.3136610
-4.0479222,42.3136729
-4.0480969,42.3136795
-4.0481923,42.3136898
-4.0483029,42.3137052
-4.0484895,42.3137502
-4.0491255,42.3139562
-4.0491308,42.3139574
-4.0494566,42.3140291
-4.0495395,42.3140355
-4.0496404,42.3140257
-4.0497695,42.3140012
-4.0501020,42.3139113
-4.0502793,42.3138626
-4.0506739,42.3137698
-4.0508126,42.3137444
-4.0509695,42.3137295
-4.0511369,42.3137258
-4.0514677,42.3137625
-4.0516202,42.3137770
-4.0518601,42.3138170
-4.0524209,42.3138800
-4.0528595,42.3139377
-4.0530314,42.3139487
-4.0530987,42.3139479
-4.0531531,42.3139472
-4.0532699,42.3139610
-4.0533324,42.3139753
-4.0534591,42.3140246
-4.0541639,42.3138494
-4.0549070,42.3136823
-4.0555022,42.3135979
-4.0560461,42.3134772
-4.0564644,42.3134062
-4.0566260,42.3133657
-4.0570967,42.3132002
-4.0577567,42.3129521
-4.0579572,42.3128977
-4.0587463,42.3126838
-4.0593737,42.3124235
-4.0597700,42.3123024
-4.0600401,42.3122062
-4.0601924,42.3121639
-4.0604693,42.3121128
-4.0605916,42.3120833
-4.0607676,42.3119952
-4.0609980,42.3118466
-4.0616071,42.3115429
-4.0617292,42.3114855
-4.0620953,42.3113484
-4.0624308,42.3111938
-4.0626280,42.3110816
-4.0627335,42.3110392
-4.0628056,42.3110197
-4.0628649,42.3110089
-4.0629543,42.3109967
-4.0630029,42.3109887
-4.0630539,42.3109842
-4.0631124,42.3109814
-4.0631616,42.3109751
-4.0632213,42.3109652
-4.0632739,42.3109519
-4.0634130,42.3109104
-4.0635909,42.3108445
-4.0636523,42.3108278
-4.0637102,42.3108180
-4.0638279,42.3108002
-4.0640576,42.3106814
-4.0641461,42.3106487
-4.0642644,42.3106168
-4.0643264,42.3106092
-4.0643942,42.3106076
-4.0651477,42.3105975
-4.0652998,42.3106019
-4.0654671,42.3106128
-4.0657005,42.3106482
-4.0657595,42.3106586
-4.0658509,42.3106798
-4.0659341,42.3106941
-4.0660397,42.3107024
-4.0661523,42.3107099
-4.0663356,42.3107107
-4.0668682,42.3106730
-4.0670098,42.3106602
-4.0671678,42.3106534
-4.0672653,42.3106442
-4.0674292,42.3106455
-4.0675444,42.3106631
-4.0677389,42.3107083
-4.0677785,42.3107115
-4.0678170,42.3107113
-4.0682732,42.3106325
-4.0683314,42.3106326
-4.0683895,42.3106396
-4.0684411,42.3106475
-4.0685932,42.3106823
-4.0686449,42.3106925
-4.0687048,42.3107024
-4.0688802,42.3107213
-4.0689257,42.3107251
-4.0689633,42.3107213
-4.0690986,42.3107033
-4.0691434,42.3107017
-4.0691852,42.3107056
-4.0692280,42.3107139
-4.0693611,42.3107544
-4.0695794,42.3107973
-4.0696639,42.3108053
-4.0697449,42.3108028
-4.0699845,42.3107782
-4.0700222,42.3107760
-4.0700658,42.3107773
-4.0701122,42.3107825
-4.0702182,42.3108014
-4.0702784,42.3108048
-4.0703794,42.3107972
-4.0704252,42.3107906
-4.0704756,42.3107763
-4.0705310,42.3107735
-4.0705583,42.3107635
-4.0705859,42.3107367
-4.0706194,42.3107108
-4.0707009,42.3106622
-4.0708968,42.3105609
-4.0709819,42.3105049
-4.0710360,42.3104549
-4.0710793,42.3104357
-4.0711466,42.3104168
-4.0712243,42.3103901
-4.0713761,42.3103154
-4.0714536,42.3102695
-4.0719693,42.3100634
-4.0725098,42.3099221
-4.0728353,42.3098641
-4.0729781,42.3098401
-4.0734908,42.3097394
-4.0737180,42.3097035
-4.0737698,42.3096965
-4.0738348,42.3096922
-4.0738888,42.3096886
-4.0739490,42.3096869
-4.0743451,42.3096822
-4.0745821,42.3096768
-4.0746324,42.3096719
-4.0747220,42.3096618
-4.0747977,42.3096523
-4.0748654,42.3096414
-4.0749917,42.3096157
-4.0752776,42.3095449
-4.0755857,42.3094667
-4.0757030,42.3094360
-4.0759630,42.3093548
-4.0760163,42.3093399
-4.0760695,42.3093183
-4.0761387,42.3092932
-4.0762054,42.3092672
-4.0762761,42.3092464
-4.0765889,42.3091807
-4.0767592,42.3091554
-4.0768380,42.3091470
-4.0768989,42.3091395
-4.0769617,42.3091358
-4.0770402,42.3091327
-4.0770930,42.3091298
-4.0771732,42.3091186
-4.0772390,42.3091062
-4.0773038,42.3090916
-4.0773907,42.3090645
-4.0776798,42.3089792
-4.0779639,42.3088833
-4.0783318,42.3087354
-4.0785288,42.3086845
-4.0787769,42.3086374
-4.0790457,42.3086005
-4.0790971,42.3085838
-4.0792335,42.3085320
-4.0792865,42.3085186
-4.0793606,42.3085058
-4.0794018,42.3085023
-4.0794562,42.3085002
-4.0795019,42.3084923
-4.0799799,42.3083443
-4.0801380,42.3082863
-4.0802941,42.3082227
-4.0805938,42.3081254
-4.0809223,42.3080385
-4.0813450,42.3079018
-4.0813973,42.3078808
-4.0819223,42.3076275
-4.0824371,42.3073689
-4.0826634,42.3072718
-4.0831626,42.3071010
-4.0836201,42.3069081
-4.0836910,42.3068751
-4.0839097,42.3067586
-4.0843665,42.3064743
-4.0844637,42.3063983
-4.0846350,42.3062233
-4.0847687,42.3060986
-4.0850247,42.3059406
-4.0852888,42.3057885
-4.0854914,42.3056580
-4.0856095,42.3055674
-4.0858850,42.3053533
-4.0860975,42.3051607
-4.0862942,42.3049642
-4.0864040,42.3048744
-4.0865848,42.3047532
-4.0867798,42.3046484
-4.0870157,42.3045059
-4.0870671,42.3044745
-4.0871103,42.3044431
-4.0873017,42.3042814
-4.0874351,42.3041771
-4.0875675,42.3040923
-4.0876164,42.3040571
-4.0876613,42.3040174
-4.0876813,42.3039890
-4.0876943,42.3039567
-4.0876946,42.3039299
-4.0876888,42.3039038
-4.0875980,42.3036736
-4.0875442,42.3034898
-4.0874985,42.3033785
-4.0874498,42.3032749
-4.0874174,42.3031761
-4.0873931,42.3030532
-4.0882579,42.3027253
-4.0885783,42.3026010
-4.0894282,42.3022741
-4.0897447,42.3021545
-4.0902100,42.3019746
-4.0906288,42.3018219
-4.0908617,42.3017328
-4.0909393,42.3017017
-4.0909690,42.3016898
-4.0910336,42.3016601
-4.0911057,42.3016235
-4.0911968,42.3015581
-4.0912734,42.3014950
-4.0913433,42.3014108
-4.0913939,42.3013427
-4.0916033,42.3010040
-4.0916835,42.3008813
-4.0918908,42.3005585
-4.0922436,42.3000033
-4.0923144,42.2998929
-4.0925358,42.2995480
-4.0926820,42.2993178
-4.0928126,42.2991097
-4.0929585,42.2988902
-4.0931212,42.2986652
-4.0941282,42.2974424
-4.0945060,42.2969794
-4.0946960,42.2967545
-4.0948393,42.2965724
-4.0948779,42.2965270
-4.0950545,42.2963157
-4.0954755,42.2957940
-4.0957435,42.2954642
-4.0958672,42.2953150
-4.0959396,42.2952313
-4.0960067,42.2951689
-4.0960713,42.2951096
-4.0962386,42.2949719
-4.0965057,42.2947686
-4.0967600,42.2945701
-4.0970893,42.2943206
-4.0972557,42.2941918
-4.0976225,42.2939079
-4.0979879,42.2936276
-4.0982619,42.2934170
-4.0983784,42.2933308
-4.0984413,42.2932811
-4.0985203,42.2932046
-4.0985778,42.2931486
-4.0986383,42.2930763
-4.0987065,42.2929823
-4.0987626,42.2929152
-4.0988298,42.2928601
-4.0989055,42.2928071
-4.0989627,42.2927725
-4.0990875,42.2927122
-4.0993102,42.2926171
-4.0997889,42.2924388
-4.1004320,42.2921946
-4.1010527,42.2919535
-4.1014182,42.2918145
-4.1015802,42.2917543
-4.1016979,42.2917131
-4.1018138,42.2916741
-4.1018911,42.2916519
-4.1019577,42.2916353
-4.1020167,42.2916204
-4.1020944,42.2916064
-4.1022861,42.2915719
-4.1025319,42.2915338
-4.1026613,42.2915175
-4.1027471,42.2915103
-4.1028297,42.2915044
-4.1029741,42.2915015
-4.1031033,42.2915030
-4.1032389,42.2915045
-4.1034660,42.2915164
-4.1039276,42.2915323
-4.1041937,42.2915441
-4.1047090,42.2915590
-4.1049720,42.2915686
-4.1055598,42.2915912
-4.1061378,42.2916128
-4.1064681,42.2916305
-4.1064983,42.2916310
-4.1067101,42.2916348
-4.1067833,42.2916369
-4.1072345,42.2916501
-4.1078009,42.2916717
-4.1084878,42.2916947
-4.1092080,42.2917177
-4.1099150,42.2917455
-4.1106716,42.2917755
-4.1113544,42.2918024
-4.1126793,42.2918460
-4.1138994,42.2918900
-4.1153029,42.2919428
-4.1159816,42.2919699
-4.1166746,42.2919928
-4.1175455,42.2920237
-4.1183362,42.2920554
-4.1191171,42.2920837
-4.1198690,42.2921123
-4.1205638,42.2921370
-4.1213111,42.2921646
-4.1215250,42.2921727
-4.1220497,42.2921925
-4.1227431,42.2922143
-4.1236838,42.2922577
-4.1237396,42.2922603
-4.1239222,42.2922633
-4.1240871,42.2922622
-4.1241911,42.2922564
-4.1242676,42.2922468
-4.1243714,42.2922253
-4.1245273,42.2921903
-4.1249960,42.2921297
-4.1252439,42.2920912
-4.1254185,42.2920716
-4.1255760,42.2920569
-4.1257548,42.2920455
-4.1259941,42.2920411
-4.1262279,42.2920472
-4.1264375,42.2920818
-4.1267252,42.2921339
-4.1271426,42.2921755
-4.1272378,42.2923368
-4.1272628,42.2923622
-4.1273007,42.2923824
-4.1273408,42.2923917
-4.1273809,42.2923976
-4.1274644,42.2924106
-4.1276618,42.2924412
-4.1276776,42.2924437
-4.1277015,42.2924474
-4.1283870,42.2926115
-4.1284352,42.2926132
-4.1284916,42.2925985
-4.1286703,42.2925204
-4.1287550,42.2924780
-4.1288112,42.2924425
-4.1288517,42.2924028
-4.1288949,42.2923556
-4.1289979,42.2922229
-4.1291361,42.2922762
-4.1291689,42.2922863
-4.1291983,42.2922930
-4.1292698,42.2923064
-4.1293567,42.2923168
-4.1295074,42.2923203
-4.1296457,42.2923154
-4.1297765,42.2923105
-4.1299329,42.2923266
-4.1301032,42.2923495
-4.1303057,42.2923834
-4.1303962,42.2923974
-4.1304976,42.2924044
-4.1307042,42.2924142
-4.1309524,42.2924240
-4.1310946,42.2924373
-4.1312907,42.2924556
-4.1314014,42.2924631
-4.1314935,42.2924619
-4.1315627,42.2924563
-4.1316261,42.2924450
-4.1316934,42.2924226
-4.1317361,42.2924014
-4.1317654,42.2923869
-4.1318128,42.2923357
-4.1318555,42.2922705
-4.1319597,42.2920686
-4.1320260,42.2919327
-4.1320639,42.2918668
-4.1321192,42.2917940
-4.1321833,42.2917203
-4.1322764,42.2916140
-4.1323456,42.2915171
-4.1323930,42.2914358
-4.1323991,42.2914223
-4.1324858,42.2912311
-4.1326094,42.2909518
-4.1327263,42.2906765
-4.1327894,42.2905447
-4.1328292,42.2904530
-4.1328887,42.2903703
-4.1329205,42.2903344
-4.1330460,42.2901941
-4.1331961,42.2900264
-4.1333350,42.2898762
-4.1333747,42.2898322
-4.1336203,42.2895956
-4.1337561,42.2894700
-4.1339571,42.2893119
-4.1340920,42.2892333
-4.1343024,42.2891075
-4.1346077,42.2889703
-4.1348021,42.2888986
-4.1348397,42.2888839
-4.1349438,42.2888460
-4.1350370,42.2888080
-4.1351528,42.2887444
-4.1352342,42.2887072
-4.1352930,42.2886844
-4.1353593,42.2886669
-4.1354446,42.2886488
-4.1356316,42.2886102
-4.1357609,42.2885869
-4.1358110,42.2885783
-4.1358422,42.2885730
-4.1359271,42.2885536
-4.1360741,42.2885130
-4.1363577,42.2884262
-4.1363991,42.2884086
-4.1365606,42.2883557
-4.1367911,42.2882966
-4.1370773,42.2882241
-4.1371208,42.2882120
-4.1371635,42.2881994
-4.1372069,42.2881905
-4.1372655,42.2881775
-4.1373909,42.2881526
-4.1374473,42.2881423
-4.1376132,42.2881028
-4.1379251,42.2880334
-4.1381349,42.2880017
-4.1382476,42.2879874
-4.1382859,42.2879790
-4.1383120,42.2879744
-4.1383318,42.2879706
-4.1383440,42.2879681
-4.1383748,42.2879672
-4.1384463,42.2879761
-4.1385315,42.2879872
-4.1386388,42.2880021
-4.1386662,42.2880076
-4.1388502,42.2880740
-4.1389266,42.2880953
-4.1391192,42.2881343
-4.1393260,42.2881716
-4.1394749,42.2881859
-4.1395403,42.2881882
-4.1396499,42.2882125
-4.1397998,42.2882797
-4.1400967,42.2884449
-4.1403678,42.2885697
-4.1403938,42.2885812
-4.1404581,42.2886076
-4.1405795,42.2886554
-4.1407575,42.2887269
-4.1408004,42.2887437
-4.1408163,42.2887525
-4.1409851,42.2888474
-4.1412298,42.2889773
-4.1412946,42.2890215
-4.1413575,42.2890668
-4.1413871,42.2890538
-4.1414513,42.2890755
-4.1419770,42.2893634
-4.1420607,42.2894006
-4.1421180,42.2894199
-4.1424943,42.2895408
-4.1426120,42.2895919
-4.1427774,42.2896680
-4.1428753,42.2897079
-4.1429262,42.2897291
-4.1430624,42.2897860
-4.1432322,42.2898558
-4.1433155,42.2898839
-4.1435406,42.2899576
-4.1435997,42.2899812
-4.1436527,42.2900147
-4.1437901,42.2900587
-4.1439822,42.2901164
-4.1443427,42.2902160
-4.1445732,42.2902832
-4.1447262,42.2903238
-4.1448245,42.2903299
-4.1449704,42.2903069
-4.1451061,42.2902044
-4.1452880,42.2900640
-4.1455438,42.2900263
-4.1456384,42.2899890
-4.1457365,42.2899666
-4.1458899,42.2899568
-4.1461564,42.2899550
-4.1470938,42.2899430
-4.1476276,42.2899318
-4.1477254,42.2899250
-4.1478161,42.2899177
-4.1479717,42.2898928
-4.1481822,42.2898690
-4.1483120,42.2898631
-4.1484317,42.2898611
-4.1485463,42.2898656
-4.1486453,42.2898712
-4.1487418,42.2898837
-4.1488391,42.2898961
-4.1490438,42.2899222
-4.1493155,42.2899585
-4.1496566,42.2900005
-4.1498898,42.2900282
-4.1500130,42.2900387
-4.1501258,42.2900453
-4.1502726,42.2900507
-4.1504740,42.2900469
-4.1506851,42.2900395
-4.1509583,42.2900254
-4.1515954,42.2899950
-4.1530556,42.2899212
-4.1535557,42.2899008
-4.1538879,42.2898830
-4.1540970,42.2898731
-4.1542215,42.2898672
-4.1543791,42.2898620
-4.1545268,42.2898568
-4.1545970,42.2898522
-4.1546682,42.2898446
-4.1547852,42.2898301
-4.1551343,42.2897993
-4.1552888,42.2897868
-4.1554131,42.2897781
-4.1558683,42.2897555
-4.1562176,42.2897481
-4.1563620,42.2897389
-4.1566349,42.2897222
-4.1569480,42.2897015
-4.1571457,42.2896895
-4.1572602,42.2896876
-4.1573799,42.2896856
-4.1576106,42.2896915
-4.1577681,42.2897023
-4.1579502,42.2897191
-4.1582245,42.2897519
-4.1585529,42.2897996
-4.1588743,42.2898488
-4.1591174,42.2898854
-4.1593137,42.2899153
-4.1595263,42.2899437
-4.1596503,42.2899489
-4.1598896,42.2899692
-4.1600988,42.2899842
-4.1602086,42.2899898
-4.1603342,42.2899865
-4.1605738,42.2899795
-4.1613990,42.2899578
-4.1618446,42.2899500
-4.1622163,42.2899419
-4.1627038,42.2899358
-4.1627722,42.2899404
-4.1628478,42.2899505
-4.1629729,42.2899985
-4.1629934,42.2900064
-4.1630084,42.2900121
-4.1634567,42.2901911
-4.1637617,42.2903058
-4.1639623,42.2903972
-4.1641251,42.2904978
-4.1643387,42.2906133
-4.1647048,42.2907798
-4.1650849,42.2909462
-4.1653730,42.2910619
-4.1654807,42.2910960
-4.1655431,42.2911058
-4.1656302,42.2911042
-4.1657596,42.2910926
-4.1658730,42.2910734
-4.1660032,42.2910594
-4.1662258,42.2910179
-4.1663663,42.2909977
-4.1665438,42.2909705
-4.1667245,42.2909412
-4.1668532,42.2909285
-4.1670195,42.2909132
-4.1671504,42.2909053
-4.1672490,42.2909028
-4.1676364,42.2909009
-4.1676906,42.2908949
-4.1677379,42.2908825
-4.1680294,42.2907715
-4.1681068,42.2907479
-4.1681909,42.2907343
-4.1684764,42.2907273
-4.1687672,42.2907262
-4.1688587,42.2907340
-4.1689515,42.2907497
-4.1690893,42.2907869
-4.1692179,42.2908300
-4.1692751,42.2908381
-4.1693431,42.2908423
-4.1694727,42.2908276
-4.1695277,42.2908133
-4.1695800,42.2907901
-4.1696603,42.2907361
-4.1697393,42.2906691
-4.1699071,42.2904918
-4.1700197,42.2903592
-4.1700588,42.2903224
-4.1701033,42.2902925
-4.1702965,42.2902203
-4.1704559,42.2901757
-4.1706199,42.2901430
-4.1710257,42.2900876
-4.1711565,42.2900778
-4.1714844,42.2900730
-4.1715493,42.2900628
-4.1716009,42.2900362
-4.1716918,42.2899494
-4.1718128,42.2897957
-4.1719223,42.2897068
-4.1720110,42.2896665
-4.1721051,42.2896362
-4.1723184,42.2895808
-4.1725465,42.2895493
-4.1726863,42.2895170
-4.1728221,42.2894778
-4.1729177,42.2894306
-4.1730138,42.2893528
-4.1731462,42.2892269
-4.1732169,42.2891774
-4.1732798,42.2891393
-4.1733520,42.2891102
-4.1734605,42.2890824
-4.1735825,42.2890625
-4.1739448,42.2890630
-4.1740616,42.2890497
-4.1742171,42.2890148
-4.1745443,42.2889111
-4.1746266,42.2888960
-4.1747170,42.2888898
-4.1749843,42.2888834
-4.1752779,42.2888604
-4.1755554,42.2888324
-4.1759172,42.2887782
-4.1760398,42.2887569
-4.1761544,42.2887276
-4.1762200,42.2887072
-4.1762856,42.2886779
-4.1765769,42.2884554
-4.1769095,42.2882006
-4.1769571,42.2881749
-4.1770088,42.2881543
-4.1771268,42.2881348
-4.1772828,42.2881224
-4.1773674,42.2881151
-4.1774520,42.2880988
-4.1778491,42.2879703
-4.1779146,42.2879404
-4.1779679,42.2879071
-4.1780231,42.2878594
-4.1781402,42.2877039
-4.1782139,42.2876224
-4.1782621,42.2875845
-4.1783871,42.2875238
-4.1789040,42.2873255
-4.1790278,42.2872872
-4.1790866,42.2872780
-4.1791517,42.2872780
-4.1792868,42.2872886
-4.1793970,42.2872997
-4.1796167,42.2873306
-4.1798365,42.2873631
-4.1799207,42.2873751
-4.1800169,42.2873771
-4.1802767,42.2873683
-4.1803953,42.2873585
-4.1805286,42.2873517
-4.1813718,42.2874018
-4.1816900,42.2874155
-4.1818644,42.2874150
-4.1820591,42.2874004
-4.1829641,42.2872990
-4.1837822,42.2872096
-4.1842059,42.2871538
-4.1843439,42.2871236
-4.1844887,42.2870785
-4.1848848,42.2869198
-4.1849238,42.2869042
-4.1849995,42.2868739
-4.1850781,42.2868372
-4.1854548,42.2866455
-4.1855292,42.2866155
-4.1856049,42.2865945
-4.1861361,42.2864724
-4.1866699,42.2863852
-4.1871604,42.2862869
-4.1874700,42.2862234
-4.1875892,42.2861946
-4.1877577,42.2861470
-4.1878250,42.2861158
-4.1879955,42.2860101
-4.1880490,42.2859825
-4.1881038,42.2859609
-4.1882654,42.2859292
-4.1883106,42.2859214
-4.1883598,42.2859165
-4.1884556,42.2859128
-4.1885606,42.2859092
-4.1887980,42.2859171
-4.1891332,42.2859119
-4.1892118,42.2859159
-4.1892850,42.2859259
-4.1897594,42.2860013
-4.1899166,42.2860191
-4.1900845,42.2860339
-4.1908927,42.2860704
-4.1910523,42.2860832
-4.1914211,42.2861307
-4.1926034,42.2861872
-4.1931161,42.2861883
-4.1942907,42.2861469
-4.1943792,42.2861347
-4.1944871,42.2861075
-4.1947680,42.2860585
-4.1950119,42.2860403
-4.1957663,42.2860266
-4.1966754,42.2860278
-4.1972521,42.2860165
-4.1976006,42.2859951
-4.1976842,42.2859921
-4.1977765,42.2859935
-4.1988953,42.2860822
-4.1993436,42.2861290
-4.1998681,42.2861867
-4.2001297,42.2862096
-4.2003940,42.2862384
-4.2005749,42.2862674
-4.2007310,42.2862925
-4.2009712,42.2863429
-4.2010570,42.2863616
-4.2011495,42.2863645
-4.2012274,42.2863465
-4.2013010,42.2863171
-4.2017185,42.2860395
-4.2017484,42.2860267
-4.2017796,42.2860209
-4.2018442,42.2860234
-4.2020693,42.2860237
-4.2021997,42.2860123
-4.2024896,42.2859493
-4.2029224,42.2858387
-4.2032136,42.2857809
-4.2036010,42.2857454
-4.2040305,42.2857367
-4.2057280,42.2857552
-4.2057714,42.2857567
-4.2058267,42.2857607
-4.2062241,42.2857520
-4.2075032,42.2856552
-4.2082061,42.2856341
-4.2086063,42.2856101
-4.2094340,42.2855299
-4.2100492,42.2854644
-4.2102211,42.2854442
-4.2104117,42.2854082
-4.2106418,42.2853382
-4.2111579,42.2851532
-4.2118646,42.2849250
-4.2139410,42.2843513
-4.2150021,42.2840166
-4.2155133,42.2838456
-4.2158003,42.2837619
-4.2162578,42.2836649
-4.2167098,42.2835936
-4.2169728,42.2835583
-4.2171896,42.2835360
-4.2181303,42.2834608
-4.2203726,42.2831891
-4.2208500,42.2831053
-4.2215251,42.2829638
-4.2231031,42.2825875
-4.2241008,42.2822089
-4.2243555,42.2821261
-4.2252491,42.2818819
-4.2256040,42.2817506
-4.2257552,42.2816756
-4.2262167,42.2813958
-4.2266398,42.2811875
-4.2268514,42.2811857
-4.2270748,42.2811791
-4.2272827,42.2811843
-4.2274450,42.2811887
-4.2276515,42.2811987
-4.2278321,42.2812126
-4.2280380,42.2812276
-4.2285229,42.2812726
-4.2289169,42.2813119
-4.2293206,42.2813493
-4.2295391,42.2813685
-4.2299067,42.2813981
-4.2302192,42.2814275
-4.2305821,42.2814628
-4.2309260,42.2814903
-4.2311924,42.2815147
-4.2315063,42.2815399
-4.2318059,42.2815660
-4.2320332,42.2815873
-4.2325263,42.2816344
-4.2331197,42.2816723
-4.2333041,42.2816840
-4.2335886,42.2816987
-4.2338648,42.2817112
-4.2340855,42.2817185
-4.2342782,42.2817221
-4.2344194,42.2817201
-4.2345481,42.2817152
-4.2347099,42.2817043
-4.2348912,42.2816898
-4.2351317,42.2816697
-4.2353659,42.2816501
-4.2356965,42.2816344
-4.2358308,42.2816281
-4.2360165,42.2816235
-4.2362787,42.2816271
-4.2364001,42.2816304
-4.2365084,42.2816390
-4.2366251,42.2816451
-4.2367269,42.2816549
-4.2367768,42.2816115
-4.2369205,42.2815721
-4.2373575,42.2814912
-4.2376483,42.2814125
-4.2380863,42.2812705
-4.2390079,42.2809440
-4.2392229,42.2808589
-4.2398180,42.2805770
-4.2408655,42.2801179
-4.2413325,42.2799052
-4.2421039,42.2794859
-4.2424128,42.2792846
-4.2429184,42.2790558
-4.2430357,42.2790064
-4.2432253,42.2789517
-4.2433031,42.2789274
-4.2434779,42.2788727
-4.2439088,42.2787830
-4.2444971,42.2786881
-4.2445905,42.2786882
-4.2446790,42.2787082
-4.2447180,42.2786898
-4.2457530,42.2782325
-4.2466880,42.2778263
-4.2467295,42.2778461
-4.2472630,42.2775784
-4.2473072,42.2775594
-4.2473691,42.2775431
-4.2473906,42.2775411
-4.2477581,42.2775067
-4.2478565,42.2775018
-4.2479532,42.2775099
-4.2480332,42.2775175
-4.2481221,42.2775355
-4.2481992,42.2775538
-4.2482763,42.2775787
-4.2484145,42.2776332
-4.2485814,42.2777186
-4.2487043,42.2777979
-4.2488255,42.2778942
-4.2491379,42.2781959
-4.2495844,42.2786606
-4.2497786,42.2789193
-4.2500197,42.2793404
-4.2500736,42.2794711
-4.2501116,42.2796018
-4.2501230,42.2797371
-4.2500663,42.2801317
-4.2500593,42.2802654
-4.2500646,42.2803991
-4.2501017,42.2806703
-4.2501544,42.2809369
-4.2503197,42.2814228
-4.2504387,42.2817624
-4.2504797,42.2818725
-4.2505366,42.2819630
-4.2505739,42.2820187
-4.2506225,42.2820603
-4.2510564,42.2823763
-4.2512077,42.2825369
-4.2513387,42.2827014
-4.2514663,42.2828111
-4.2519193,42.2831632
-4.2524839,42.2836008
-4.2526211,42.2837557
-4.2529027,42.2841786
-4.2532023,42.2846139
-4.2533658,42.2847670
-4.2535090,42.2849023
-4.2536667,42.2850158
-4.2538260,42.2850956
-4.2540871,42.2852163
-4.2542110,42.2852936
-4.2543102,42.2853748
-4.2545431,42.2855579
-4.2547148,42.2857083
-4.2548607,42.2858523
-4.2551842,42.2861004
-4.2556086,42.2863607
-4.2557407,42.2864242
-4.2560601,42.2865906
-4.2560739,42.2866686
-4.2560901,42.2867238
-4.2561136,42.2867603
-4.2562963,42.2869057
-4.2563411,42.2869606
-4.2564575,42.2870763
-4.2565100,42.2871216
-4.2565785,42.2871511
-4.2569338,42.2870307
-4.2570591,42.2870252
-4.2571533,42.2870337
-4.2571906,42.2870481
-4.2572525,42.2870491
-4.2574267,42.2870732
-4.2574992,42.2870936
-4.2576374,42.2871519
-4.2578265,42.2872257
-4.2579615,42.2872690
-4.2584885,42.2872868
-4.2589938,42.2872656
-4.2592478,42.2872684
-4.2595272,42.2872525
-4.2597543,42.2872278
-4.2599565,42.2872061
-4.2609226,42.2871159
-4.2612542,42.2870836
-4.2614351,42.2870641
-4.2615825,42.2870415
-4.2618686,42.2869295
-4.2621857,42.2867559
-4.2640602,42.2856242
-4.2641074,42.2855965
-4.2641908,42.2855565
-4.2659608,42.2850417
-4.2678812,42.2844571
-4.2680947,42.2843888
-4.2692241,42.2841268
-4.2709247,42.2836028
-4.2737249,42.2827184
-4.2743604,42.2825315
-4.2754069,42.2823075
-4.2756887,42.2822530
-4.2759770,42.2822124
-4.2763883,42.2821810
-4.2765749,42.2821601
-4.2768279,42.2821096
-4.2771493,42.2820437
-4.2792770,42.2816419
-4.2806542,42.2813906
-4.2815605,42.2812618
-4.2821809,42.2811909
-4.2826055,42.2811063
-4.2831713,42.2809562
-4.2831868,42.2809517
-4.2832654,42.2809329
-4.2832948,42.2809259
-4.2833806,42.2809051
-4.2836536,42.2808636
-4.2838461,42.2808439
-4.2845741,42.2807847
-4.2849685,42.2807720
-4.2852976,42.2807769
-4.2856924,42.2808025
-4.2858230,42.2808134
-4.2859606,42.2808347
-4.2862423,42.2809034
-4.2863308,42.2809209
-4.2864229,42.2809331
-4.2865311,42.2809293
-4.2866092,42.2809215
-4.2866855,42.2808980
-4.2876064,42.2805347
-4.2881332,42.2803308
-4.2891763,42.2799541
-4.2900391,42.2796547
-4.2911303,42.2792761
-4.2914350,42.2791805
-4.2917074,42.2791232
-4.2919082,42.2790896
-4.2921197,42.2790639
-4.2936131,42.2790318
-4.2941702,42.2790117
-4.2951744,42.2789407
-4.2964643,42.2787816
-4.2965662,42.2787653
-4.2966558,42.2787438
-4.2968315,42.2786666
-4.2970193,42.2785693
-4.2972642,42.2784300
-4.2976109,42.2781654
-4.2976857,42.2781170
-4.2977659,42.2780816
-4.2979731,42.2780248
-4.2983184,42.2779155
-4.2997587,42.2775071
-4.3006042,42.2772385
-4.3016674,42.2768990
-4.3018475,42.2768306
-4.3020222,42.2767531
-4.3024818,42.2765336
-4.3028682,42.2763799
-4.3041595,42.2759663
-4.3046904,42.2758249
-4.3078064,42.2750699
-4.3080423,42.2750056
-4.3086556,42.2747858
-4.3088933,42.2747129
-4.3092702,42.2746225
-4.3095920,42.2745442
-4.3097820,42.2744792
-4.3100640,42.2743603
-4.3109339,42.2739850
-4.3119381,42.2735655
-4.3124780,42.2733478
-4.3138545,42.2727104
-4.3142107,42.2725568
-4.3145536,42.2724254
-4.3157516,42.2720109
-4.3160778,42.2719110
-4.3163933,42.2718292
-4.3182664,42.2714492
-4.3204860,42.2709863
-4.3226724,42.2705344
-4.3240660,42.2702148
-4.3247966,42.2700383
-4.3252427,42.2699106
-4.3261834,42.2695994
-4.3278181,42.2689958
-4.3294995,42.2683628
-4.3302583,42.2680792
-4.3306422,42.2679083
-4.3330567,42.2668043
-4.3333712,42.2666638
-4.3337594,42.2665106
-4.3343875,42.2662123
-4.3351613,42.2658745
-4.3361094,42.2654585
-4.3365753,42.2652422
-4.3369981,42.2650293
-4.3384086,42.2643172
-4.3392341,42.2639088
-4.3401119,42.2634275
-4.3406642,42.2631519
-4.3413033,42.2628742
-4.3417310,42.2627197
-4.3425612,42.2624574
-4.3429660,42.2623337
-4.3433031,42.2622034
-4.3435186,42.2621091
-4.3437580,42.2619828
-4.3446625,42.2614803
-4.3448279,42.2613852
-4.3448750,42.2613452
-4.3449534,42.2612518
-4.3449847,42.2612027
-4.3450420,42.2611303
-4.3451086,42.2610691
-4.3453148,42.2609673
-4.3454090,42.2609157
-4.3454989,42.2608611
-4.3455490,42.2608198
-4.3455983,42.2607711
-4.3456575,42.2607029
-4.3457250,42.2606060
-4.3457664,42.2605274
-4.3458605,42.2602637
-4.3458775,42.2602304
-4.3460301,42.2599470
-4.3462732,42.2596803
-4.3465145,42.2594772
-4.3467911,42.2595547
-4.3469367,42.2592252
-4.3470543,42.2591353
-4.3471772,42.2591999
-4.3472900,42.2592592
-4.3474160,42.2593514
-4.3476337,42.2595802
-4.3477571,42.2597350
-4.3479851,42.2599948
-4.3483339,42.2604427
-4.3486252,42.2607532
-4.3486325,42.2608019
-4.3486402,42.2608524
-4.3486990,42.2609374
-4.3487113,42.2609552
-4.3489499,42.2612175
-4.3490460,42.2612659
-4.3493010,42.2613533
-4.3495453,42.2614757
-4.3497482,42.2615886
-4.3500669,42.2618821
-4.3504153,42.2621945
-4.3505511,42.2622930
-4.3506940,42.2624102
-4.3508152,42.2625864
-4.3509101,42.2627720
-4.3509882,42.2629018
-4.3510812,42.2629750
-4.3511939,42.2630236
-4.3537880,42.2618865
-4.3547365,42.2613420
-4.3559093,42.2606658
-4.3576723,42.2596528
-4.3579221,42.2595050
-4.3580519,42.2594543
-4.3582019,42.2594142
-4.3584121,42.2593762
-4.3586292,42.2593288
-4.3595704,42.2591363
-4.3601083,42.2590249
-4.3601649,42.2590176
-4.3604212,42.2589845
-4.3611929,42.2589224
-4.3618918,42.2588495
-4.3626645,42.2587581
-4.3632920,42.2586741
-4.3633704,42.2586605
-4.3637583,42.2585439
-4.3639902,42.2584263
-4.3641366,42.2583751
-4.3643306,42.2583330
-4.3644394,42.2583187
-4.3645509,42.2583092
-4.3648585,42.2583060
-4.3658947,42.2583132
-4.3662569,42.2583141
-4.3673503,42.2583213
-4.3692473,42.2583287
-4.3726065,42.2583350
-4.3727653,42.2583366
-4.3742291,42.2583358
-4.3753221,42.2582878
-4.3757805,42.2582690
-4.3761164,42.2582740
-4.3765191,42.2582947
-4.3773504,42.2583205
-4.3794045,42.2583245
-4.3799793,42.2583203
-4.3801853,42.2583201
-4.3803420,42.2583268
-4.3804915,42.2583399
-4.3806636,42.2583688
-4.3808820,42.2584155
-4.3812861,42.2585185
-4.3818611,42.2586640
-4.3838617,42.2591808
-4.3852217,42.2595274
-4.3854191,42.2595830
-4.3855923,42.2596490
-4.3857292,42.2597185
-4.3858620,42.2598086
-4.3859983,42.2599226
-4.3860346,42.2599598
-4.3863749,42.2603388
-4.3885519,42.2628578
-4.3886298,42.2629195
-4.3887158,42.2629752
-4.3888804,42.2630526
-4.3890342,42.2631034
-4.3892607,42.2631643
-4.3895715,42.2632180
-4.3917706,42.2636030
-4.3929894,42.2638309
-4.3939971,42.2639990
-4.3951519,42.2642037
-4.3969736,42.2645452
-4.3973208,42.2645930
-4.3974753,42.2646040
-4.3976271,42.2645982
-4.3977563,42.2645767
-4.3978842,42.2645422
-4.3979756,42.2645077
-4.3980629,42.2644633
-4.3983408,42.2642478
-4.3983968,42.2642043
-4.3984546,42.2641595
-4.3987496,42.2639118
-4.3988099,42.2638612
-4.3989827,42.2637863
-4.3990157,42.2637609
-4.3990467,42.2637833
-4.3990660,42.2638152
-4.3991072,42.2638261
-4.3992005,42.2638715
-4.3992126,42.2639030
-4.3992136,42.2639303
-4.3992079,42.2639565
-4.3991952,42.2639820
-4.3991395,42.2640574
-4.3991243,42.2640892
-4.3991090,42.2641229
-4.3990984,42.2641767
-4.3990892,42.2642642
-4.3991419,42.2642921
-4.3993118,42.2644131
-4.3997602,42.2647591
-4.3999399,42.2648609
-4.3999989,42.2648143
-4.4005240,42.2652404
-4.4006576,42.2653786
-4.4008634,42.2656409
-4.4010535,42.2658901
-4.4011021,42.2659546
-4.4011536,42.2660054
-4.4012239,42.2660647
-4.4013052,42.2661193
-4.4014128,42.2661736
-4.4015454,42.2662186
-4.4016766,42.2662573
-4.4017434,42.2662735
-4.4019075,42.2663043
-4.4020351,42.2663225
-4.4021660,42.2663270
-4.4024509,42.2663103
-4.4031928,42.2662460
-4.4033572,42.2662322
-4.4040195,42.2661712
-4.4052844,42.2660816
-4.4053961,42.2660750
-4.4060069,42.2660391
-4.4060705,42.2660385
-4.4061668,42.2660376
-4.4062502,42.2660313
-4.4063051,42.2660258
-4.4063559,42.2660166
-4.4063690,42.2660135
-4.4064408,42.2659962
-4.4065265,42.2659452
-4.4068738,42.2656741
-4.4069752,42.2656102
-4.4070259,42.2655782
-4.4071896,42.2654854
-4.4073623,42.2654080
-4.4075678,42.2653348
-4.4077620,42.2652854
-4.4080242,42.2652565
-4.4084245,42.2652373
-4.4093048,42.2652038
-4.4100168,42.2651704
-4.4103245,42.2651559
-4.4108208,42.2651376
-4.4113984,42.2651116
-4.4115560,42.2651044
-4.4115420,42.2651384
-4.4116720,42.2651312
-4.4125034,42.2650916
-4.4129720,42.2650494
-4.4134203,42.2650114
-4.4134756,42.2650121
-4.4135221,42.2650285
-4.4136042,42.2650469
-4.4137015,42.2650540
-4.4138429,42.2650596
-4.4139000,42.2650658
-4.4139518,42.2650785
-4.4140281,42.2651147
-4.4140892,42.2651515
-4.4141456,42.2652042
-4.4142125,42.2652491
-4.4143021,42.2652826
-4.4143947,42.2653098
-4.4144806,42.2653196
-4.4145876,42.2653182
-4.4146964,42.2652970
-4.4148033,42.2652631
-4.4149294,42.2651995
-4.4149860,42.2651666
-4.4150497,42.2651416
-4.4151231,42.2651312
-4.4151948,42.2651260
-4.4154449,42.2651345
-4.4157428,42.2651557
-4.4159203,42.2651594
-4.4168322,42.2652490
-4.4169402,42.2652703
-4.4173359,42.2653353
-4.4175014,42.2653663
-4.4175546,42.2653835
-4.4175989,42.2654020
-4.4176775,42.2654440
-4.4177351,42.2654861
-4.4177950,42.2655571
-4.4178785,42.2656287
-4.4179718,42.2656800
-4.4180675,42.2657139
-4.4181276,42.2657298
-4.4182095,42.2657359
-4.4182916,42.2657344
-4.4183796,42.2657256
-4.4184603,42.2657020
-4.4185567,42.2656601
-4.4186957,42.2655744
-4.4187916,42.2655283
-4.4188975,42.2655067
-4.4190917,42.2655099
-4.4194586,42.2655282
-4.4201684,42.2656020
-4.4212422,42.2657132
-4.4224242,42.2658229
-4.4234856,42.2659284
-4.4239162,42.2659681
-4.4263067,42.2662030
-4.4284153,42.2664147
-4.4290161,42.2664740
-4.4304164,42.2666099
-4.4309881,42.2666626
-4.4340895,42.2669663
-4.4345570,42.2670105
-4.4363254,42.2671853
-4.4374490,42.2672924
-4.4382994,42.2673714
-4.4391640,42.2674530
-4.4398394,42.2675151
-4.4399381,42.2675268
-4.4400316,42.2675450
-4.4401166,42.2675280
-4.4401756,42.2675407
-4.4402346,42.2675430
-4.4403965,42.2675490
-4.4407317,42.2675799
-4.4413758,42.2676492
-4.4417651,42.2676891
-4.4422378,42.2677242
-4.4427748,42.2680199
-4.4438262,42.2685995
-4.4450040,42.2692447
-4.4450980,42.2692200
-4.4452195,42.2692810
-4.4454047,42.2693574
-4.4458131,42.2692088
-4.4460357,42.2691568
-4.4465235,42.2690436
-4.4469119,42.2689336
-4.4471679,42.2688818
-4.4474591,42.2688302
-4.4475118,42.2687902
-4.4476402,42.2688006
-4.4477842,42.2687541
-4.4479429,42.2687143
-4.4481734,42.2686731
-4.4483372,42.2686701
-4.4484563,42.2686916
-4.4485603,42.2687253
-4.4487723,42.2688184
-4.4488888,42.2688892
-4.4491978,42.2691022
-4.4492350,42.2691229
-4.4492795,42.2691306
-4.4493253,42.2691286
-4.4493564,42.2691177
-4.4498781,42.2688504
-4.4499621,42.2688133
-4.4502006,42.2687177
-4.4505186,42.2686532
-4.4507823,42.2686480
-4.4510147,42.2686781
-4.4512133,42.2687300
-4.4518367,42.2689450
-4.4518776,42.2690459
-4.4526716,42.2693510
-4.4528116,42.2694036
-4.4554025,42.2703745
-4.4567374,42.2708678
-4.4570099,42.2709705
-4.4572779,42.2710745
-4.4578560,42.2712859
-4.4593639,42.2718480
-4.4603406,42.2722121
-4.4612104,42.2725465
-4.4618573,42.2727857
-4.4620324,42.2728625
-4.4625776,42.2731005
-4.4628519,42.2732326
-4.4637934,42.2737705
-4.4667175,42.2756242
-4.4671705,42.2759152
-4.4684737,42.2767268
-4.4696967,42.2775075
-4.4743367,42.2804502
-4.4751296,42.2809589
-4.4755736,42.2812407
-4.4788360,42.2832908
-4.4792173,42.2835382
-4.4792682,42.2835352
-4.4793613,42.2835296
-4.4793952,42.2835558
-4.4798000,42.2838683
-4.4801226,42.2841216
-4.4801714,42.2841551
-4.4803050,42.2842583
-4.4809039,42.2847629
-4.4812155,42.2850396
-4.4812984,42.2850955
-4.4813863,42.2851265
-4.4815303,42.2851839
-4.4816387,42.2852683
-4.4817596,42.2853800
-4.4819734,42.2855978
-4.4820724,42.2857005
-4.4822427,42.2858959
-4.4824997,42.2861602
-4.4825448,42.2862083
-4.4827320,42.2863717
-4.4829650,42.2865333
-4.4830629,42.2865983
-4.4836653,42.2869983
-4.4838785,42.2871501
-4.4839621,42.2872086
-4.4839543,42.2872916
-4.4840224,42.2873457
-4.4841971,42.2874810
-4.4850061,42.2880365
-4.4854992,42.2883751
-4.4869884,42.2894003
-4.4899823,42.2914571
-4.4908485,42.2920563
-4.4920930,42.2929074
-4.4933304,42.2937577
-4.4946067,42.2946347
-4.4959241,42.2955399
-4.4965784,42.2959882
-4.4978357,42.2968498
-4.4982891,42.2971605
-4.4985466,42.2973230
-4.4988369,42.2975174
-4.4990676,42.2976419
-4.4991570,42.2976127
-4.4992847,42.2976897
-4.4994618,42.2978269
-4.4995443,42.2978776
-4.5000519,42.2981700
-4.5001376,42.2982175
-4.5001756,42.2982369
-4.5004058,42.2983544
-4.5005882,42.2984476
-4.5007528,42.2985253
-4.5009194,42.2986074
-4.5011174,42.2987049
-4.5010717,42.2987606
-4.5014134,42.2989214
-4.5015372,42.2989813
-4.5017267,42.2990751
-4.5026266,42.2994732
-4.5050464,42.3004985
-4.5060332,42.3009199
-4.5070087,42.3013307
-4.5088903,42.3021269
-4.5112629,42.3031128
-4.5122260,42.3035175
-4.5126613,42.3037107
-4.5133028,42.3039746
-4.5142639,42.3043761
-4.5174496,42.3057209
-4.5199101,42.3067756
-4.5206979,42.3070871
-4.5208535,42.3071510
-4.5211211,42.3072623
-4.5247067,42.3087621
-4.5252094,42.3089840
-4.5258432,42.3092539
-4.5266621,42.3095954
-4.5280160,42.3101673
-4.5284382,42.3103408
-4.5294055,42.3107383
-4.5313477,42.3115657
-4.5322760,42.3119385
-4.5328284,42.3121177
-4.5335761,42.3123402
-4.5342765,42.3125593
-4.5353439,42.3128810
-4.5418788,42.3148503
-4.5420143,42.3149027
-4.5421455,42.3149763
-4.5422383,42.3150563
-4.5422878,42.3151319
-4.5423026,42.3151742
-4.5423249,42.3153134
-4.5424085,42.3153729
-4.5428073,42.3152032
-4.5428992,42.3151796
-4.5429487,42.3151690
-4.5429946,42.3151689
-4.5431416,42.3152019
-4.5432237,42.3152648
-4.5432491,42.3152959
-4.5432569,42.3153244
-4.5432996,42.3153295
-4.5433563,42.3153362
-4.5434099,42.3153139
-4.5434402,42.3153028
-4.5434759,42.3153021
-4.5446241,42.3156500
-4.5446730,42.3156648
-4.5446951,42.3156716
-4.5453371,42.3158551
-4.5458759,42.3160230
-4.5459640,42.3160553
-4.5460422,42.3160839
-4.5462364,42.3161433
-4.5463486,42.3161830
-4.5464480,42.3162182
-4.5473767,42.3165215
-4.5475800,42.3165839
-4.5482973,42.3168039
-4.5504292,42.3174702
-4.5522924,42.3180454
-4.5558305,42.3191279
-4.5579085,42.3197522
-4.5591948,42.3201534
-4.5632317,42.3213850
-4.5654232,42.3220552
-4.5659777,42.3222240
-4.5667562,42.3224957
-4.5680621,42.3230543
-4.5694466,42.3236231
-4.5705172,42.3240878
-4.5711024,42.3243685
-4.5716170,42.3246271
-4.5721164,42.3248955
-4.5730138,42.3253628
-4.5734883,42.3256166
-4.5768706,42.3273506
-4.5779588,42.3279173
-4.5909471,42.3346049
-4.5919268,42.3350990
-4.5951453,42.3367534
-4.5958467,42.3371802
-4.5960171,42.3373022
-4.5960676,42.3372814
-4.5961060,42.3372559
-4.5961707,42.3372123
-4.5962185,42.3372498
-4.5963181,42.3373175
-4.5963545,42.3373355
-4.5963970,42.3373531
-4.5964457,42.3373627
-4.5966188,42.3373648
-4.5966550,42.3374087
-4.5966977,42.3374072
-4.5974616,42.3374083
-4.5975043,42.3374084
-4.5977383,42.3374107
-4.5984517,42.3374179
-4.5992682,42.3374174
-4.5993878,42.3374131
-4.5998706,42.3373454
-4.6000569,42.3373195
-4.6007956,42.3372316
-4.6009111,42.3372179
-4.6009902,42.3371781
-4.6011505,42.3371507
-4.6012998,42.3371600
-4.6014059,42.3371797
-4.6017982,42.3372412
-4.6019178,42.3372617
-4.6022177,42.3373032
-4.6023986,42.3373272
-4.6027120,42.3374084
-4.6027462,42.3374163
-4.6031990,42.3375243
-4.6034116,42.3376000
-4.6035608,42.3376796
-4.6036307,42.3377385
-4.6036606,42.3378097
-4.6036829,42.3379092
-4.6036861,42.3380183
-4.6036818,42.3380593
-4.6036753,42.3381309
-4.6036988,42.3384507
-4.6037094,42.3388096
-4.6037203,42.3388876
-4.6037494,42.3389626
-4.6038459,42.3391973
-4.6039422,42.3394685
-4.6040143,42.3397417
-4.6040922,42.3398809
-4.6041497,42.3399984
-4.6041933,42.3399661
-4.6042443,42.3399284
-4.6044044,42.3397964
-4.6045281,42.3396944
-4.6046736,42.3396332
-4.6048410,42.3395626
-4.6049143,42.3395439
-4.6050797,42.3395017
-4.6051875,42.3394767
-4.6055942,42.3393905
-4.6058671,42.3393636
-4.6059965,42.3393785
-4.6060961,42.3394123
-4.6064020,42.3395680
-4.6065746,42.3396282
-4.6066535,42.3396500
-4.6067060,42.3396637
-4.6066981,42.3396966
-4.6067243,42.3397008
-4.6082378,42.3396198
-4.6083138,42.3396413
-4.6083268,42.3396469
-4.6083412,42.3396082
-4.6084374,42.3396469
-4.6086344,42.3397429
-4.6096966,42.3403527
-4.6098883,42.3404592
-4.6101924,42.3406341
-4.6103732,42.3406949
-4.6106442,42.3407335
-4.6108221,42.3407319
-4.6120085,42.3407131
-4.6120304,42.3407128
-4.6122649,42.3407181
-4.6126261,42.3407328
-4.6128813,42.3407303
-4.6129755,42.3407232
-4.6130516,42.3407043
-4.6131303,42.3406529
-4.6131826,42.3405850
-4.6132534,42.3405364
-4.6133401,42.3405049
-4.6134354,42.3404932
-4.6135312,42.3405022
-4.6136183,42.3405306
-4.6136949,42.3405795
-4.6137393,42.3406326
-4.6137584,42.3406693
-4.6137729,42.3407157
-4.6138263,42.3407458
-4.6138779,42.3407759
-4.6139431,42.3408034
-4.6140111,42.3408207
-4.6142843,42.3408632
-4.6145545,42.3408882
-4.6149915,42.3409288
-4.6151995,42.3409426
-4.6153654,42.3409536
-4.6155147,42.3409635
-4.6161824,42.3410021
-4.6165641,42.3410168
-4.6169200,42.3410356
-4.6170735,42.3410416
-4.6173512,42.3410551
-4.6176166,42.3410655
-4.6178434,42.3410744
-4.6192259,42.3411475
-4.6209979,42.3413353
-4.6211107,42.3413349
-4.6211766,42.3413320
-4.6212215,42.3413300
-4.6213163,42.3413072
-4.6215109,42.3412242
-4.6216111,42.3411879
-4.6217172,42.3411588
-4.6218239,42.3411397
-4.6219660,42.3411407
-4.6220598,42.3411579
-4.6221259,42.3411516
-4.6222019,42.3411626
-4.6222659,42.3411948
-4.6223078,42.3412429
-4.6223210,42.3412993
-4.6223336,42.3413591
-4.6223577,42.3413925
-4.6224186,42.3414253
-4.6224946,42.3414481
-4.6225431,42.3414585
-4.6226623,42.3414841
-4.6252240,42.3416886
-4.6266733,42.3418149
-4.6296463,42.3421516
-4.6318262,42.3423127
-4.6328924,42.3424011
-4.6329503,42.3424058
-4.6332232,42.3424319
-4.6334206,42.3424502
-4.6375639,42.3428261
-4.6420249,42.3431732
-4.6440836,42.3433273
-4.6463644,42.3434985
-4.6503850,42.3437818
-4.6515926,42.3438824
-4.6525244,42.3439853
-4.6531474,42.3440882
-4.6535685,42.3441772
-4.6557530,42.3447345
-4.6569257,42.3450220
-4.6572581,42.3450689
-4.6574323,42.3450869
-4.6576888,42.3450917
-4.6579309,42.3450794
-4.6581782,42.3450486
-4.6583875,42.3450010
-4.6585191,42.3449640
-4.6585780,42.3449474
-4.6587963,42.3448665
-4.6590412,42.3447466
-4.6592041,42.3446691
-4.6596391,42.3444539
-4.6598603,42.3443682
-4.6599686,42.3443379
-4.6600242,42.3443224
-4.6601939,42.3442978
-4.6604276,42.3442774
-4.6615788,42.3442557
-4.6652403,42.3441795
-4.6660585,42.3441691
-4.6661355,42.3441517
-4.6663147,42.3441463
-4.6664532,42.3441441
-4.6673091,42.3440788
-4.6679797,42.3440315
-4.6711122,42.3438158
-4.6713674,42.3437906
-4.6766784,42.3432772
-4.6777775,42.3431632
-4.6793458,42.3430194
-4.6814950,42.3428060
-4.6849362,42.3424120
-4.6862046,42.3422835
-4.6878339,42.3420962
-4.6905008,42.3418254
-4.6912596,42.3417341
-4.6914963,42.3417013
-4.6925975,42.3415784
-4.6928286,42.3415185
-4.6929261,42.3415091
-4.6933020,42.3414892
-4.6939988,42.3414132
-4.6949636,42.3412869
-4.6959787,42.3411699
-4.6974770,42.3409812
-4.6987556,42.3408017
-4.7000597,42.3406396
-4.7026384,42.3403099
-4.7042870,42.3400993
-4.7075571,42.3396519
-4.7092051,42.3394158
-4.7150248,42.3385822
-4.7163915,42.3383864
-4.7169907,42.3383006
-4.7179712,42.3381591
-4.7187745,42.3380405
-4.7194130,42.3379672
-4.7195238,42.3379452
-4.7222904,42.3375627
-4.7250953,42.3371537
-4.7282938,42.3366753
-4.7301390,42.3364083
-4.7327133,42.3360193
-4.7352339,42.3356267
-4.7360462,42.3354953
-4.7389260,42.3350322
-4.7425531,42.3344445
-4.7445114,42.3341179
-4.7458335,42.3339110
-4.7466182,42.3337822
-4.7477358,42.3336111
-4.7488956,42.3334402
-4.7497387,42.3333203
-4.7500257,42.3332795
-4.7502332,42.3332500
-4.7502655,42.3332456
-4.7513532,42.3330972
-4.7519584,42.3330296
-4.7530324,42.3328674
-4.7537945,42.3327579
-4.7541537,42.3327102
-4.7544911,42.3326705
-4.7547336,42.3326434
-4.7549246,42.3326061
-4.7576686,42.3322250
-4.7583486,42.3321316
-4.7585237,42.3321136
-4.7586043,42.3321045
-4.7586849,42.3320921
-4.7591377,42.3319981
-4.7597144,42.3318799
-4.7611989,42.3315807
-4.7627417,42.3312817
-4.7673163,42.3303925
-4.7699298,42.3298679
-4.7703008,42.3297901
-4.7705335,42.3297417
-4.7708772,42.3296771
-4.7711063,42.3296432
-4.7713384,42.3296184
-4.7721623,42.3295448
-4.7744825,42.3293473
-4.7774228,42.3291231
-4.7782856,42.3290918
-4.7791173,42.3290701
-4.7806606,42.3290426
-4.7807885,42.3290290
-4.7834609,42.3290074
-4.7841660,42.3289961
-4.7863969,42.3289734
-4.7871239,42.3289736
-4.7883096,42.3289985
-4.7905598,42.3290449
-4.7921073,42.3290740
-4.7939417,42.3290216
-4.7975063,42.3289033
-4.7990744,42.3288516
-4.7993736,42.3288574
-4.7996744,42.3288786
-4.8014422,42.3290299
-4.8019941,42.3290640
-4.8020665,42.3290602
-4.8021397,42.3290694
-4.8022085,42.3290951
-4.8023857,42.3291124
-4.8026872,42.3291157
-4.8029669,42.3291190
-4.8032040,42.3291290
-4.8036819,42.3291631
-4.8040013,42.3291822
-4.8043295,42.3292119
-4.8044678,42.3292279
-4.8050748,42.3292487
-4.8050950,42.3292498
-4.8063716,42.3292872
-4.8066571,42.3292991
-4.8079800,42.3293758
-4.8082142,42.3293723
-4.8084496,42.3293820
-4.8084952,42.3293831
-4.8088037,42.3293820
-4.8090773,42.3293840
-4.8093144,42.3293892
-4.8095186,42.3294184
-4.8097603,42.3294434
-4.8099370,42.3294607
-4.8101670,42.3294780
-4.8105422,42.3295080
-4.8105641,42.3294524
-4.8105947,42.3294372
-4.8106396,42.3294266
-4.8107937,42.3294246
-4.8116469,42.3294763
-4.8120125,42.3294970
-4.8122869,42.3295197
-4.8124792,42.3295527
-4.8126114,42.3295861
-4.8127436,42.3296225
-4.8128543,42.3297145
-4.8130125,42.3298066
-4.8152803,42.3311879
-4.8165612,42.3319447
-4.8180632,42.3328126
-4.8187781,42.3332048
-4.8205139,42.3341155
-4.8220602,42.3349131
-4.8250944,42.3364946
-4.8264876,42.3371978
-4.8285125,42.3381757
-4.8297764,42.3387495
-4.8329796,42.3400783
-4.8331677,42.3401472
-4.8333782,42.3402374
-4.8334671,42.3403033
-4.8334667,42.3403202
-4.8335667,42.3403421
-4.8338993,42.3404153
-4.8341498,42.3404704
-4.8342027,42.3404213
-4.8342235,42.3404116
-4.8342637,42.3404111
-4.8344592,42.3404660
-4.8350533,42.3406689
-4.8360717,42.3410565
-4.8370449,42.3414213
-4.8381425,42.3418641
-4.8391645,42.3423231
-4.8394355,42.3424391
-4.8397083,42.3425460
-4.8404677,42.3427761
-4.8412018,42.3429445
-4.8416185,42.3430302
-4.8421801,42.3431222
-4.8428978,42.3432285
-4.8433829,42.3433173
-4.8438718,42.3434306
-4.8444172,42.3435803
-4.8450340,42.3437777
-4.8464507,42.3442825
-4.8478730,42.3447275
-4.8503648,42.3456572
-4.8513099,42.3460119
-4.8548651,42.3473129
-4.8558934,42.3477154
-4.8562402,42.3478371
-4.8566348,42.3479560
-4.8571557,42.3480761
-4.8575063,42.3481125
-4.8578695,42.3481213
-4.8582439,42.3481216
-4.8586413,42.3481089
-4.8586988,42.3480964
-4.8587457,42.3480799
-4.8592643,42.3477799
-4.8593955,42.3477175
-4.8595277,42.3476707
-4.8596514,42.3476454
-4.8597707,42.3476458
-4.8598695,42.3476555
-4.8599904,42.3476729
-4.8601017,42.3477052
-4.8602062,42.3477551
-4.8603274,42.3478340
-4.8604975,42.3479748
-4.8605816,42.3480144
-4.8608513,42.3481507
-4.8613822,42.3483721
-4.8620020,42.3486519
-4.8620986,42.3487048
-4.8621748,42.3487638
-4.8622759,42.3488590
-4.8624156,42.3490172
-4.8626307,42.3492312
-4.8630065,42.3496554
-4.8632407,42.3499594
-4.8633530,42.3500831
-4.8635868,42.3503368
-4.8640077,42.3507542
-4.8641083,42.3509406
-4.8641851,42.3510176
-4.8644485,42.3512818
-4.8644205,42.3513290
-4.8643841,42.3513809
-4.8643709,42.3514405
-4.8643744,42.3515232
-4.8643962,42.3516013
-4.8644866,42.3518146
-4.8647123,42.3522637
-4.8649110,42.3526929
-4.8649475,42.3528048
-4.8650189,42.3531635
-4.8651065,42.3533423
-4.8651220,42.3533587
-4.8652617,42.3535892
-4.8653187,42.3536194
-4.8653351,42.3536422
-4.8653880,42.3539395
-4.8654317,42.3541831
-4.8654544,42.3543021
-4.8655446,42.3545282
-4.8657876,42.3547043
-4.8658981,42.3547460
-4.8658713,42.3547847
-4.8655153,42.3552982
-4.8654951,42.3553274
-4.8654803,42.3553488
-4.8653873,42.3554921
-4.8652679,42.3556694
-4.8651248,42.3558858
-4.8651039,42.3559362
-4.8650932,42.3559866
-4.8650691,42.3561012
-4.8650532,42.3562174
-4.8650403,42.3572536
-4.8650465,42.3578021
-4.8650558,42.3579095
-4.8650752,42.3580198
-4.8651280,42.3582723
-4.8651402,42.3583812
-4.8651437,42.3584235
-4.8651603,42.3584424
-4.8651819,42.3584471
-4.8652559,42.3584728
-4.8653413,42.3585040
-4.8653961,42.3585251
-4.8654339,42.3588166
-4.8654759,42.3589866
-4.8655924,42.3593281
-4.8659433,42.3605933
-4.8660965,42.3611543
-4.8663738,42.3620692
-4.8664375,42.3622220
-4.8665170,42.3623769
-4.8665275,42.3623898
-4.8666579,42.3625488
-4.8668563,42.3627585
-4.8669565,42.3628453
-4.8671511,42.3629920
-4.8673053,42.3630758
-4.8673095,42.3630958
-4.8672993,42.3631495
-4.8674823,42.3632423
-4.8679275,42.3634256
-4.8683297,42.3635750
-4.8683550,42.3635652
-4.8683651,42.3635523
-4.8684339,42.3635155
-4.8694787,42.3639254
-4.8706533,42.3643796
-4.8708223,42.3644283
-4.8709256,42.3644681
-4.8710382,42.3645324
-4.8735660,42.3655015
-4.8739500,42.3656486
-4.8743384,42.3657828
-4.8745145,42.3658298
-4.8746825,42.3658617
-4.8748306,42.3658933
-4.8749847,42.3659188
-4.8751443,42.3659462
-4.8753082,42.3659534
-4.8755321,42.3659534
-4.8757946,42.3659373
-4.8760673,42.3659107
-4.8769260,42.3658176
-4.8773391,42.3657684
-4.8774690,42.3657723
-4.8775510,42.3657699
-4.8784794,42.3656466
-4.8794135,42.3655342
-4.8811849,42.3653215
-4.8825285,42.3651796
-4.8840165,42.3649981
-4.8847822,42.3649073
-4.8851597,42.3648626
-4.8855354,42.3648391
-4.8865686,42.3647294
-4.8871011,42.3646633
-4.8872123,42.3646388
-4.8872816,42.3646332
-4.8873169,42.3646324
-4.8873538,42.3646361
-4.8873784,42.3646472
-4.8873983,42.3646617
-4.8874891,42.3646600
-4.8876344,42.3645820
-4.8882611,42.3643577
-4.8888409,42.3642154
-4.8891020,42.3640844
-4.8892982,42.3639606
-4.8894220,42.3638498
-4.8896904,42.3635321
-4.8897766,42.3634247
-4.8898664,42.3633229
-4.8899598,42.3632103
-4.8900712,42.3631306
-4.8901907,42.3630579
-4.8903154,42.3630191
-4.8903280,42.3629888
-4.8903434,42.3628522
-4.8903146,42.3627877
-4.8902952,42.3626956
-4.8902953,42.3625965
-4.8903645,42.3625019
-4.8904388,42.3624479
-4.8906431,42.3623489
-4.8910452,42.3620904
-4.8910945,42.3620607
-4.8911808,42.3620347
-4.8912283,42.3620506
-4.8912549,42.3620699
-4.8913130,42.3622434
-4.8913799,42.3623712
-4.8914322,42.3624506
-4.8917030,42.3624210
-4.8917728,42.3624137
-4.8920523,42.3623945
-4.8922871,42.3623364
-4.8926584,42.3621905
-4.8929723,42.3620671
-4.8931300,42.3620041
-4.8933752,42.3619192
-4.8937328,42.3618152
-4.8940713,42.3617084
-4.8944493,42.3615608
-4.8947902,42.3614199
-4.8953255,42.3611991
-4.8954222,42.3611602
-4.8955260,42.3611282
-4.8957409,42.3610743
-4.8969032,42.3608523
-4.8981035,42.3606314
-4.8982584,42.3606068
-4.8984087,42.3605917
-4.8986349,42.3605854
-4.8991761,42.3605905
-4.8993475,42.3605837
-4.8995936,42.3605619
-4.8999320,42.3605104
-4.9005021,42.3604117
-4.9007146,42.3603745
-4.9009411,42.3603476
-4.9012012,42.3603281
-4.9015363,42.3603172
-4.9018690,42.3603167
-4.9020910,42.3603226
-4.9024753,42.3603265
-4.9026079,42.3603387
-4.9027381,42.3603595
-4.9030163,42.3604273
-4.9033061,42.3605037
-4.9040256,42.3606996
-4.9042412,42.3607875
-4.9047196,42.3610125
-4.9053124,42.3612962
-4.9054265,42.3613582
-4.9065905,42.3608262
-4.9077300,42.3603085
-4.9083103,42.3600425
-4.9088706,42.3597862
-4.9091033,42.3596554
-4.9092882,42.3594969
-4.9095851,42.3591507
-4.9096556,42.3591496
-4.9097491,42.3591378
-4.9099390,42.3591072
-4.9100832,42.3590960
-4.9102230,42.3591045
-4.9103581,42.3591413
-4.9105524,42.3592090
-4.9110385,42.3593797
-4.9111436,42.3594007
-4.9112419,42.3594079
-4.9113155,42.3593959
-4.9113851,42.3593779
-4.9115809,42.3593065
-4.9117086,42.3592749
-4.9117881,42.3592598
-4.9118655,42.3592507
-4.9119901,42.3592562
-4.9122028,42.3592726
-4.9123998,42.3592923
-4.9125968,42.3593225
-4.9128131,42.3594033
-4.9132917,42.3596048
-4.9134167,42.3596491
-4.9135458,42.3596888
-4.9139265,42.3597909
-4.9143620,42.3599286
-4.9150800,42.3601916
-4.9153240,42.3602782
-4.9154910,42.3603496
-4.9156641,42.3604345
-4.9158839,42.3605259
-4.9160974,42.3605975
-4.9168167,42.3607743
-4.9170394,42.3608207
-4.9171992,42.3608423
-4.9173801,42.3608452
-4.9177378,42.3608279
-4.9180587,42.3607957
-4.9185439,42.3607636
-4.9192871,42.3607315
-4.9205437,42.3607141
-4.9207886,42.3607230
-4.9209283,42.3607337
-4.9211189,42.3607579
-4.9212769,42.3607875
-4.9214665,42.3608350
-4.9217181,42.3609141
-4.9218716,42.3609438
-4.9221661,42.3609584
-4.9227680,42.3609393
-4.9229808,42.3609250
-4.9232287,42.3608982
-4.9235814,42.3608432
-4.9244865,42.3606755
-4.9247768,42.3606144
-4.9252390,42.3604980
-4.9255716,42.3604068
-4.9256446,42.3603999
-4.9258768,42.3603804
-4.9262349,42.3603113
-4.9264165,42.3602860
-4.9266522,42.3602625
-4.9267360,42.3603782
-4.9267567,42.3604076
-4.9268015,42.3604628
-4.9269255,42.3605396
-4.9269953,42.3605828
-4.9270857,42.3604785
-4.9272499,42.3601687
-4.9273091,42.3601220
-4.9273790,42.3600803
-4.9274735,42.3600436
-4.9275747,42.3600109
-4.9283571,42.3598578
-4.9285519,42.3598112
-4.9287441,42.3597616
-4.9288331,42.3597288
-4.9289154,42.3596920
-4.9289755,42.3596596
-4.9290355,42.3596232
-4.9294686,42.3592995
-4.9297011,42.3591323
-4.9298035,42.3590698
-4.9299099,42.3590173
-4.9300035,42.3589764
-4.9301052,42.3589384
-4.9302583,42.3588916
-4.9304128,42.3588487
-4.9307754,42.3587725
-4.9309745,42.3587368
-4.9310702,42.3587254
-4.9311660,42.3587229
-4.9312788,42.3587270
-4.9314031,42.3587480
-4.9319572,42.3588753
-4.9324756,42.3589818
-4.9328204,42.3590669
-4.9334613,42.3592443
-4.9340448,42.3594158
-4.9342681,42.3594739
-4.9344168,42.3595005
-4.9352565,42.3595980
-4.9358248,42.3596399
-4.9364603,42.3596843
-4.9368979,42.3597081
-4.9369913,42.3597169
-4.9370873,42.3597305
-4.9372809,42.3597578
-4.9373417,42.3597606
-4.9374025,42.3597613
-4.9375248,42.3597550
-4.9375921,42.3597488
-4.9376607,42.3597406
-4.9379307,42.3596974
-4.9392391,42.3594402
-4.9394613,42.3594051
-4.9396664,42.3593912
-4.9400915,42.3593848
-4.9401832,42.3593874
-4.9402736,42.3593990
-4.9404136,42.3594180
-4.9405416,42.3594419
-4.9408720,42.3595096
-4.9409994,42.3595348
-4.9411308,42.3595476
-4.9412424,42.3595542
-4.9412943,42.3595545
-4.9413512,42.3595548
-4.9414285,42.3595453
-4.9415058,42.3595358
-4.9415936,42.3595199
-4.9416828,42.3594960
-4.9419265,42.3594118
-4.9420732,42.3593646
-4.9421579,42.3593496
-4.9422425,42.3593396
-4.9426323,42.3593256
-4.9430640,42.3593113
-4.9433984,42.3592834
-4.9435932,42.3592564
-4.9439610,42.3591882
-4.9441436,42.3591618
-4.9443303,42.3591473
-4.9445842,42.3591366
-4.9448461,42.3591358
-4.9452430,42.3591385
-4.9453332,42.3591399
-4.9454233,42.3591482
-4.9454964,42.3591574
-4.9455695,42.3591775
-4.9456420,42.3592032
-4.9457078,42.3592318
-4.9457774,42.3592676
-4.9458295,42.3593094
-4.9459052,42.3593780
-4.9459688,42.3594466
-4.9460733,42.3595785
-4.9463779,42.3600086
-4.9466013,42.3603318
-4.9466405,42.3604115
-4.9466730,42.3604911
-4.9466958,42.3605729
-4.9467302,42.3607524
-4.9467912,42.3610369
-4.9468321,42.3611631
-4.9468770,42.3612735
-4.9469484,42.3614294
-4.9471147,42.3617232
-4.9474422,42.3622509
-4.9476399,42.3626061
-4.9476874,42.3627163
-4.9477288,42.3628225
-4.9478277,42.3630664
-4.9478906,42.3631803
-4.9479434,42.3632360
-4.9480042,42.3632917
-4.9481616,42.3634260
-4.9483809,42.3636183
-4.9489775,42.3641697
-4.9490192,42.3642035
-4.9490636,42.3642333
-4.9491159,42.3642543
-4.9491756,42.3642658
-4.9496615,42.3642611
-4.9497969,42.3642718
-4.9501298,42.3643151
-4.9502437,42.3643151
-4.9507279,42.3642866
-4.9509962,42.3642539
-4.9511673,42.3642318
-4.9512300,42.3640573
-4.9512636,42.3640011
-4.9513079,42.3639527
-4.9513939,42.3638770
-4.9515953,42.3637711
-4.9517140,42.3637178
-4.9520032,42.3635862
-4.9527075,42.3633590
-4.9528888,42.3633562
-4.9530351,42.3633865
-4.9531608,42.3634206
-4.9533313,42.3634720
-4.9535786,42.3635568
-4.9538116,42.3636574
-4.9538872,42.3636751
-4.9539716,42.3636823
-4.9541512,42.3636689
-4.9542668,42.3636570
-4.9543907,42.3636510
-4.9544327,42.3636634
-4.9544641,42.3636915
-4.9544932,42.3637414
-4.9545046,42.3637927
-4.9545137,42.3638591
-4.9545299,42.3639268
-4.9545549,42.3639843
-4.9545977,42.3640406
-4.9546422,42.3640758
-4.9546920,42.3641031
-4.9547441,42.3641190
-4.9548033,42.3641284
-4.9548845,42.3641373
-4.9549728,42.3641370
-4.9551839,42.3641287
-4.9552769,42.3641230
-4.9553300,42.3641211
-4.9553295,42.3640938
-4.9554144,42.3640634
-4.9556684,42.3640336
-4.9559861,42.3640152
-4.9567130,42.3639568
-4.9569336,42.3639240
-4.9573479,42.3638227
-4.9576004,42.3637475
-4.9577247,42.3637053
-4.9578428,42.3636562
-4.9579560,42.3636065
-4.9582602,42.3634315
-4.9585239,42.3632800
-4.9588091,42.3631399
-4.9591452,42.3629758
-4.9592153,42.3629403
-4.9593115,42.3628916
-4.9595160,42.3627983
-4.9598480,42.3626923
-4.9602050,42.3626019
-4.9611429,42.3623317
-4.9616629,42.3621808
-4.9617642,42.3621566
-4.9618685,42.3621370
-4.9621384,42.3621081
-4.9628113,42.3620657
-4.9631884,42.3620342
-4.9634720,42.3620018
-4.9637711,42.3619528
-4.9639743,42.3619108
-4.9641612,42.3618494
-4.9644552,42.3617301
-4.9652896,42.3613639
-4.9657137,42.3611894
-4.9660917,42.3610550
-4.9676390,42.3605760
-4.9682107,42.3604079
-4.9683837,42.3605168
-4.9685300,42.3606335
-4.9689555,42.3609487
-4.9691165,42.3610432
-4.9693528,42.3611378
-4.9695609,42.3612009
-4.9698003,42.3612610
-4.9702048,42.3613246
-4.9705277,42.3613616
-4.9708052,42.3613737
-4.9710755,42.3613675
-4.9712024,42.3613630
-4.9713292,42.3613472
-4.9716409,42.3612795
-4.9727904,42.3610192
-4.9730896,42.3609637
-4.9732185,42.3609428
-4.9733536,42.3609241
-4.9734553,42.3609132
-4.9735632,42.3609159
-4.9739867,42.3609338
-4.9745717,42.3609247
-4.9750648,42.3609397
-4.9752559,42.3609411
-4.9761146,42.3609080
-4.9772590,42.3607479
-4.9775857,42.3607214
-4.9777733,42.3607227
-4.9779226,42.3607398
-4.9780972,42.3607866
-4.9783138,42.3608970
-4.9784827,42.3609342
-4.9787322,42.3609490
-4.9823777,42.3610161
-4.9826486,42.3610170
-4.9828216,42.3610369
-4.9829842,42.3610845
-4.9831777,42.3611653
-4.9847026,42.3618361
-4.9853095,42.3621070
-4.9856947,42.3622423
-4.9861092,42.3623702
-4.9866940,42.3626051
-4.9874883,42.3629366
-4.9877577,42.3630277
-4.9883293,42.3631581
-4.9887518,42.3632298
-4.9890164,42.3632458
-4.9894903,42.3632560
-4.9902532,42.3632602
-4.9908882,42.3631837
-4.9911813,42.3631641
-4.9914656,42.3631637
-4.9936514,42.3631984
-4.9938234,42.3632053
-4.9940888,42.3632425
-4.9943170,42.3633112
-4.9959170,42.3638527
-4.9973541,42.3643317
-4.9972105,42.3646140
-4.9967977,42.3654110
-4.9965654,42.3658618
-4.9963626,42.3662889
-4.9961820,42.3667789
-4.9961542,42.3668745
-4.9963156,42.3668550
-4.9963623,42.3668541
-4.9964113,42.3668584
-4.9972404,42.3669484
-4.9993576,42.3671718
-4.9993990,42.3671744
-4.9994488,42.3671912
-4.9994911,42.3672287
-4.9995465,42.3672795
-4.9995912,42.3673000
-4.9996284,42.3673074
-4.9999509,42.3673426
-4.9999816,42.3673440
-4.9999706,42.3673916
-4.9999614,42.3674316
-4.9999520,42.3674723
-4.9999337,42.3675664
-4.9999061,42.3677391
-4.9998525,42.3681568
-4.9997732,42.3686108
-4.9996450,42.3694448
-4.9995872,42.3698839
-4.9995261,42.3702130
-4.9994832,42.3703686
-4.9994476,42.3704514
-4.9995024,42.3704932
-4.9996018,42.3705630
-4.9996815,42.3705882
-4.9997596,42.3706055
-4.9998219,42.3706120
-4.9998546,42.3706129
-4.9998873,42.3706093
-4.9999307,42.3706022
-4.9999664,42.3705906
-5.0001576,42.3705147
-5.0004371,42.3703323
-5.0008104,42.3700159
-5.0009280,42.3699337
-5.0010533,42.3698561
-5.0011904,42.3697915
-5.0013413,42.3697348
-5.0014925,42.3696923
-5.0016483,42.3696555
-5.0020271,42.3695795
-5.0022905,42.3695285
-5.0024090,42.3695104
-5.0026056,42.3694794
-5.0028037,42.3694621
-5.0031824,42.3694582
-5.0035627,42.3694600
-5.0038152,42.3694668
-5.0040677,42.3694667
-5.0043454,42.3694630
-5.0049497,42.3694597
-5.0058716,42.3694402
-5.0062785,42.3694495
-5.0065583,42.3694690
-5.0068358,42.3694971
-5.0071620,42.3695355
-5.0075325,42.3696033
-5.0082884,42.3697372
-5.0085341,42.3697685
-5.0105221,42.3699178
-5.0110108,42.3699593
-5.0115019,42.3699826
-5.0120769,42.3699779
-5.0121307,42.3699842
-5.0121658,42.3700042
-5.0123203,42.3701089
-5.0124705,42.3702118
-5.0126183,42.3702726
-5.0126951,42.3702822
-5.0127368,42.3702745
-5.0127661,42.3702622
-5.0129970,42.3700784
-5.0130889,42.3700482
-5.0131468,42.3700393
-5.0132047,42.3700373
-5.0132904,42.3700354
-5.0133760,42.3700415
-5.0137026,42.3700903
-5.0140178,42.3701253
-5.0142597,42.3701384
-5.0145567,42.3701359
-5.0148524,42.3701014
-5.0152755,42.3700375
-5.0158086,42.3699950
-5.0161619,42.3699931
-5.0167913,42.3700190
-5.0172403,42.3700358
-5.0181268,42.3700161
-5.0185748,42.3700446
-5.0196302,42.3701153
-5.0208163,42.3701882
-5.0213738,42.3701942
-5.0215430,42.3701957
-5.0219160,42.3702091
-5.0222959,42.3701778
-5.0223505,42.3701732
-5.0227619,42.3701656
-5.0229987,42.3702707
-5.0234453,42.3704804
-5.0235568,42.3705502
-5.0236264,42.3706353
-5.0236358,42.3706482
-5.0237589,42.3708164
-5.0238421,42.3709216
-5.0238979,42.3709607
-5.0239867,42.3709894
-5.0241359,42.3710101
-5.0249845,42.3710996
-5.0250731,42.3710956
-5.0251519,42.3711094
-5.0252919,42.3711728
-5.0257485,42.3713899
-5.0258425,42.3714346
-5.0258614,42.3714148
-5.0260490,42.3712176
-5.0262683,42.3710042
-5.0263479,42.3709140
-5.0263965,42.3708431
-5.0267583,42.3709004
-5.0271236,42.3709450
-5.0271835,42.3709523
-5.0272054,42.3709287
-5.0273722,42.3707489
-5.0275042,42.3706170
-5.0275318,42.3705894
-5.0275928,42.3705975
-5.0276704,42.3706078
-5.0277131,42.3706032
-5.0278194,42.3706054
-5.0278517,42.3706077
-5.0281693,42.3706338
-5.0285770,42.3706769
-5.0289214,42.3707138
-5.0291065,42.3707437
-5.0292986,42.3707599
-5.0294740,42.3707556
-5.0295561,42.3707495
-5.0301673,42.3707332
-5.0306587,42.3707139
-5.0308910,42.3707034
-5.0309954,42.3707017
-5.0313337,42.3706330
-5.0314603,42.3706039
-5.0316902,42.3705202
-5.0320249,42.3704264
-5.0322379,42.3704141
-5.0324575,42.3704249
-5.0324715,42.3704252
-5.0326419,42.3704291
-5.0333739,42.3704189
-5.0334281,42.3704164
-5.0336350,42.3704010
-5.0337062,42.3703957
-5.0338718,42.3703650
-5.0339940,42.3703358
-5.0343061,42.3702584
-5.0347242,42.3701311
-5.0348430,42.3700820
-5.0349183,42.3700491
-5.0350263,42.3699530
-5.0351062,42.3698836
-5.0351363,42.3698565
-5.0351624,42.3698273
-5.0352454,42.3697007
-5.0352892,42.3696322
-5.0353156,42.3695638
-5.0353252,42.3695234
-5.0353433,42.3694467
-5.0354441,42.3693706
-5.0356113,42.3691069
-5.0357191,42.3689369
-5.0357646,42.3688652
-5.0358023,42.3688066
-5.0358228,42.3687828
-5.0358474,42.3687611
-5.0358813,42.3687447
-5.0359179,42.3687314
-5.0359448,42.3687275
-5.0359745,42.3687275
-5.0366741,42.3688108
-5.0367817,42.3688351
-5.0369254,42.3688744
-5.0370267,42.3689182
-5.0377018,42.3691857
-5.0380979,42.3693463
-5.0382909,42.3694211
-5.0384247,42.3694768
-5.0392044,42.3697863
-5.0401728,42.3701614
-5.0407407,42.3703752
-5.0415483,42.3706817
-5.0416475,42.3707191
-5.0417213,42.3707470
-5.0419822,42.3708475
-5.0437951,42.3715459
-5.0443678,42.3717666
-5.0451714,42.3720660
-5.0456477,42.3722786
-5.0466476,42.3728016
-5.0488435,42.3739500
-5.0490311,42.3740081
-5.0491315,42.3740249
-5.0492168,42.3740297
-5.0493031,42.3740330
-5.0493273,42.3740208
-5.0494066,42.3739976
-5.0494917,42.3739945
-5.0495736,42.3740120
-5.0496435,42.3740480
-5.0497012,42.3741102
-5.0497220,42.3741841
-5.0497312,42.3742721
-5.0497580,42.3743450
-5.0497983,42.3744020
-5.0498671,42.3744620
-5.0508181,42.3749648
-5.0514940,42.3753357
-5.0517137,42.3754332
-5.0518956,42.3755061
-5.0520875,42.3755751
-5.0522596,42.3756337
-5.0524309,42.3756894
-5.0526437,42.3757489
-5.0529150,42.3758050
-5.0539674,42.3760211
-5.0540390,42.3760345
-5.0552302,42.3762507
-5.0554686,42.3762921
-5.0561140,42.3764043
-5.0573718,42.3766400
-5.0584596,42.3769028
-5.0585405,42.3769243
-5.0609944,42.3775765
-5.0622416,42.3778998
-5.0629052,42.3780864
-5.0631949,42.3781690
-5.0635271,42.3782751
-5.0639152,42.3784230
-5.0643682,42.3786345
-5.0648219,42.3788859
-5.0662948,42.3797953
-5.0670321,42.3802471
-5.0676907,42.3806506
-5.0678798,42.3807542
-5.0680650,42.3808521
-5.0683658,42.3809959
-5.0686809,42.3811225
-5.0690729,42.3812673
-5.0694077,42.3813812
-5.0711958,42.3819743
-5.0715288,42.3820757
-5.0718040,42.3821388
-5.0720373,42.3821751
-5.0723923,42.3822050
-5.0731582,42.3822259
-5.0739106,42.3822391
-5.0739402,42.3822973
-5.0739769,42.3823208
-5.0740398,42.3823370
-5.0754848,42.3824232
-5.0757608,42.3824322
-5.0759159,42.3824323
-5.0761110,42.3824441
-5.0761732,42.3824482
-5.0763240,42.3824457
-5.0763679,42.3824452
-5.0763975,42.3824436
-5.0764192,42.3824365
-5.0764767,42.3823932
-5.0765005,42.3823846
-5.0765294,42.3823858
-5.0765889,42.3823998
-5.0766494,42.3824213
-5.0767114,42.3824500
-5.0767735,42.3824806
-5.0767974,42.3825018
-5.0768122,42.3825214
-5.0768323,42.3825193
-5.0768593,42.3825165
-5.0768886,42.3825134
-5.0769329,42.3825088
-5.0769519,42.3824807
-5.0769821,42.3824549
-5.0770284,42.3824329
-5.0770762,42.3824173
-5.0771252,42.3824056
-5.0771733,42.3823992
-5.0772479,42.3823900
-5.0773537,42.3823863
-5.0773739,42.3823939
-5.0774054,42.3824159
-5.0776911,42.3826215
-5.0779555,42.3827797
-5.0779975,42.3827886
-5.0780411,42.3828345
-5.0781136,42.3828649
-5.0782907,42.3829060
-5.0808564,42.3833406
-5.0820787,42.3835419
-5.0826331,42.3836242
-5.0832343,42.3837089
-5.0838338,42.3837856
-5.0854094,42.3838855
-5.0898090,42.3841679
-5.0900351,42.3841680
-5.0902666,42.3841615
-5.0922778,42.3840892
-5.0936464,42.3840411
-5.0949043,42.3839936
-5.0966066,42.3839293
-5.0968593,42.3839227
-5.0971580,42.3839306
-5.0974488,42.3839434
-5.0992454,42.3840584
-5.1033896,42.3843239
-5.1061101,42.3845020
-5.1081062,42.3846270
-5.1088694,42.3846747
-5.1093004,42.3846968
-5.1098384,42.3847066
-5.1104614,42.3847206
-5.1106654,42.3847342
-5.1109394,42.3847570
-5.1111213,42.3847826
-5.1114004,42.3848448
-5.1122085,42.3850775
-5.1128848,42.3852626
-5.1134577,42.3854062
-5.1137424,42.3854728
-5.1145088,42.3856539
-5.1152725,42.3858092
-5.1153582,42.3858262
-5.1172350,42.3861988
-5.1174000,42.3862323
-5.1175183,42.3862611
-5.1177846,42.3863478
-5.1194320,42.3868766
-5.1196582,42.3869379
-5.1200946,42.3870405
-5.1209120,42.3872059
-5.1240104,42.3878313
-5.1255892,42.3881457
-5.1271299,42.3884526
-5.1287050,42.3887506
-5.1300091,42.3889929
-5.1303271,42.3890547
-5.1309295,42.3892070
-5.1312342,42.3892735
-5.1318737,42.3894082
-5.1321602,42.3894575
-5.1323351,42.3894792
-5.1324450,42.3894864
-5.1325223,42.3894810
-5.1327010,42.3894571
-5.1328845,42.3894338
-5.1337896,42.3892953
-5.1353279,42.3890276
-5.1371922,42.3887202
-5.1380036,42.3885827
-5.1391317,42.3883915
-5.1395466,42.3883212
-5.1404496,42.3881638
-5.1405194,42.3881527
-5.1406654,42.3881310
-5.1408282,42.3881092
-5.1409342,42.3881013
-5.1410916,42.3881017
-5.1413826,42.3880704
-5.1422438,42.3879866
-5.1425582,42.3879458
-5.1431293,42.3878623
-5.1433089,42.3878495
-5.1433807,42.3878390
-5.1434694,42.3878203
-5.1437414,42.3877979
-5.1441423,42.3877224
-5.1444433,42.3876913
-5.1447264,42.3876856
-5.1448066,42.3876980
-5.1448816,42.3877194
-5.1450098,42.3877693
-5.1451130,42.3878191
-5.1451796,42.3878465
-5.1455355,42.3879929
-5.1456258,42.3880599
-5.1456381,42.3880705
-5.1457508,42.3881357
-5.1457828,42.3881596
-5.1458770,42.3882202
-5.1460234,42.3883124
-5.1461333,42.3883575
-5.1463663,42.3884833
-5.1465826,42.3886631
-5.1467814,42.3888607
-5.1469396,42.3890518
-5.1470809,42.3892452
-5.1471863,42.3893487
-5.1472811,42.3894433
-5.1473018,42.3894901
-5.1473072,42.3895279
-5.1475053,42.3895988
-5.1475948,42.3896458
-5.1487438,42.3903462
-5.1490235,42.3904848
-5.1493378,42.3906405
-5.1497619,42.3908311
-5.1512910,42.3914090
-5.1516786,42.3915831
-5.1541474,42.3929194
-5.1551327,42.3934670
-5.1561726,42.3940468
-5.1568492,42.3943717
-5.1583697,42.3950207
-5.1605269,42.3959476
-5.1628667,42.3969529
-5.1631678,42.3970742
-5.1635024,42.3971813
-5.1662348,42.3978197
-5.1665458,42.3978969
-5.1669508,42.3980260
-5.1735276,42.4006155
-5.1738295,42.4007308
-5.1757098,42.4014885
-5.1837575,42.4046881
-5.1839399,42.4047597
-5.1841872,42.4048653
-5.1847774,42.4051388
-5.1862092,42.4058317
-5.1895432,42.4073970
-5.1905369,42.4078535
-5.1963612,42.4105288
-5.1984153,42.4114553
-5.1989096,42.4116646
-5.2007706,42.4124342
-5.2012355,42.4126287
-5.2016184,42.4128146
-5.2031514,42.4135987
-5.2040258,42.4140227
-5.2053423,42.4146164
-5.2060153,42.4149870
-5.2061122,42.4150451
-5.2062144,42.4151035
-5.2064635,42.4152360
-5.2078440,42.4159286
-5.2102332,42.4173727
-5.2114658,42.4180697
-5.2122165,42.4184666
-5.2146825,42.4196632
-5.2153106,42.4200144
-5.2153575,42.4200879
-5.2160771,42.4204830
-5.2169139,42.4208807
-5.2176489,42.4212286
-5.2177506,42.4212770
-5.2190926,42.4219648
-5.2198367,42.4223164
-5.2202435,42.4224703
-5.2206874,42.4225533
-5.2213621,42.4226817
-5.2214674,42.4226977
-5.2215867,42.4227180
-5.2219294,42.4228193
-5.2223521,42.4229492
-5.2224931,42.4230508
-5.2226399,42.4231498
-5.2227409,42.4232446
-5.2228634,42.4233471
-5.2233365,42.4237515
-5.2235626,42.4239368
-5.2238063,42.4240667
-5.2255662,42.4249892
-5.2275312,42.4263338
-5.2279858,42.4266449
-5.2310176,42.4280948
-5.2334190,42.4292643
-5.2338342,42.4294645
-5.2355752,42.4302816
-5.2364110,42.4306842
-5.2367604,42.4308511
-5.2370610,42.4309778
-5.2371866,42.4310232
-5.2372041,42.4310292
-5.2385163,42.4314841
-5.2408405,42.4322637
-5.2431726,42.4330375
-5.2438041,42.4332431
-5.2447951,42.4335656
-5.2450351,42.4336568
-5.2473004,42.4349946
-5.2473720,42.4350389
-5.2483735,42.4356255
-5.2512688,42.4373350
-5.2513057,42.4373549
-5.2519101,42.4377125
-5.2549048,42.4394618
-5.2568097,42.4407722
-5.2572490,42.4410776
-5.2592306,42.4424521
-5.2603531,42.4432320
-5.2623849,42.4446545
-5.2626724,42.4448400
-5.2629351,42.4450004
-5.2637064,42.4454586
-5.2663757,42.4470284
-5.2678315,42.4478887
-5.2680311,42.4479993
-5.2682506,42.4480933
-5.2689984,42.4483935
-5.2693900,42.4485533
-5.2705487,42.4490196
-5.2724761,42.4498096
-5.2762840,42.4513319
-5.2788121,42.4523454
-5.2788590,42.4523646
-5.2800055,42.4528470
-5.2819205,42.4536514
-5.2857637,42.4552604
-5.2881857,42.4562784
-5.2900049,42.4570421
-5.2933545,42.4584403
-5.2936490,42.4585567
-5.2971376,42.4595522
-5.2997187,42.4602997
-5.3022819,42.4611282
-5.3048448,42.4619400
-5.3060889,42.4623333
-5.3097102,42.4634725
-5.3101325,42.4636096
-5.3110558,42.4638939
-5.3120090,42.4640800
-5.3122810,42.4641312
-5.3124123,42.4641565
-5.3128085,42.4642329
-5.3183222,42.4652966
-5.3185090,42.4653169
-5.3186687,42.4653243
-5.3189531,42.4653228
-5.3198945,42.4652343
-5.3224456,42.4649920
-5.3226432,42.4649698
-5.3273993,42.4645053
-5.3276683,42.4644892
-5.3278697,42.4644910
-5.3280300,42.4645186
-5.3282251,42.4645733
-5.3283669,42.4646316
-5.3285205,42.4647146
-5.3286680,42.4648301
-5.3287474,42.4649179
-5.3288208,42.4650251
-5.3289415,42.4653344
-5.3290081,42.4655503
-5.3291320,42.4658816
-5.3295354,42.4670339
-5.3296311,42.4673046
-5.3296982,42.4674041
-5.3297758,42.4675152
-5.3298809,42.4676278
-5.3300900,42.4678190
-5.3302776,42.4679261
-5.3304838,42.4680148
-5.3310225,42.4681657
-5.3313717,42.4682436
-5.3314617,42.4682646
-5.3316131,42.4683066
-5.3318685,42.4683506
-5.3320557,42.4683614
-5.3329085,42.4683572
-5.3352899,42.4683534
-5.3366878,42.4683560
-5.3369223,42.4683659
-5.3371210,42.4683895
-5.3372967,42.4684190
-5.3374528,42.4684581
-5.3375649,42.4684937
-5.3377312,42.4685557
-5.3378436,42.4685997
-5.3379235,42.4686426
-5.3379983,42.4686927
-5.3384547,42.4691402
-5.3385622,42.4692456
-5.3395031,42.4700975
-5.3396205,42.4701805
-5.3397425,42.4702557
-5.3398375,42.4703082
-5.3399387,42.4703504
-5.3401613,42.4704117
-5.3403419,42.4704498
-5.3405962,42.4704980
-5.3408153,42.4705227
-5.3419839,42.4706202
-5.3425988,42.4706680
-5.3432138,42.4707287
-5.3434297,42.4707388
-5.3438949,42.4707250
-5.3454749,42.4706537
-5.3463732,42.4706015
-5.3467892,42.4705956
-5.3470578,42.4706140
-5.3473496,42.4706407
-5.3475481,42.4706706
-5.3477489,42.4707103
-5.3480738,42.4708258
-5.3487471,42.4710935
-5.3492078,42.4712695
-5.3502783,42.4717070
-5.3506149,42.4718134
-5.3517642,42.4720759
-5.3520327,42.4721681
-5.3522420,42.4722729
-5.3525693,42.4724316
-5.3526556,42.4725651
-5.3534548,42.4736155
-5.3534920,42.4736827
-5.3534311,42.4737692
-5.3533668,42.4742977
-5.3533231,42.4744348
-5.3539258,42.4747658
-5.3537872,42.4749164
-5.3541022,42.4751392
-5.3542104,42.4751858
-5.3544762,42.4752033
-5.3546758,42.4752078
-5.3548098,42.4754841
-5.3550699,42.4754882
-5.3553936,42.4754384
-5.3556394,42.4753347
-5.3560412,42.4756193
-5.3562898,42.4755294
-5.3563362,42.4755090
-5.3563724,42.4754812
-5.3565576,42.4755275
-5.3569054,42.4755999
-5.3580252,42.4757671
-5.3581337,42.4757866
-5.3582289,42.4758082
-5.3585087,42.4759230
-5.3586252,42.4760133
-5.3586875,42.4760632
-5.3590298,42.4762080
-5.3592695,42.4763232
-5.3627878,42.4779754
-5.3635781,42.4783360
-5.3651263,42.4790455
-5.3653392,42.4791228
-5.3660940,42.4793356
-5.3663684,42.4794157
-5.3671065,42.4796930
-5.3691706,42.4803258
-5.3708797,42.4808546
-5.3720665,42.4812216
-5.3734430,42.4816398
-5.3741068,42.4818470
-5.3776315,42.4829398
-5.3798052,42.4836015
-5.3847761,42.4851124
-5.3857034,42.4853892
-5.3861489,42.4855571
-5.3865116,42.4857080
-5.3865441,42.4857215
-5.3885404,42.4865774
-5.3906898,42.4875001
-5.3939768,42.4888999
-5.3964576,42.4899622
-5.4001311,42.4915444
-5.4023256,42.4924637
-5.4034495,42.4929345
-5.4042306,42.4932869
-5.4052911,42.4937631
-5.4054694,42.4938203
-5.4066895,42.4942444
-5.4068287,42.4942865
-5.4069456,42.4943211
-5.4070516,42.4943470
-5.4071039,42.4943554
-5.4074419,42.4943645
-5.4075773,42.4943656
-5.4076951,42.4943782
-5.4077797,42.4944018
-5.4078835,42.4944411
-5.4079544,42.4944824
-5.4080736,42.4945626
-5.4082015,42.4947529
-5.4082953,42.4949219
-5.4083826,42.4950593
-5.4084535,42.4951405
-5.4085095,42.4951870
-5.4085671,42.4952290
-5.4086411,42.4952810
-5.4087767,42.4953410
-5.4089942,42.4954287
-5.4090241,42.4954400
-5.4091090,42.4954723
-5.4100530,42.4958307
-5.4109417,42.4961626
-5.4115538,42.4963956
-5.4121298,42.4966270
-5.4126468,42.4968480
-5.4128429,42.4969312
-5.4129219,42.4969647
-5.4132498,42.4971036
-5.4132774,42.4971167
-5.4133533,42.4971485
-5.4134228,42.4971873
-5.4135096,42.4972333
-5.4136581,42.4973056
-5.4137335,42.4973360
-5.4138136,42.4973595
-5.4143199,42.4975097
-5.4147827,42.4976354
-5.4149356,42.4976774
-5.4149038,42.4977137
-5.4149706,42.4977489
-5.4149999,42.4977644
-5.4150327,42.4977652
-5.4150965,42.4977437
-5.4155036,42.4979987
-5.4157269,42.4981005
-5.4157664,42.4981229
-5.4156708,42.4982308
-5.4158526,42.4983518
-5.4164223,42.4986560
-5.4167752,42.4987639
-5.4174556,42.4989456
-5.4175076,42.4989827
-5.4175660,42.4990244
-5.4176230,42.4990885
-5.4177238,42.4992019
-5.4179236,42.4993815
-5.4179804,42.4994237
-5.4180536,42.4994782
-5.4185402,42.4999004
-5.4188452,42.5001299
-5.4189600,42.5002162
-5.4190015,42.5002100
-5.4191747,42.5001953
-5.4192653,42.5003564
-5.4192788,42.5003784
-5.4193623,42.5005058
-5.4193919,42.5004983
-5.4201040,42.5016360
-5.4201604,42.5017039
-5.4202238,42.5017240
-5.4203643,42.5018274
-5.4204492,42.5019216
-5.4205430,42.5020563
-5.4208997,42.5025424
-5.4209686,42.5026255
-5.4210017,42.5026633
-5.4218529,42.5038379
-5.4224067,42.5045882
-5.4230082,42.5054067
-5.4233738,42.5059201
-5.4239615,42.5067230
-5.4242401,42.5070735
-5.4254070,42.5086821
-5.4254460,42.5087194
-5.4254850,42.5087475
-5.4256399,42.5088278
-5.4259334,42.5089684
-5.4259849,42.5090033
-5.4260275,42.5090381
-5.4260626,42.5090985
-5.4261103,42.5092316
-5.4264624,42.5101031
-5.4265973,42.5103504
-5.4267101,42.5105015
-5.4265786,42.5105551
-5.4273761,42.5116412
-5.4284065,42.5130618
-5.4290320,42.5139040
-5.4304413,42.5158375
-5.4318484,42.5177521
-5.4325130,42.5186491
-5.4335911,42.5201295
-5.4340129,42.5206730
-5.4341105,42.5206504
-5.4342127,42.5206536
-5.4343073,42.5206823
-5.4343829,42.5207331
-5.4344057,42.5207650
-5.4344306,42.5207998
-5.4344445,42.5208745
-5.4344230,42.5209483
-5.4343688,42.5210122
-5.4342882,42.5210586
-5.4346410,42.5215554
-5.4353542,42.5225272
-5.4356787,42.5229675
-5.4367921,42.5244817
-5.4375430,42.5255105
-5.4417777,42.5312670
-5.4425596,42.5323344
-5.4426612,42.5324791
-5.4427493,42.5324804
-5.4429960,42.5324840
-5.4432526,42.5325394
-5.4435586,42.5326055
-5.4437611,42.5326492
-5.4441519,42.5328460
-5.4443261,42.5328873
-5.4443913,42.5329810
-5.4445528,42.5332131
-5.4447093,42.5334646
-5.4447824,42.5335855
-5.4448736,42.5337159
-5.4449326,42.5338147
-5.4450083,42.5339869
-5.4450117,42.5340323
-5.4450654,42.5341458
-5.4451257,42.5342001
-5.4453510,42.5343504
-5.4455149,42.5344457
-5.4456149,42.5345206
-5.4456005,42.5347081
-5.4455925,42.5348022
-5.4455577,42.5348371
-5.4455063,42.5348595
-5.4454181,42.5348761
-5.4453469,42.5348977
-5.4452705,42.5349196
-5.4451874,42.5349729
-5.4451150,42.5350441
-5.4450774,42.5350853
-5.4450521,42.5351211
-5.4450372,42.5351528
-5.4449772,42.5351982
-5.4449245,42.5352358
-5.4448521,42.5352773
-5.4448031,42.5352921
-5.4447467,42.5353158
-5.4455556,42.5364184
-5.4456188,42.5365045
-5.4456749,42.5365808
-5.4464435,42.5376364
-5.4465161,42.5377387
-5.4476910,42.5393296
-5.4480355,42.5397892
-5.4482557,42.5401180
-5.4483908,42.5403284
-5.4484888,42.5405353
-5.4485455,42.5406735
-5.4486532,42.5406569
-5.4488705,42.5409353
-5.4490790,42.5411891
-5.4495002,42.5417695
-5.4495999,42.5417282
-5.4497465,42.5419000
-5.4498264,42.5419807
-5.4499994,42.5421553
-5.4501366,42.5422385
-5.4502322,42.5423243
-5.4503506,42.5424339
-5.4503909,42.5424987
-5.4503947,42.5425460
-5.4503989,42.5425995
-5.4504123,42.5426430
-5.4504308,42.5427092
-5.4504579,42.5427635
-5.4505102,42.5427918
-5.4505920,42.5428228
-5.4506618,42.5428347
-5.4507369,42.5428386
-5.4508200,42.5428307
-5.4509077,42.5428150
-5.4509989,42.5427981
-5.4510903,42.5427720
-5.4512104,42.5427306
-5.4512726,42.5427258
-5.4513140,42.5427414
-5.4516428,42.5430493
-5.4516917,42.5430936
-5.4518740,42.5431845
-5.4520491,42.5432551
-5.4522522,42.5433349
-5.4524857,42.5434097
-5.4527088,42.5434618
-5.4529148,42.5435026
-5.4531427,42.5435459
-5.4533574,42.5435896
-5.4535130,42.5436251
-5.4536619,42.5437015
-5.4537517,42.5437338
-5.4539152,42.5437770
-5.4543364,42.5438691
-5.4545482,42.5439099
-5.4546440,42.5440004
-5.4547402,42.5440219
-5.4549890,42.5440764
-5.4551742,42.5441214
-5.4553618,42.5441629
-5.4555575,42.5442039
-5.4556713,42.5442272
-5.4560363,42.5442767
-5.4562614,42.5443081
-5.4567095,42.5443770
-5.4569918,42.5444245
-5.4571259,42.5444502
-5.4572265,42.5444689
-5.4573091,42.5444849
-5.4573955,42.5445055
-5.4574639,42.5445194
-5.4575832,42.5445539
-5.4576585,42.5445732
-5.4577361,42.5445964
-5.4577958,42.5446175
-5.4578716,42.5446478
-5.4579380,42.5446764
-5.4580459,42.5447327
-5.4581166,42.5447684
-5.4581678,42.5447965
-5.4583825,42.5449412
-5.4584992,42.5450282
-5.4586045,42.5450992
-5.4587500,42.5452060
-5.4589303,42.5453350
-5.4590275,42.5454028
-5.4590933,42.5454333
-5.4591389,42.5454629
-5.4591993,42.5455034
-5.4593159,42.5455795
-5.4594643,42.5456797
-5.4596554,42.5458050
-5.4598591,42.5459401
-5.4598823,42.5459566
-5.4600363,42.5460652
-5.4602670,42.5462250
-5.4605953,42.5464598
-5.4607764,42.5465942
-5.4608877,42.5466772
-5.4609695,42.5467365
-5.4610281,42.5467797
-5.4610956,42.5468412
-5.4614818,42.5471347
-5.4617085,42.5472977
-5.4618251,42.5473846
-5.4618546,42.5474172
-5.4618707,42.5474380
-5.4619728,42.5475101
-5.4621979,42.5476703
-5.4624591,42.5478670
-5.4633228,42.5484780
-5.4634579,42.5485738
-5.4645342,42.5493605
-5.4647491,42.5495143
-5.4648142,42.5495603
-5.4650585,42.5497327
-5.4656589,42.5501550
-5.4662832,42.5506011
-5.4663890,42.5506780
-5.4665915,42.5508219
-5.4665529,42.5508593
-5.4665222,42.5508892
-5.4664450,42.5509828
-5.4664292,42.5510176
-5.4664256,42.5510553
-5.4664265,42.5510965
-5.4664375,42.5511406
-5.4664503,42.5511831
-5.4664713,42.5512285
-5.4665835,42.5513699
-5.4667201,42.5515012
-5.4670253,42.5517660
-5.4673001,42.5520127
-5.4675249,42.5522234
-5.4677580,42.5524443
-5.4679192,42.5525973
-5.4684528,42.5531533
-5.4688771,42.5535946
-5.4690550,42.5537342
-5.4697864,42.5542484
-5.4698744,42.5543256
-5.4699208,42.5543668
-5.4700212,42.5544296
-5.4700789,42.5544900
-5.4702338,42.5546733
-5.4702812,42.5547140
-5.4703395,42.5547547
-5.4704394,42.5547925
-5.4704881,42.5548066
-5.4705582,42.5548268
-5.4706070,42.5548474
-5.4706474,42.5548702
-5.4706961,42.5549138
-5.4708672,42.5550475
-5.4710120,42.5551410
-5.4714517,42.5554038
-5.4715669,42.5554671
-5.4717631,42.5555713
-5.4719397,42.5556627
-5.4721382,42.5557575
-5.4722941,42.5558184
-5.4724404,42.5558720
-5.4725969,42.5559373
-5.4726884,42.5559953
-5.4730328,42.5561948
-5.4731465,42.5562499
-5.4732800,42.5562976
-5.4740544,42.5565174
-5.4742120,42.5565729
-5.4743785,42.5566408
-5.4751776,42.5569437
-5.4753749,42.5570321
-5.4755295,42.5571144
-5.4756009,42.5571513
-5.4756702,42.5572003
-5.4761286,42.5575317
-5.4764775,42.5577641
-5.4769345,42.5580661
-5.4774205,42.5583544
-5.4779045,42.5586236
-5.4782344,42.5587986
-5.4788645,42.5590889
-5.4790428,42.5591716
-5.4791432,42.5592263
-5.4793066,42.5593223
-5.4794398,42.5594111
-5.4795659,42.5595058
-5.4799079,42.5598487
-5.4804767,42.5604185
-5.4808733,42.5608146
-5.4809489,42.5608748
-5.4810387,42.5609365
-5.4815975,42.5613052
-5.4819992,42.5615923
-5.4820183,42.5616070
-5.4822169,42.5617599
-5.4827027,42.5621339
-5.4828460,42.5622443
-5.4831543,42.5624816
-5.4831885,42.5625232
-5.4832515,42.5625989
-5.4838454,42.5628098
-5.4854262,42.5633727
-5.4855421,42.5634277
-5.4855906,42.5634606
-5.4856290,42.5634980
-5.4857907,42.5637007
-5.4861898,42.5641981
-5.4863433,42.5643554
-5.4863921,42.5643866
-5.4864449,42.5644058
-5.4865041,42.5644176
-5.4865907,42.5644257
-5.4870987,42.5644122
-5.4881552,42.5643869
-5.4882170,42.5643904
-5.4882727,42.5644028
-5.4903958,42.5651567
-5.4906166,42.5652301
-5.4915572,42.5655009
-5.4920402,42.5656561
-5.4924489,42.5657682
-5.4928543,42.5659337
-5.4933128,42.5661584
-5.4937937,42.5664301
-5.4938964,42.5664793
-5.4940012,42.5665196
-5.4943650,42.5666250
-5.4950121,42.5668058
-5.4951303,42.5668516
-5.4955414,42.5670111
-5.4955627,42.5670189
-5.4957673,42.5670941
-5.4958903,42.5670251
-5.4962897,42.5673991
-5.4963378,42.5674400
-5.4963826,42.5674527
-5.4967922,42.5675677
-5.4971453,42.5676516
-5.4971821,42.5676595
-5.4976817,42.5676787
-5.4979589,42.5676982
-5.4987155,42.5677778
-5.5008376,42.5680256
-5.5015478,42.5681350
-5.5023041,42.5682568
-5.5030138,42.5683624
-5.5033623,42.5684273
-5.5037177,42.5685103
-5.5048391,42.5688447
-5.5049968,42.5688956
-5.5051485,42.5689525
-5.5060699,42.5693126
-5.5062670,42.5693881
-5.5064194,42.5694367
-5.5068341,42.5695362
-5.5079882,42.5697899
-5.5096224,42.5701468
-5.5103393,42.5702960
-5.5115869,42.5705537
-5.5120845,42.5706523
-5.5127975,42.5708242
-5.5131292,42.5708893
-5.5135170,42.5709741
-5.5141913,42.5711299
-5.5145645,42.5712121
-5.5158192,42.5714882
-5.5168200,42.5717201
-5.5176887,42.5719103
-5.5183037,42.5720435
-5.5192533,42.5722830
-5.5200395,42.5724626
-5.5201969,42.5724986
-5.5205510,42.5725862
-5.5206607,42.5725985
-5.5207669,42.5726043
-5.5209844,42.5725824
-5.5210343,42.5725765
-5.5210878,42.5725784
-5.5211412,42.5725861
-5.5211857,42.5726042
-5.5212335,42.5726351
-5.5212690,42.5726659
-5.5213199,42.5726962
-5.5213708,42.5727226
-5.5215231,42.5727724
-5.5216909,42.5728167
-5.5221051,42.5729056
-5.5225196,42.5729919
-5.5241309,42.5733377
-5.5245778,42.5728960
-5.5247392,42.5728579
-5.5252214,42.5723693
-5.5253340,42.5722949
-5.5254950,42.5721033
-5.5255423,42.5721115
-5.5256836,42.5720346
-5.5267770,42.5722715
-5.5268013,42.5722748
-5.5268321,42.5722785
-5.5269615,42.5723231
-5.5271278,42.5723903
-5.5272297,42.5724578
-5.5273025,42.5725275
-5.5273337,42.5725831
-5.5273479,42.5726308
-5.5273528,42.5727353
-5.5273600,42.5728422
-5.5273655,42.5728950
-5.5273849,42.5729489
-5.5274014,42.5729891
-5.5274287,42.5730282
-5.5275104,42.5730970
-5.5275983,42.5731499
-5.5277188,42.5731885
-5.5278168,42.5732100
-5.5279179,42.5732271
-5.5280656,42.5732493
-5.5282087,42.5732647
-5.5286351,42.5732909
-5.5287735,42.5733028
-5.5289405,42.5733361
-5.5291376,42.5733904
-5.5292923,42.5734438
-5.5294748,42.5735255
-5.5299152,42.5737702
-5.5300550,42.5738491
-5.5301759,42.5739006
-5.5301917,42.5739008
-5.5302097,42.5738960
-5.5302570,42.5738559
-5.5302986,42.5738156
-5.5304354,42.5738839
-5.5304602,42.5738583
-5.5303092,42.5737864
-5.5303263,42.5737689
-5.5308586,42.5740072
-5.5310811,42.5737534
-5.5315910,42.5739737
-5.5315982,42.5739768
-5.5317535,42.5740364
-5.5319180,42.5740901
-5.5321534,42.5741522
-5.5323433,42.5742088
-5.5325047,42.5742504
-5.5332594,42.5744116
-5.5334520,42.5744462
-5.5336001,42.5744734
-5.5336573,42.5744654
-5.5337144,42.5744500
-5.5337624,42.5744433
-5.5338165,42.5744440
-5.5349447,42.5745990
-5.5350728,42.5746173
-5.5351806,42.5746402
-5.5352288,42.5746519
-5.5352730,42.5746695
-5.5353831,42.5747124
-5.5354820,42.5747326
-5.5357085,42.5747442
-5.5358665,42.5747351
-5.5358841,42.5747362
-5.5359574,42.5747409
-5.5368856,42.5748549
-5.5373943,42.5749252
-5.5375106,42.5749436
-5.5376867,42.5749509
-5.5379044,42.5749533
-5.5382508,42.5748987
-5.5383950,42.5748736
-5.5384710,42.5748802
-5.5386610,42.5750037
-5.5387954,42.5750096
-5.5388981,42.5750351
-5.5390619,42.5751206
-5.5391335,42.5751832
-5.5392549,42.5752442
-5.5396134,42.5753184
-5.5397107,42.5753342
-5.5399614,42.5753796
-5.5401233,42.5754135
-5.5404066,42.5754802
-5.5406057,42.5755268
-5.5408299,42.5755996
-5.5409934,42.5756202
-5.5414532,42.5757944
-5.5417670,42.5759223
-5.5422244,42.5761103
-5.5425654,42.5762938
-5.5427833,42.5763755
-5.5429168,42.5764126
-5.5430154,42.5764180
-5.5430967,42.5764039
-5.5431764,42.5764410
-5.5433339,42.5765080
-5.5434053,42.5765376
-5.5434627,42.5765458
-5.5435341,42.5765421
-5.5436106,42.5765258
-5.5437233,42.5765006
-5.5437701,42.5765462
-5.5437966,42.5765714
-5.5439791,42.5767444
-5.5439972,42.5768399
-5.5443654,42.5770070
-5.5443180,42.5770729
-5.5445885,42.5772031
-5.5446925,42.5772477
-5.5451396,42.5774519
-5.5452355,42.5774895
-5.5468043,42.5782293
-5.5469042,42.5782777
-5.5470149,42.5783273
-5.5479418,42.5787562
-5.5487218,42.5791171
-5.5487729,42.5790748
-5.5487932,42.5790846
-5.5488269,42.5791030
-5.5488977,42.5791380
-5.5489276,42.5791528
-5.5489575,42.5791676
-5.5489090,42.5792209
-5.5512150,42.5802941
-5.5512631,42.5803165
-5.5513214,42.5803436
-5.5516832,42.5805215
-5.5517329,42.5805457
-5.5517649,42.5805619
-5.5521279,42.5807463
-5.5521791,42.5807723
-5.5522099,42.5807871
-5.5524011,42.5808841
-5.5525638,42.5808803
-5.5528183,42.5809155
-5.5528737,42.5809248
-5.5529315,42.5809344
-5.5529938,42.5809363
-5.5532141,42.5809430
-5.5532730,42.5809590
-5.5540348,42.5811493
-5.5541340,42.5811777
-5.5541644,42.5811502
-5.5544132,42.5812186
-5.5547530,42.5813011
-5.5548557,42.5812397
-5.5549869,42.5811690
-5.5549770,42.5811382
-5.5550039,42.5811268
-5.5550505,42.5811072
-5.5552572,42.5811751
-5.5552863,42.5812014
-5.5553237,42.5812353
-5.5553448,42.5812517
-5.5551997,42.5813422
-5.5552560,42.5813944
-5.5555033,42.5815540
-5.5563110,42.5819731
-5.5563451,42.5819923
-5.5563947,42.5820419
-5.5564159,42.5820631
-5.5564875,42.5821348
-5.5566223,42.5822697
-5.5567475,42.5823949
-5.5567677,42.5824151
-5.5563813,42.5827286
-5.5564200,42.5827559
-5.5563708,42.5827950
-5.5563249,42.5828160
-5.5563914,42.5828602
-5.5564908,42.5829335
-5.5567062,42.5831261
-5.5568233,42.5832307
-5.5569500,42.5833508
-5.5570585,42.5834656
-5.5574236,42.5838524
-5.5580618,42.5845438
-5.5584544,42.5849719
-5.5585697,42.5850991
-5.5587751,42.5853135
-5.5587975,42.5853368
-5.5588332,42.5853779
-5.5589896,42.5855437
-5.5592500,42.5858234
-5.5596721,42.5862929
-5.5599023,42.5865365
-5.5601889,42.5868415
-5.5603100,42.5869653
-5.5604361,42.5870561
-5.5605595,42.5871272
-5.5607605,42.5872122
-5.5608821,42.5872542
-5.5609386,42.5872868
-5.5610031,42.5873629
-5.5610281,42.5874405
-5.5610157,42.5875037
-5.5609719,42.5875655
-5.5609583,42.5876126
-5.5609618,42.5876276
-5.5609680,42.5876541
-5.5609936,42.5877137
-5.5610447,42.5877792
-5.5612803,42.5880402
-5.5613707,42.5881647
-5.5616264,42.5885169
-5.5618389,42.5888041
-5.5619133,42.5889027
-5.5619849,42.5890103
-5.5620992,42.5891820
-5.5622459,42.5893835
-5.5623628,42.5895407
-5.5626059,42.5898942
-5.5627662,42.5900885
-5.5629473,42.5902751
-5.5630872,42.5904018
-5.5631161,42.5904270
-5.5632446,42.5905426
-5.5633184,42.5905967
-5.5638199,42.5909317
-5.5639388,42.5910269
-5.5640473,42.5911027
-5.5642984,42.5912735
-5.5644329,42.5913683
-5.5645181,42.5914256
-5.5645511,42.5914433
-5.5645799,42.5914613
-5.5647823,42.5915874
-5.5649440,42.5916852
-5.5652035,42.5918268
-5.5653973,42.5919399
-5.5654881,42.5919726
-5.5656101,42.5920166
-5.5656479,42.5920297
-5.5660485,42.5921795
-5.5662504,42.5922522
-5.5661227,42.5923307
-5.5662583,42.5924355
-5.5662826,42.5924543
-5.5668171,42.5928675
-5.5675846,42.5934607
-5.5676378,42.5935019
-5.5676621,42.5935201
-5.5676884,42.5935378
-5.5679415,42.5937366
-5.5680129,42.5937979
-5.5681052,42.5938701
-5.5683264,42.5940510
-5.5684458,42.5941645
-5.5688477,42.5945943
-5.5690546,42.5948049
-5.5692211,42.5949850
-5.5692546,42.5950046
-5.5694191,42.5951827
-5.5695066,42.5952400
-5.5695763,42.5952917
-5.5696240,42.5953953
-5.5696712,42.5955134
-5.5696863,42.5956021
-5.5697110,42.5957883
-5.5697463,42.5960402
-5.5697754,42.5962320
-5.5698276,42.5964782
-5.5698344,42.5965101
-5.5698514,42.5965817
-5.5699302,42.5969150
-5.5699257,42.5970118
-5.5700381,42.5973399
-5.5700669,42.5974758
-5.5700978,42.5976224
-5.5701556,42.5977654
-5.5702804,42.5980270
-5.5702896,42.5980634
-5.5697886,42.5982538
-5.5697505,42.5982650
-5.5688773,42.5984527
-5.5687002,42.5984921
-5.5683471,42.5985684
-5.5674625,42.5987597
-5.5675757,42.5993131
-5.5679813,42.5991834
-5.5682391,42.5993004
-5.5691788,42.5991048
-5.5692041,42.5991567
-5.5694182,42.5990964
-5.5695048,42.5990942
-5.5697323,42.5991022
-5.5697576,42.5991016
-5.5700152,42.5990510
-5.5701034,42.5992341
-5.5701648,42.5993615
-5.5701706,42.5993721
-5.5702060,42.5994371
-5.5702509,42.5995188
-5.5705578,42.6000833
-5.5706415,42.6002504
-5.5707617,42.6004906
-5.5704739,42.6005643
-5.5704603,42.6007939
-5.5705737,42.6010608
-5.5707420,42.6013766
-5.5707769,42.6014324
-5.5707887,42.6014523
-5.5708910,42.6016437
-5.5709158,42.6016565
-5.5713121,42.6017291
-5.5718853,42.6017559
-5.5719557,42.6017780
-5.5719664,42.6016785
-5.5720326,42.6016644
-5.5720870,42.6016529
-5.5721443,42.6017703
-5.5721753,42.6017936
-5.5721738,42.6018216
-5.5721721,42.6018569
-5.5734905,42.6018864
-5.5748007,42.6018857
-5.5748335,42.6019360
-5.5748355,42.6019686
-5.5748430,42.6019686
-5.5748819,42.6019687
-5.5749140,42.6019689
-5.5749583,42.6019362
-5.5750215,42.6019350
-5.5750674,42.6019556
-5.5751727,42.6020522
-5.5752485,42.6020233
-5.5753153,42.6019932
-5.5752819,42.6019621
-5.5752788,42.6019295
-5.5752908,42.6018873
-5.5753265,42.6018554
-5.5754123,42.6018405
-5.5754125,42.6017867
-5.5754128,42.6017393
-5.5760195,42.6017393
-5.5760764,42.6016558
-5.5761433,42.6016770
-5.5762025,42.6016888
-5.5762020,42.6017179
-5.5762455,42.6017358
-5.5777223,42.6017501
-5.5777866,42.6017562
-5.5778137,42.6017590
-5.5778506,42.6017600
-5.5781870,42.6017687
-5.5782138,42.6017606
-5.5782492,42.6017499
-5.5783587,42.6018015
-5.5792137,42.6018499
-5.5792370,42.6018496
-5.5792669,42.6018485
-5.5793359,42.6017955
-5.5793954,42.6017954
-5.5794631,42.6017953
-5.5795856,42.6018265
-5.5796198,42.6018302
-5.5799116,42.6018014
-5.5800968,42.6016880
-5.5801464,42.6017272
-5.5801822,42.6017555
-5.5802227,42.6017874
-5.5802506,42.6018095
-5.5802605,42.6018184
-5.5802766,42.6018329
-5.5803897,42.6018013
-5.5804327,42.6017893
-5.5807365,42.6017391
-5.5808236,42.6017247
-5.5809475,42.6017041
-5.5810706,42.6016838
-5.5811561,42.6016696
-5.5812522,42.6016537
-5.5813066,42.6016447
-5.5814460,42.6016217
-5.5819679,42.6015351
-5.5821906,42.6014981
-5.5824814,42.6014498
-5.5825225,42.6014430
-5.5839691,42.6008960
-5.5840000,42.6008843
-5.5840971,42.6008476
-5.5849217,42.6005359
-5.5850132,42.6005013
-5.5855568,42.6002938
-5.5856616,42.6002689
-5.5856636,42.6002455
-5.5856739,42.6002122
-5.5856883,42.6001929
-5.5857140,42.6001636
-5.5857454,42.6001434
-5.5857701,42.6001280
-5.5857995,42.6001173
-5.5858467,42.6001059
-5.5858841,42.6001034
-5.5859086,42.6001041
-5.5859408,42.6001100
-5.5860217,42.6000864
-5.5861240,42.6000499
-5.5861926,42.6000239
-5.5866426,42.5998605
-5.5868238,42.5997939
-5.5874169,42.5995748
-5.5875362,42.5995325
-5.5877252,42.5994655
-5.5877621,42.5994521
-5.5880308,42.5993542
-5.5882700,42.5992670
-5.5884253,42.5992104
-5.5884991,42.5991836
-5.5886947,42.5991123
-5.5888120,42.5990695
-5.5894300,42.5988444
-5.5899982,42.5986963
-5.5907971,42.5986546
-5.5909084,42.5986480
-5.5909525,42.5986454
-5.5919751,42.5985854
-5.5925612,42.5985547
-5.5926710,42.5985490
-5.5927146,42.5985466
-5.5928256,42.5985404
-5.5938446,42.5984856
-5.5939782,42.5984810
-5.5940335,42.5984778
-5.5944344,42.5984542
-5.5953527,42.5984086
-5.5961386,42.5983717
-5.5961775,42.5983693
-5.5962258,42.5983667
-5.5968901,42.5983317
-5.5972314,42.5983155
-5.5973676,42.5983098
-5.5975988,42.5982963
-5.5977241,42.5982889
-5.5977703,42.5982852
-5.5978628,42.5982790
-5.5980362,42.5982674
-5.5981524,42.5982680
-5.5981857,42.5982583
-5.5982327,42.5982495
-5.5982687,42.5982471
-5.5983065,42.5982494
-5.5983491,42.5982606
-5.5983886,42.5982794
-5.5984610,42.5982701
-5.5985266,42.5982593
-5.5986869,42.5982357
-5.5987112,42.5982329
-5.5987216,42.5982691
-5.5994698,42.5981645
-5.5994758,42.5981891
-5.5999497,42.5981238
-5.5999443,42.5981014
-5.6007473,42.5979850
-5.6009109,42.5979448
-5.6010819,42.5979000
-5.6011695,42.5979264
-5.6012253,42.5979754
-5.6012987,42.5979371
-5.6013783,42.5978815
-5.6014746,42.5978340
-5.6015715,42.5977933
-5.6016695,42.5977624
-5.6017692,42.5977369
-5.6019524,42.5976953
-5.6022695,42.5976072
-5.6024589,42.5975498
-5.6026160,42.5974934
-5.6027015,42.5974617
-5.6028904,42.5973952
-5.6032818,42.5972573
-5.6040367,42.5969983
-5.6041548,42.5969578
-5.6042754,42.5969164
-5.6050276,42.5966583
-5.6052633,42.5965774
-5.6056656,42.5964465
-5.6062426,42.5963711
-5.6063713,42.5963560
-5.6066982,42.5963179
-5.6071352,42.5962808
-5.6075255,42.5962388
-5.6078913,42.5962018
-5.6080079,42.5961900
-5.6081263,42.5961740
-5.6083174,42.5961482
-5.6086639,42.5961144
-5.6086521,42.5960698
-5.6086351,42.5960013
-5.6085839,42.5959760
-5.6086322,42.5959499
-5.6090040,42.5958191
-5.6093857,42.5956737
-5.6098194,42.5955106
-5.6103676,42.5952999
-5.6104822,42.5952529
-5.6108477,42.5951121
-5.6110591,42.5950307
-5.6112349,42.5949665
-5.6119624,42.5947006
-5.6119888,42.5946910
-5.6120151,42.5946813
-5.6120978,42.5945478
-5.6120302,42.5942849
-5.6120689,42.5942786
-5.6121170,42.5942708
-5.6122419,42.5942585
-5.6127339,42.5943333
-5.6129041,42.5943628
-5.6130174,42.5943824
-5.6131411,42.5943934
-5.6132475,42.5943784
-5.6133258,42.5943501
-5.6135337,42.5942259
-5.6135573,42.5942118
-5.6138172,42.5940679
-5.6139735,42.5939796
-5.6143378,42.5938073
-5.6148313,42.5935941
-5.6155991,42.5932820
-5.6165104,42.5929117
-5.6165514,42.5928952
-5.6173436,42.5925753
-5.6176072,42.5924481
-5.6177216,42.5923872
-5.6182170,42.5921411
-5.6182545,42.5921800
-5.6193305,42.5917568
-5.6204405,42.5913011
-5.6211609,42.5909688
-5.6212019,42.5909859
-5.6212244,42.5910120
-5.6212278,42.5910382
-5.6212039,42.5910648
-5.6212428,42.5910781
-5.6212681,42.5910890
-5.6214649,42.5908194
-5.6215620,42.5907704
-5.6247606,42.5892082
-5.6253200,42.5889372
-5.6259548,42.5886256
-5.6260670,42.5885572
-5.6261565,42.5884879
-5.6263505,42.5882994
-5.6264107,42.5882210
-5.6264567,42.5881425
-5.6265864,42.5878963
-5.6266580,42.5878043
-5.6267296,42.5877244
-5.6268155,42.5876510
-5.6271266,42.5874367
-5.6274411,42.5872309
-5.6280632,42.5868174
-5.6283693,42.5866557
-5.6286452,42.5865420
-5.6288121,42.5864768
-5.6288510,42.5864496
-5.6288775,42.5864199
-5.6289093,42.5863747
-5.6289269,42.5863296
-5.6289340,42.5862807
-5.6289215,42.5862318
-5.6288953,42.5861840
-5.6288833,42.5861522
-5.6288846,42.5860716
-5.6289393,42.5860173
-5.6290359,42.5859817
-5.6292496,42.5859171
-5.6293959,42.5858703
-5.6295422,42.5858590
-5.6296534,42.5858689
-5.6297622,42.5858974
-5.6298975,42.5859631
-5.6299298,42.5859306
-5.6299660,42.5858942
-5.6299150,42.5858589
-5.6298964,42.5857968
-5.6299080,42.5857398
-5.6299924,42.5856737
-5.6315135,42.5851285
-5.6316246,42.5850855
-5.6316960,42.5849547
-5.6317753,42.5848492
-5.6321539,42.5847108
-5.6329358,42.5844279
-5.6334122,42.5842555
-5.6340074,42.5840448
-5.6345081,42.5838584
-5.6351898,42.5835929
-5.6352197,42.5836220
-5.6352620,42.5836052
-5.6352909,42.5835936
-5.6352972,42.5835431
-5.6357981,42.5833303
-5.6365997,42.5828728
-5.6366429,42.5828419
-5.6366734,42.5828176
-5.6366847,42.5827874
-5.6367012,42.5827775
-5.6378604,42.5820801
-5.6380390,42.5819622
-5.6380771,42.5819568
-5.6381461,42.5819605
-5.6381763,42.5819365
-5.6382080,42.5819089
-5.6384178,42.5817713
-5.6384450,42.5817577
-5.6385099,42.5817252
-5.6385243,42.5816566
-5.6386036,42.5816102
-5.6391379,42.5812972
-5.6392002,42.5812607
-5.6392340,42.5812424
-5.6392897,42.5812122
-5.6392875,42.5811801
-5.6393050,42.5811701
-5.6400749,42.5807279
-5.6401001,42.5807121
-5.6401355,42.5806899
-5.6408712,42.5802004
-5.6408969,42.5802131
-5.6409192,42.5802004
-5.6409491,42.5801833
-5.6409229,42.5801487
-5.6417078,42.5796558
-5.6416653,42.5796212
-5.6415841,42.5795551
-5.6415480,42.5795258
-5.6416024,42.5794879
-5.6416153,42.5794789
-5.6416955,42.5794228
-5.6417218,42.5794045
-5.6418557,42.5793139
-5.6418770,42.5792815
-5.6419170,42.5792400
-5.6420019,42.5791647
-5.6424382,42.5788133
-5.6428112,42.5785632
-5.6428755,42.5785235
-5.6431560,42.5783619
-5.6431381,42.5783430
-5.6432201,42.5782991
-5.6435602,42.5781371
-5.6438466,42.5780186
-5.6440751,42.5779467
-5.6444528,42.5778433
-5.6447919,42.5777779
-5.6448579,42.5777652
-5.6449077,42.5777587
-5.6450540,42.5777367
-5.6451652,42.5777200
-5.6453433,42.5776947
-5.6453873,42.5776821
-5.6459688,42.5774206
-5.6460347,42.5774198
-5.6461061,42.5774190
-5.6462370,42.5774474
-5.6463454,42.5774988
-5.6464870,42.5775502
-5.6465449,42.5775541
-5.6475695,42.5773637
-5.6476875,42.5773218
-5.6478678,42.5772531
-5.6480148,42.5771630
-5.6480942,42.5771101
-5.6481886,42.5770185
-5.6483356,42.5769150
-5.6484922,42.5768502
-5.6486564,42.5768107
-5.6488119,42.5767965
-5.6490297,42.5768012
-5.6492250,42.5767980
-5.6493537,42.5767878
-5.6494996,42.5767372
-5.6497078,42.5766329
-5.6498355,42.5765531
-5.6499309,42.5764978
-5.6499631,42.5763137
-5.6500123,42.5763159
-5.6500736,42.5763185
-5.6500769,42.5765302
-5.6501026,42.5765436
-5.6503301,42.5765350
-5.6512238,42.5760878
-5.6519136,42.5757402
-5.6526657,42.5753609
-5.6527569,42.5753033
-5.6528267,42.5752306
-5.6528524,42.5751855
-5.6529000,42.5751985
-5.6530393,42.5752365
-5.6534123,42.5750263
-5.6536574,42.5748987
-5.6538956,42.5747505
-5.6540979,42.5746113
-5.6544867,42.5744064
-5.6548127,42.5743052
-5.6551434,42.5741805
-5.6554743,42.5740675
-5.6559656,42.5739362
-5.6565119,42.5738101
-5.6566748,42.5737576
-5.6567956,42.5736867
-5.6569375,42.5735606
-5.6571541,42.5734527
-5.6573289,42.5734030
-5.6575263,42.5733400
-5.6576467,42.5732795
-5.6578096,42.5732191
-5.6580407,42.5730904
-5.6582272,42.5729538
-5.6583507,42.5728303
-5.6584058,42.5726937
-5.6584137,42.5725361
-5.6585135,42.5713908
-5.6585083,42.5713015
-5.6584636,42.5711965
-5.6583822,42.5710835
-5.6582706,42.5710090
-5.6581595,42.5709893
-5.6579895,42.5709763
-5.6578779,42.5709364
-5.6578509,42.5709233
-5.6577859,42.5708918
-5.6577360,42.5708287
-5.6577308,42.5707525
-5.6577807,42.5706842
-5.6578411,42.5706186
-5.6583244,42.5702088
-5.6583743,42.5701615
-5.6585109,42.5702666
-5.6587526,42.5703927
-5.6590126,42.5705319
-5.6591781,42.5707026
-5.6594487,42.5708944
-5.6597061,42.5710336
-5.6602998,42.5714066
-5.6605230,42.5715800
-5.6606912,42.5717691
-5.6608199,42.5718978
-5.6610169,42.5719976
-5.6613951,42.5721736
-5.6615239,42.5722209
-5.6616499,42.5722157
-5.6617629,42.5721526
-5.6618916,42.5720580
-5.6621254,42.5719661
-5.6623749,42.5719083
-5.6629580,42.5718388
-5.6632580,42.5717809
-5.6636382,42.5717697
-5.6642767,42.5716772
-5.6656558,42.5715090
-5.6658376,42.5715013
-5.6662311,42.5714985
-5.6665883,42.5715143
-5.6669751,42.5715212
-5.6674420,42.5715064
-5.6679851,42.5714704
-5.6682532,42.5714392
-5.6683112,42.5715528
-5.6687922,42.5714933
-5.6688455,42.5714899
-5.6691932,42.5714675
-5.6698806,42.5714788
-5.6709672,42.5714880
-5.6734968,42.5714828
-5.6744145,42.5714993
-5.6748984,42.5713413
-5.6755003,42.5711798
-5.6759536,42.5710687
-5.6775764,42.5706146
-5.6786426,42.5703239
-5.6786948,42.5703383
-5.6811742,42.5696422
-5.6816181,42.5694857
-5.6825892,42.5690736
-5.6833087,42.5687683
-5.6837008,42.5685987
-5.6839940,42.5684775
-5.6847821,42.5681428
-5.6851609,42.5679819
-5.6861627,42.5675523
-5.6862140,42.5675167
-5.6870532,42.5671460
-5.6872264,42.5670370
-5.6875009,42.5669002
-5.6877427,42.5667721
-5.6879561,42.5666576
-5.6884071,42.5664356
-5.6898380,42.5656533
-5.6904258,42.5653297
-5.6909226,42.5650699
-5.6918345,42.5646070
-5.6919090,42.5645719
-5.6920128,42.5645496
-5.6942637,42.5633381
-5.6965799,42.5621281
-5.6972460,42.5617923
-5.6975047,42.5616315
-5.7003739,42.5601083
-5.7006089,42.5599769
-5.7007709,42.5598350
-5.7008262,42.5597627
-5.7008677,42.5596848
-5.7008805,42.5596023
-5.7009102,42.5595923
-5.7009827,42.5595681
-5.7010108,42.5595587
-5.7010740,42.5596005
-5.7011596,42.5596164
-5.7012550,42.5595989
-5.7027198,42.5588274
-5.7030890,42.5585232
-5.7033207,42.5583358
-5.7034947,42.5582135
-5.7041809,42.5578025
-5.7047251,42.5575007
-5.7051442,42.5572974
-5.7054308,42.5571363
-5.7057378,42.5569250
-5.7058105,42.5568817
-5.7058221,42.5569609
-5.7057970,42.5570220
-5.7057588,42.5571118
-5.7057889,42.5571507
-5.7058814,42.5571203
-5.7063905,42.5568608
-5.7069576,42.5565930
-5.7075236,42.5563260
-5.7085393,42.5558647
-5.7093711,42.5554949
-5.7101520,42.5551358
-5.7128047,42.5539509
-5.7143572,42.5532454
-5.7144322,42.5531884
-5.7144533,42.5531446
-5.7145185,42.5531010
-5.7155702,42.5526507
-5.7157745,42.5525826
-5.7163484,42.5523091
-5.7168801,42.5520789
-5.7176155,42.5517395
-5.7188456,42.5511767
-5.7196702,42.5507141
-5.7201686,42.5504765
-5.7203445,42.5504220
-5.7203707,42.5503750
-5.7219631,42.5492558
-5.7220614,42.5491571
-5.7221702,42.5489844
-5.7222021,42.5489337
-5.7223934,42.5487564
-5.7226483,42.5485335
-5.7228745,42.5483889
-5.7231704,42.5482092
-5.7235984,42.5479766
-5.7239435,42.5477596
-5.7245808,42.5473082
-5.7255028,42.5466342
-5.7256685,42.5465141
-5.7258479,42.5463885
-5.7271371,42.5454540
-5.7275799,42.5451170
-5.7284645,42.5444678
-5.7294001,42.5437931
-5.7312598,42.5424479
-5.7314931,42.5422822
-5.7323654,42.5417129
-5.7328428,42.5413710
-5.7330751,42.5411689
-5.7331673,42.5411144
-5.7341354,42.5402285
-5.7343634,42.5400489
-5.7349559,42.5396584
-5.7350888,42.5396066
-5.7356774,42.5393770
-5.7364787,42.5389302
-5.7365939,42.5388699
-5.7368640,42.5386826
-5.7370407,42.5385057
-5.7373398,42.5382292
-5.7375445,42.5380805
-5.7390336,42.5370630
-5.7400230,42.5363648
-5.7404761,42.5360271
-5.7407920,42.5358113
-5.7418037,42.5351948
-5.7431493,42.5342273
-5.7439166,42.5336766
-5.7439796,42.5336028
-5.7440295,42.5335488
-5.7449559,42.5328586
-5.7452612,42.5326068
-5.7462262,42.5318194
-5.7467853,42.5313917
-5.7495324,42.5295774
-5.7509285,42.5284971
-5.7511393,42.5282564
-5.7521783,42.5276947
-5.7533191,42.5268563
-5.7535444,42.5266534
-5.7535918,42.5266107
-5.7536327,42.5265853
-5.7543063,42.5261665
-5.7559581,42.5250011
-5.7560028,42.5249515
-5.7560734,42.5248733
-5.7562010,42.5247714
-5.7563682,42.5246549
-5.7566191,42.5244968
-5.7578595,42.5237153
-5.7580359,42.5235817
-5.7589537,42.5229376
-5.7603180,42.5219801
-5.7608694,42.5215962
-5.7613791,42.5212382
-5.7616493,42.5210698
-5.7624376,42.5207324
-5.7630018,42.5205184
-5.7632989,42.5204271
-5.7635834,42.5203363
-5.7638657,42.5202078
-5.7640944,42.5200796
-5.7641790,42.5200159
-5.7643023,42.5199094
-5.7646572,42.5195303
-5.7647722,42.5194030
-5.7648771,42.5192645
-5.7650688,42.5188928
-5.7652500,42.5185500
-5.7653269,42.5183714
-5.7653744,42.5183850
-5.7654006,42.5183926
-5.7654327,42.5184018
-5.7655821,42.5184306
-5.7666270,42.5177478
-5.7671204,42.5174114
-5.7675356,42.5170716
-5.7676165,42.5170111
-5.7677912,42.5168803
-5.7683673,42.5165009
-5.7687407,42.5163276
-5.7689564,42.5162484
-5.7691951,42.5162005
-5.7693726,42.5161878
-5.7695629,42.5161864
-5.7703579,42.5160554
-5.7704564,42.5159809
-5.7704745,42.5159634
-5.7705362,42.5159317
-5.7707481,42.5159166
-5.7708178,42.5158980
-5.7709718,42.5158078
-5.7719146,42.5152372
-5.7730253,42.5145877
-5.7732668,42.5144663
-5.7738608,42.5141515
-5.7739565,42.5140920
-5.7740078,42.5140420
-5.7740177,42.5139851
-5.7740028,42.5139386
-5.7738226,42.5136916
-5.7737943,42.5136540
-5.7737666,42.5136196
-5.7736835,42.5135393
-5.7735684,42.5134759
-5.7765249,42.5124784
-5.7770161,42.5123075
-5.7772348,42.5122096
-5.7775402,42.5120554
-5.7785379,42.5115217
-5.7799801,42.5107373
-5.7843854,42.5083529
-5.7871983,42.5068245
-5.7877261,42.5065401
-5.7890043,42.5058597
-5.7910321,42.5047527
-5.7949909,42.5026126
-5.7963244,42.5018888
-5.7977967,42.5011052
-5.7984233,42.5007650
-5.8018679,42.4989055
-5.8031541,42.4982085
-5.8037930,42.4978439
-5.8043890,42.4975268
-5.8080360,42.4953080
-5.8082113,42.4952869
-5.8083221,42.4952238
-5.8088455,42.4948907
-5.8090151,42.4947872
-5.8091482,42.4947059
-5.8101949,42.4940670
-5.8102359,42.4940473
-5.8103130,42.4940103
-5.8116941,42.4933470
-5.8126638,42.4928813
-5.8127312,42.4928490
-5.8127969,42.4928176
-5.8131836,42.4926326
-5.8133594,42.4925475
-5.8135266,42.4926915
-5.8136661,42.4928040
-5.8137466,42.4928561
-5.8138360,42.4927882
-5.8140068,42.4926981
-5.8149084,42.4922624
-5.8153753,42.4920158
-5.8157233,42.4918040
-5.8158685,42.4916788
-5.8159868,42.4914673
-5.8160175,42.4914129
-5.8160504,42.4913810
-5.8162704,42.4912488
-5.8165232,42.4911308
-5.8169008,42.4909353
-5.8180148,42.4903439
-5.8190524,42.4897891
-5.8204498,42.4890449
-5.8232816,42.4875323
-5.8235649,42.4873675
-5.8238190,42.4872443
-5.8254383,42.4863764
-5.8254827,42.4863524
-5.8255246,42.4863376
-5.8255972,42.4863318
-5.8256753,42.4863390
-5.8257194,42.4863476
-5.8258189,42.4863472
-5.8258665,42.4863285
-5.8259675,42.4862888
-5.8260190,42.4862548
-5.8262485,42.4861107
-5.8263335,42.4860655
-5.8267078,42.4859230
-5.8269914,42.4858199
-5.8272020,42.4857504
-5.8274686,42.4856768
-5.8280049,42.4855334
-5.8281909,42.4854982
-5.8283941,42.4854207
-5.8290781,42.4852763
-5.8292933,42.4852329
-5.8290673,42.4846968
-5.8290569,42.4846391
-5.8290294,42.4845708
-5.8289963,42.4845372
-5.8289646,42.4844944
-5.8315940,42.4830827
-5.8326854,42.4825258
-5.8341983,42.4816927
-5.8355732,42.4809551
-5.8357219,42.4809029
-5.8357763,42.4808658
-5.8357890,42.4808320
-5.8360478,42.4807338
-5.8362825,42.4806344
-5.8363036,42.4805887
-5.8363768,42.4805422
-5.8428968,42.4770393
-5.8435881,42.4766959
-5.8445627,42.4761760
-5.8451312,42.4758645
-5.8490582,42.4737528
-5.8491311,42.4737268
-5.8492080,42.4736802
-5.8494163,42.4735452
-5.8534682,42.4713786
-5.8564759,42.4697645
-5.8584181,42.4687180
-5.8621148,42.4667476
-5.8628041,42.4663490
-5.8649027,42.4652455
-5.8658102,42.4647484
-5.8660769,42.4646207
-5.8661620,42.4645826
-5.8662339,42.4645664
-5.8663040,42.4645628
-5.8668463,42.4646644
-5.8670474,42.4646918
-5.8673075,42.4647146
-5.8675356,42.4647001
-5.8686900,42.4645497
-5.8695944,42.4644326
-5.8723823,42.4640909
-5.8725430,42.4640318
-5.8726310,42.4640406
-5.8728910,42.4639998
-5.8730717,42.4639723
-5.8731900,42.4639625
-5.8738530,42.4639148
-5.8744771,42.4639209
-5.8751908,42.4639049
-5.8762581,42.4639280
-5.8769236,42.4639237
-5.8774078,42.4639265
-5.8775395,42.4639299
-5.8778680,42.4639577
-5.8783233,42.4639928
-5.8785869,42.4640220
-5.8788438,42.4640401
-5.8793068,42.4640416
-5.8801197,42.4639369
-5.8811451,42.4637559
-5.8813689,42.4637142
-5.8815965,42.4636701
-5.8817424,42.4636419
-5.8819205,42.4636206
-5.8819441,42.4636148
-5.8819716,42.4636081
-5.8820185,42.4635989
-5.8825788,42.4635505
-5.8830061,42.4635434
-5.8835416,42.4635323
-5.8844973,42.4634618
-5.8850146,42.4634268
-5.8852157,42.4634065
-5.8854547,42.4633506
-5.8857085,42.4633218
-5.8863629,42.4633135
-5.8865385,42.4633090
-5.8868138,42.4632833
-5.8871056,42.4632384
-5.8873297,42.4631897
-5.8880626,42.4630045
-5.8893513,42.4626362
-5.8897878,42.4625403
-5.8903298,42.4624057
-5.8909397,42.4622333
-5.8925732,42.4617906
-5.8927990,42.4617035
-5.8931198,42.4615519
-5.8937182,42.4612306
-5.8940383,42.4610442
-5.8942282,42.4609310
-5.8945107,42.4607804
-5.8958813,42.4599907
-5.8967372,42.4594785
-5.8969213,42.4593290
-5.8972861,42.4589727
-5.8976511,42.4585425
-5.8977687,42.4584159
-5.8979616,42.4582411
-5.8981589,42.4580661
-5.8983694,42.4579046
-5.8988951,42.4575693
-5.8990243,42.4574927
-5.8994203,42.4572149
-5.8995853,42.4570466
-5.8996920,42.4568771
-5.8998481,42.4566236
-5.8999979,42.4564660
-5.9005111,42.4560186
-5.9008361,42.4557389
-5.9010885,42.4555724
-5.9012607,42.4554877
-5.9013527,42.4554704
-5.9019899,42.4553683
-5.9021680,42.4553379
-5.9025059,42.4552727
-5.9033982,42.4551142
-5.9035697,42.4551000
-5.9036424,42.4550565
-5.9038202,42.4550075
-5.9181100,42.4524697
-5.9197395,42.4522069
-5.9200031,42.4522049
-5.9202570,42.4522884
-5.9203426,42.4523373
-5.9203950,42.4523139
-5.9205677,42.4523654
-5.9209415,42.4523093
-5.9210500,42.4522850
-5.9211541,42.4522436
-5.9212332,42.4522007
-5.9215019,42.4520216
-5.9216379,42.4519330
-5.9217571,42.4518553
-5.9219755,42.4517879
-5.9224793,42.4516995
-5.9249646,42.4512628
-5.9259172,42.4511024
-5.9274340,42.4508470
-5.9280880,42.4507369
-5.9282990,42.4507158
-5.9285133,42.4506789
-5.9289317,42.4506057
-5.9295888,42.4504790
-5.9301575,42.4503583
-5.9304579,42.4502732
-5.9307663,42.4501841
-5.9310605,42.4500951
-5.9311861,42.4500942
-5.9312571,42.4500535
-5.9325587,42.4498148
-5.9325772,42.4498555
-5.9326617,42.4498843
-5.9327903,42.4498720
-5.9329093,42.4498607
-5.9333067,42.4497719
-5.9349099,42.4494048
-5.9366642,42.4489949
-5.9373920,42.4488079
-5.9379336,42.4486385
-5.9387565,42.4483812
-5.9406441,42.4478586
-5.9411118,42.4477281
-5.9410917,42.4476780
-5.9419610,42.4474534
-5.9420206,42.4474465
-5.9423991,42.4473584
-5.9428486,42.4472446
-5.9429538,42.4472229
-5.9429432,42.4472037
-5.9429157,42.4471538
-5.9428892,42.4471057
-5.9428792,42.4470876
-5.9429576,42.4470623
-5.9430762,42.4470071
-5.9431640,42.4469492
-5.9432357,42.4468917
-5.9432934,42.4468508
-5.9433543,42.4468301
-5.9435696,42.4467784
-5.9436539,42.4467582
-5.9437610,42.4467826
-5.9443742,42.4465943
-5.9455407,42.4463405
-5.9458713,42.4463177
-5.9461017,42.4463156
-5.9473314,42.4464006
-5.9491990,42.4465152
-5.9512038,42.4466547
-5.9523995,42.4467549
-5.9546527,42.4468911
-5.9560221,42.4468907
-5.9568001,42.4470057
-5.9577947,42.4470598
-5.9600510,42.4471681
-5.9655416,42.4474560
-5.9663941,42.4475109
-5.9675577,42.4475859
-5.9698851,42.4476725
-5.9711976,42.4477293
-5.9730216,42.4478159
-5.9742205,42.4478890
-5.9761960,42.4479810
-5.9773326,42.4480498
-5.9785883,42.4481039
-5.9796573,42.4481553
-5.9807181,42.4481878
-5.9810699,42.4483150
-5.9817817,42.4486857
-5.9830945,42.4494924
-5.9830055,42.4495693
-5.9829277,42.4496528
-5.9831869,42.4498310
-5.9841483,42.4504550
-5.9846841,42.4508141
-5.9847812,42.4509079
-5.9848702,42.4510096
-5.9849076,42.4510804
-5.9849450,42.4511799
-5.9849534,42.4512533
-5.9849603,42.4513325
-5.9849726,42.4513959
-5.9849819,42.4514281
-5.9850127,42.4514484
-5.9851417,42.4514581
-5.9852102,42.4514622
-5.9853858,42.4514596
-5.9854805,42.4514616
-5.9855371,42.4514627
-5.9855938,42.4514694
-5.9856871,42.4514855
-5.9857615,42.4515061
-5.9858459,42.4515420
-5.9859431,42.4515935
-5.9860588,42.4516618
-5.9866398,42.4520067
-5.9868150,42.4521044
-5.9870623,42.4522372
-5.9873099,42.4523746
-5.9874103,42.4524319
-5.9875044,42.4524869
-5.9876156,42.4525332
-5.9877130,42.4525681
-5.9878784,42.4526141
-5.9883690,42.4528855
-5.9889627,42.4532236
-5.9896662,42.4534093
-5.9903568,42.4535236
-5.9910668,42.4535284
-5.9919897,42.4533712
-5.9926972,42.4532930
-5.9929631,42.4533387
-5.9932000,42.4533532
-5.9938316,42.4533490
-5.9943884,42.4533449
-5.9945647,42.4533428
-5.9949639,42.4533176
-5.9956554,42.4533393
-5.9964274,42.4534363
-5.9969521,42.4535061
-5.9978267,42.4536383
-5.9985762,42.4537232
-5.9990908,42.4537845
-5.9998767,42.4538751
-5.9999505,42.4538840
-6.0006735,42.4539764
-6.0008584,42.4540185
-6.0009755,42.4540622
-6.0014444,42.4542295
-6.0015131,42.4542513
-6.0015799,42.4542656
-6.0016498,42.4542771
-6.0017163,42.4542861
-6.0018011,42.4542957
-6.0019863,42.4542975
-6.0020589,42.4543013
-6.0031279,42.4545339
-6.0032433,42.4545453
-6.0033534,42.4545488
-6.0038730,42.4545168
-6.0046809,42.4544383
-6.0056481,42.4543292
-6.0059594,42.4542972
-6.0060812,42.4542946
-6.0061183,42.4543076
-6.0062236,42.4543262
-6.0063372,42.4543392
-6.0074157,42.4543562
-6.0074218,42.4543337
-6.0074325,42.4542942
-6.0075602,42.4542991
-6.0079473,42.4543160
-6.0083750,42.4543134
-6.0086545,42.4543101
-6.0101848,42.4542830
-6.0102836,42.4542812
-6.0106279,42.4542756
-6.0110769,42.4542672
-6.0117685,42.4542553
-6.0119335,42.4542547
-6.0126786,42.4542332
-6.0135558,42.4541983
-6.0145124,42.4541856
-6.0146378,42.4541852
-6.0148040,42.4541862
-6.0148709,42.4541889
-6.0149685,42.4541929
-6.0155506,42.4542718
-6.0156896,42.4542907
-6.0157802,42.4543043
-6.0158314,42.4543090
-6.0160878,42.4543326
-6.0166556,42.4543482
-6.0167124,42.4543498
-6.0170940,42.4543498
-6.0171363,42.4543498
-6.0173107,42.4543490
-6.0175415,42.4543591
-6.0177324,42.4543669
-6.0180672,42.4543845
-6.0193981,42.4544604
-6.0203199,42.4545130
-6.0213124,42.4545619
-6.0213115,42.4546045
-6.0214631,42.4546107
-6.0218503,42.4546331
-6.0220714,42.4546432
-6.0222472,42.4546512
-6.0223476,42.4546550
-6.0224527,42.4546486
-6.0225862,42.4546274
-6.0226934,42.4545972
-6.0227878,42.4545468
-6.0228853,42.4544805
-6.0229959,42.4543853
-6.0230117,42.4543779
-6.0235297,42.4539114
-6.0235554,42.4538961
-6.0236018,42.4538766
-6.0236562,42.4538604
-6.0237413,42.4538448
-6.0238414,42.4538357
-6.0241273,42.4538407
-6.0246838,42.4538626
-6.0251420,42.4538859
-6.0253945,42.4538950
-6.0255091,42.4539004
-6.0255387,42.4542379
-6.0255621,42.4542685
-6.0255956,42.4542915
-6.0256912,42.4543163
-6.0258948,42.4543284
-6.0262290,42.4543339
-6.0263867,42.4543399
-6.0267260,42.4543609
-6.0269715,42.4543761
-6.0283845,42.4544773
-6.0296044,42.4545379
-6.0305208,42.4545835
-6.0311291,42.4546149
-6.0323337,42.4546792
-6.0327068,42.4546811
-6.0333028,42.4547140
-6.0337046,42.4547440
-6.0346657,42.4548560
-6.0361094,42.4550263
-6.0366389,42.4550919
-6.0370589,42.4551512
-6.0375440,42.4552331
-6.0389355,42.4554282
-6.0407834,42.4556762
-6.0411462,42.4557257
-6.0422013,42.4558721
-6.0425636,42.4559163
-6.0426341,42.4559185
-6.0426653,42.4559164
-6.0431817,42.4558005
-6.0432686,42.4557861
-6.0433954,42.4557663
-6.0434282,42.4557664
-6.0434774,42.4557740
-6.0435625,42.4557946
-6.0438517,42.4558962
-6.0439326,42.4559262
-6.0439456,42.4558750
-6.0441617,42.4555665
-6.0443662,42.4553587
-6.0443937,42.4553078
-6.0444131,42.4552530
-6.0444268,42.4551817
-6.0444264,42.4551053
-6.0444127,42.4549477
-6.0443924,42.4547147
-6.0444497,42.4547173
-6.0446520,42.4547178
-6.0446480,42.4546671
-6.0446460,42.4546422
-6.0446482,42.4546207
-6.0444556,42.4544348
-6.0444141,42.4544578
-6.0446048,42.4546442
-6.0446419,42.4546220
-6.0444555,42.4544446
-6.0444267,42.4544612
-6.0446061,42.4546356
-6.0446309,42.4546210
-6.0445416,42.4545373
-6.0447127,42.4544395
-6.0446269,42.4543630
-6.0446484,42.4543504
-6.0449141,42.4545901
-6.0448863,42.4546046
-6.0446132,42.4543607
-6.0446468,42.4543410
-6.0449239,42.4545897
-6.0449639,42.4546240
-6.0450160,42.4546486
-6.0450759,42.4546678
-6.0451269,42.4546828
-6.0452810,42.4546897
-6.0465968,42.4547478
-6.0466630,42.4547507
-6.0469726,42.4547155
-6.0472084,42.4547222
-6.0475426,42.4547878
-6.0475449,42.4547517
-6.0477062,42.4547566
-6.0477933,42.4547398
-6.0478456,42.4546972
-6.0478403,42.4546171
-6.0478041,42.4545429
-6.0476968,42.4544518
-6.0477650,42.4543791
-6.0478175,42.4543241
-6.0478870,42.4543375
-6.0479583,42.4543430
-6.0480977,42.4543327
-6.0481759,42.4543292
-6.0482364,42.4543231
-6.0483120,42.4542862
-6.0483975,42.4542320
-6.0484096,42.4542225
-6.0484140,42.4542115
-6.0484290,42.4542005
-6.0484704,42.4541695
-6.0484699,42.4541454
-6.0484490,42.4541299
-6.0484813,42.4540995
-6.0485180,42.4540651
-6.0485667,42.4540812
-6.0486180,42.4540469
-6.0487359,42.4539732
-6.0488573,42.4539008
-6.0490004,42.4538356
-6.0491579,42.4537732
-6.0494147,42.4536987
-6.0497624,42.4536081
-6.0502936,42.4534692
-6.0502398,42.4533182
-6.0502014,42.4531490
-6.0501725,42.4530609
-6.0501408,42.4529224
-6.0501962,42.4529012
-6.0501893,42.4527936
-6.0502364,42.4527950
-6.0502622,42.4527952
-6.0502662,42.4527902
-6.0503159,42.4527875
-6.0503323,42.4528282
-6.0503717,42.4528988
-6.0504964,42.4530438
-6.0505831,42.4531263
-6.0506259,42.4531525
-6.0506916,42.4531703
-6.0507581,42.4531739
-6.0508055,42.4531720
-6.0508498,42.4531632
-6.0512916,42.4530472
-6.0513319,42.4530473
-6.0513612,42.4530519
-6.0513761,42.4530543
-6.0514546,42.4530903
-6.0514844,42.4532007
-6.0515955,42.4533047
-6.0516024,42.4533112
-6.0517256,42.4534283
-6.0518245,42.4535748
-6.0518425,42.4535916
-6.0519806,42.4537199
-6.0523955,42.4540929
-6.0524653,42.4540898
-6.0524879,42.4540934
-6.0525147,42.4540943
-6.0525687,42.4540962
-6.0526640,42.4541824
-6.0526852,42.4541949
-6.0527003,42.4541994
-6.0527233,42.4541984
-6.0528628,42.4543856
-6.0529608,42.4546222
-6.0530743,42.4548865
-6.0534386,42.4547781
-6.0537143,42.4551791
-6.0538346,42.4553858
-6.0539490,42.4555712
-6.0540646,42.4557235
-6.0543141,42.4561159
-6.0544291,42.4561940
-6.0545357,42.4562376
-6.0546422,42.4562728
-6.0547619,42.4562990
-6.0549307,42.4563237
-6.0550886,42.4563228
-6.0552221,42.4563112
-6.0554583,42.4564084
-6.0555760,42.4564971
-6.0557489,42.4566886
-6.0558393,42.4568067
-6.0556181,42.4570707
-6.0555479,42.4571970
-6.0555422,42.4572321
-6.0553367,42.4572623
-6.0554366,42.4572999
-6.0555202,42.4573313
-6.0557445,42.4573426
-6.0564306,42.4574343
-6.0565108,42.4574185
-6.0565443,42.4574119
-6.0567657,42.4575384
-6.0567771,42.4575359
-6.0568111,42.4575086
-6.0569196,42.4574216
-6.0569722,42.4574182
-6.0570494,42.4574654
-6.0571333,42.4575202
-6.0572454,42.4575886
-6.0573534,42.4576538
-6.0574402,42.4577056
-6.0574858,42.4576590
-6.0576265,42.4575305
-6.0575980,42.4575117
-6.0575868,42.4574952
-6.0575878,42.4574660
-6.0575723,42.4574499
-6.0578842,42.4572830
-6.0581972,42.4571280
-6.0589276,42.4567830
-6.0590380,42.4568472
-6.0593211,42.4569808
-6.0594335,42.4570338
-6.0595216,42.4570879
-6.0598369,42.4572816
-6.0601302,42.4574669
-6.0610457,42.4580832
-6.0612407,42.4582129
-6.0614172,42.4583412
-6.0618913,42.4586192
-6.0622983,42.4588442
-6.0624231,42.4588939
-6.0625039,42.4589110
-6.0629378,42.4589359
-6.0630583,42.4589376
-6.0631227,42.4589294
-6.0631702,42.4589178
-6.0633726,42.4588758
-6.0634742,42.4588379
-6.0636320,42.4587997
-6.0637700,42.4588004
-6.0645778,42.4586300
-6.0646535,42.4586108
-6.0647607,42.4585954
-6.0649656,42.4585788
-6.0657999,42.4585852
-6.0660850,42.4585909
-6.0662705,42.4585945
-6.0665463,42.4585999
-6.0681047,42.4586405
-6.0681458,42.4586444
-6.0684516,42.4586719
-6.0687396,42.4587034
-6.0690594,42.4587404
-6.0693381,42.4587726
-6.0699733,42.4588476
-6.0703396,42.4588922
-6.0712554,42.4590056
-6.0717768,42.4590928
-6.0725846,42.4592375
-6.0731625,42.4593326
-6.0733610,42.4593475
-6.0735448,42.4593506
-6.0737329,42.4593467
-6.0739276,42.4593319
-6.0745840,42.4592758
-6.0749728,42.4592352
-6.0755886,42.4591750
-6.0760528,42.4591399
-6.0765267,42.4591256
-6.0765585,42.4591241
-6.0805933,42.4592279
-6.0807240,42.4592357
-6.0809156,42.4592493
-6.0809789,42.4592543
-6.0809742,42.4593028
-6.0810442,42.4593093
-6.0813122,42.4593536
-6.0824987,42.4596003
-6.0839218,42.4598947
-6.0846452,42.4600397
-6.0867511,42.4604870
-6.0869523,42.4605495
-6.0870247,42.4606032
-6.0871445,42.4606421
-6.0892491,42.4610911
-6.0913612,42.4615409
-6.0914133,42.4615514
-6.0922265,42.4616244
-6.0931948,42.4616621
-6.0945765,42.4617100
-6.0957265,42.4617500
-6.0962921,42.4617345
-6.0963315,42.4617280
-6.0963686,42.4617042
-6.0964509,42.4615265
-6.0964769,42.4614804
-6.0968038,42.4613339
-6.0969847,42.4612469
-6.0970864,42.4612008
-6.0973528,42.4610732
-6.0976350,42.4609326
-6.0978954,42.4608085
-6.0979569,42.4607777
-6.0980450,42.4606932
-6.0981028,42.4606572
-6.0981655,42.4606181
-6.0983878,42.4605150
-6.0987137,42.4604403
-6.0988616,42.4604202
-6.0990185,42.4604100
-6.0991632,42.4604104
-6.0993580,42.4604034
-6.0994194,42.4604696
-6.1004251,42.4604249
-6.1015279,42.4603759
-6.1017583,42.4603674
-6.1020320,42.4603532
-6.1020695,42.4603018
-6.1021903,42.4602642
-6.1022953,42.4602439
-6.1028412,42.4601382
-6.1032773,42.4600494
-6.1037151,42.4599289
-6.1048488,42.4596541
-6.1048852,42.4596486
-6.1051993,42.4595952
-6.1056971,42.4594911
-6.1063119,42.4593634
-6.1074126,42.4591859
-6.1077581,42.4591290
-6.1097637,42.4587939
-6.1108327,42.4586084
-6.1128761,42.4582614
-6.1159653,42.4577447
-6.1180473,42.4573881
-6.1189141,42.4572446
-6.1197689,42.4570691
-6.1219719,42.4565827
-6.1243947,42.4560406
-6.1267996,42.4554990
-6.1276245,42.4553867
-6.1299138,42.4551183
-6.1314710,42.4549328
-6.1319786,42.4548742
-6.1323594,42.4548742
-6.1334870,42.4548791
-6.1348190,42.4549005
-6.1349207,42.4548766
-6.1349898,42.4548707
-6.1350217,42.4548676
-6.1350658,42.4548675
-6.1351397,42.4548732
-6.1353136,42.4549115
-6.1353865,42.4549237
-6.1356141,42.4549395
-6.1358157,42.4549521
-6.1359047,42.4549553
-6.1359822,42.4549589
-6.1372160,42.4549528
-6.1388110,42.4549694
-6.1412106,42.4549899
-6.1421924,42.4549920
-6.1425062,42.4549816
-6.1447592,42.4548194
-6.1450354,42.4548183
-6.1451648,42.4548299
-6.1452922,42.4548460
-6.1470335,42.4551931
-6.1474680,42.4552800
-6.1476001,42.4553012
-6.1478941,42.4553341
-6.1481902,42.4553565
-6.1487501,42.4553919
-6.1489664,42.4554007
-6.1491954,42.4554042
-6.1494263,42.4553987
-6.1503081,42.4553381
-6.1508443,42.4553060
-6.1512481,42.4552963
-6.1527290,42.4552850
-6.1528833,42.4552820
-6.1529941,42.4552799
-6.1534937,42.4552752
-6.1540238,42.4552600
-6.1545601,42.4552379
-6.1557140,42.4551643
-6.1558222,42.4551511
-6.1559246,42.4551308
-6.1561283,42.4550475
-6.1561915,42.4550422
-6.1563096,42.4550398
-6.1570689,42.4550620
-6.1576151,42.4550850
-6.1576811,42.4550910
-6.1578285,42.4551150
-6.1580353,42.4551370
-6.1583689,42.4551732
-6.1586205,42.4552151
-6.1591751,42.4552909
-6.1599279,42.4554173
-6.1601386,42.4554297
-6.1606384,42.4554647
-6.1608376,42.4554876
-6.1611603,42.4555264
-6.1614534,42.4555608
-6.1618356,42.4555679
-6.1621596,42.4555546
-6.1623921,42.4555355
-6.1632629,42.4557027
-6.1656287,42.4561578
-6.1656449,42.4562188
-6.1656710,42.4562580
-6.1661902,42.4563682
-6.1680982,42.4567435
-6.1706201,42.4572319
-6.1717982,42.4574611
-6.1760854,42.4582884
-6.1793582,42.4588120
-6.1809264,42.4590556
-6.1817320,42.4591739
-6.1825293,42.4593009
-6.1831880,42.4594118
-6.1833255,42.4594419
-6.1834630,42.4594764
-6.1836676,42.4595517
-6.1839800,42.4596736
-6.1845151,42.4598835
-6.1847247,42.4599463
-6.1849836,42.4600100
-6.1852509,42.4600532
-6.1858945,42.4601418
-6.1866947,42.4602626
-6.1875428,42.4603779
-6.1879978,42.4604413
-6.1886865,42.4605462
-6.1891902,42.4606152
-6.1900492,42.4607434
-6.1901456,42.4607614
-6.1912340,42.4609330
-6.1921933,42.4610680
-6.1923834,42.4610868
-6.1932777,42.4611203
-6.1949511,42.4611045
-6.1980309,42.4610597
-6.1983293,42.4610594
-6.1985585,42.4610684
-6.1987011,42.4610822
-6.1989707,42.4611199
-6.1995493,42.4612537
-6.1998417,42.4613207
-6.2000324,42.4613583
-6.2002445,42.4613939
-6.2003531,42.4614083
-6.2004677,42.4614205
-6.2005822,42.4614274
-6.2007111,42.4614303
-6.2011468,42.4614383
-6.2013670,42.4614483
-6.2015899,42.4614788
-6.2020994,42.4615767
-6.2027011,42.4617034
-6.2027787,42.4617047
-6.2028351,42.4616912
-6.2028907,42.4616687
-6.2029051,42.4616316
-6.2043223,42.4619399
-6.2050387,42.4623979
-6.2052148,42.4624770
-6.2053809,42.4625635
-6.2054573,42.4625966
-6.2055358,42.4626253
-6.2057019,42.4626727
-6.2060506,42.4627762
-6.2061242,42.4627902
-6.2061988,42.4627998
-6.2063591,42.4627952
-6.2067049,42.4627431
-6.2068507,42.4627602
-6.2069208,42.4627728
-6.2070827,42.4628098
-6.2073118,42.4629232
-6.2074345,42.4629657
-6.2075653,42.4630022
-6.2076492,42.4630165
-6.2077332,42.4630263
-6.2079163,42.4630332
-6.2080740,42.4630278
-6.2081857,42.4629499
-6.2083415,42.4628313
-6.2083980,42.4626555
-6.2083969,42.4625863
-6.2083974,42.4625686
-6.2085603,42.4625782
-6.2087191,42.4625938
-6.2088053,42.4626061
-6.2092507,42.4626699
-6.2094245,42.4626882
-6.2106746,42.4627861
-6.2108064,42.4627933
-6.2108000,42.4628335
-6.2108275,42.4628614
-6.2108954,42.4628707
-6.2109752,42.4628817
-6.2112129,42.4628970
-6.2126857,42.4629950
-6.2129511,42.4630221
-6.2138032,42.4630861
-6.2146264,42.4631316
-6.2151172,42.4631659
-6.2154016,42.4632106
-6.2162536,42.4633677
-6.2164780,42.4634209
-6.2166902,42.4634816
-6.2170676,42.4636053
-6.2172333,42.4636689
-6.2174213,42.4637610
-6.2176433,42.4639212
-6.2180852,42.4642900
-6.2182405,42.4644009
-6.2183217,42.4644506
-6.2184053,42.4644925
-6.2185134,42.4645231
-6.2186050,42.4645334
-6.2186516,42.4645351
-6.2187000,42.4645317
-6.2187600,42.4645229
-6.2188341,42.4645175
-6.2189678,42.4644971
-6.2194076,42.4644181
-6.2200438,42.4643163
-6.2204141,42.4642518
-6.2211406,42.4641204
-6.2215286,42.4640657
-6.2217186,42.4640465
-6.2219167,42.4640342
-6.2230127,42.4640391
-6.2234684,42.4640630
-6.2237432,42.4640836
-6.2239148,42.4641034
-6.2243604,42.4641536
-6.2245442,42.4641852
-6.2246442,42.4642065
-6.2252457,42.4644000
-6.2253001,42.4644075
-6.2253606,42.4644059
-6.2254044,42.4644083
-6.2254742,42.4644221
-6.2255439,42.4644399
-6.2258550,42.4645567
-6.2267187,42.4648673
-6.2267662,42.4648858
-6.2269494,42.4649544
-6.2270607,42.4649940
-6.2273437,42.4650929
-6.2283051,42.4654443
-6.2284034,42.4654802
-6.2286060,42.4655543
-6.2294367,42.4658544
-6.2311038,42.4664636
-6.2318178,42.4667263
-6.2326711,42.4670261
-6.2328960,42.4671082
-6.2330972,42.4671802
-6.2333818,42.4672798
-6.2334902,42.4673174
-6.2335858,42.4673511
-6.2338495,42.4674451
-6.2339216,42.4674701
-6.2340077,42.4674999
-6.2343412,42.4676194
-6.2344699,42.4676668
-6.2349862,42.4678479
-6.2353957,42.4679915
-6.2357524,42.4681201
-6.2362179,42.4682891
-6.2364067,42.4683580
-6.2366027,42.4684277
-6.2370667,42.4685989
-6.2373433,42.4687038
-6.2375924,42.4688027
-6.2376302,42.4688208
-6.2376541,42.4688423
-6.2376577,42.4688719
-6.2376602,42.4688849
-6.2376782,42.4689003
-6.2383460,42.4691728
-6.2388486,42.4693951
-6.2392509,42.4695446
-6.2396742,42.4697005
-6.2410721,42.4702438
-6.2415764,42.4704271
-6.2432551,42.4710789
-6.2438622,42.4713133
-6.2440850,42.4714121
-6.2441467,42.4714458
-6.2442098,42.4714968
-6.2442782,42.4715379
-6.2443632,42.4715766
-6.2444256,42.4716018
-6.2444880,42.4716180
-6.2446293,42.4716482
-6.2447705,42.4716888
-6.2449410,42.4717555
-6.2451183,42.4718164
-6.2455827,42.4719450
-6.2469773,42.4723082
-6.2471978,42.4723570
-6.2473190,42.4723859
-6.2473859,42.4724075
-6.2474495,42.4724346
-6.2475309,42.4724828
-6.2475913,42.4725140
-6.2476543,42.4725337
-6.2478190,42.4725629
-6.2479449,42.4725787
-6.2482531,42.4726240
-6.2490446,42.4728062
-6.2495319,42.4729155
-6.2496932,42.4729618
-6.2503096,42.4731189
-6.2505142,42.4731738
-6.2506364,42.4732165
-6.2507786,42.4732732
-6.2513974,42.4735684
-6.2516998,42.4737153
-6.2522518,42.4740211
-6.2524127,42.4740919
-6.2526405,42.4742097
-6.2526643,42.4742184
-6.2526921,42.4742192
-6.2527982,42.4741897
-6.2529233,42.4741645
-6.2530236,42.4741618
-6.2531418,42.4741753
-6.2533081,42.4741777
-6.2534337,42.4741826
-6.2535234,42.4741621
-6.2535817,42.4741577
-6.2536400,42.4741563
-6.2537776,42.4741591
-6.2539659,42.4741755
-6.2540677,42.4741776
-6.2541284,42.4741789
-6.2542985,42.4741907
-6.2543249,42.4741933
-6.2543276,42.4741936
-6.2543486,42.4742025
-6.2544987,42.4743302
-6.2545713,42.4744257
-6.2546159,42.4744595
-6.2546646,42.4744874
-6.2547132,42.4744978
-6.2547591,42.4745142
-6.2548420,42.4745886
-6.2548632,42.4746250
-6.2548857,42.4746565
-6.2549151,42.4746882
-6.2549526,42.4747150
-6.2550185,42.4747351
-6.2551206,42.4747858
-6.2553811,42.4749349
-6.2554213,42.4749496
-6.2554628,42.4749613
-6.2555365,42.4749785
-6.2556271,42.4749962
-6.2557597,42.4750285
-6.2558132,42.4750539
-6.2558661,42.4750754
-6.2559666,42.4751049
-6.2562069,42.4751491
-6.2562701,42.4751515
-6.2563333,42.4751480
-6.2564004,42.4751511
-6.2565386,42.4751730
-6.2567738,42.4752089
-6.2569394,42.4752326
-6.2570813,42.4752717
-6.2571491,42.4752948
-6.2572089,42.4753249
-6.2572811,42.4753824
-6.2573063,42.4754022
-6.2573207,42.4754201
-6.2573279,42.4754550
-6.2573485,42.4754790
-6.2574780,42.4755373
-6.2575779,42.4755916
-6.2577403,42.4756792
-6.2578483,42.4757285
-6.2579241,42.4757589
-6.2582539,42.4759076
-6.2583194,42.4759272
-6.2583684,42.4759590
-6.2584770,42.4760605
-6.2586789,42.4762118
-6.2588437,42.4763512
-6.2590362,42.4764839
-6.2591423,42.4765307
-6.2591959,42.4765561
-6.2592696,42.4765984
-6.2594475,42.4767506
-6.2595891,42.4768618
-6.2597494,42.4769621
-6.2599078,42.4770698
-6.2600724,42.4771513
-6.2601605,42.4771944
-6.2602217,42.4772364
-6.2602905,42.4772800
-6.2603303,42.4773325
-6.2603516,42.4773481
-6.2603743,42.4773578
-6.2604733,42.4774394
-6.2606118,42.4775615
-6.2607265,42.4776509
-6.2609555,42.4778005
-6.2610469,42.4778463
-6.2611329,42.4778823
-6.2612387,42.4779193
-6.2613445,42.4779503
-6.2615797,42.4780043
-6.2617184,42.4780242
-6.2618544,42.4780396
-6.2621593,42.4780501
-6.2622775,42.4780554
-6.2626481,42.4781027
-6.2630319,42.4781816
-6.2632382,42.4782353
-6.2634156,42.4782552
-6.2636377,42.4782647
-6.2638598,42.4782867
-6.2639575,42.4783092
-6.2640646,42.4783277
-6.2642829,42.4783550
-6.2647376,42.4783892
-6.2650951,42.4784509
-6.2652231,42.4784924
-6.2652922,42.4785049
-6.2653355,42.4785077
-6.2653842,42.4785045
-6.2654085,42.4785118
-6.2654248,42.4785259
-6.2654921,42.4785395
-6.2656291,42.4785551
-6.2656708,42.4785533
-6.2657133,42.4785485
-6.2657941,42.4785330
-6.2659228,42.4785147
-6.2660598,42.4785281
-6.2664111,42.4785781
-6.2668011,42.4786355
-6.2671767,42.4786837
-6.2673637,42.4787039
-6.2674176,42.4787054
-6.2674597,42.4786907
-6.2677278,42.4787243
-6.2678352,42.4787579
-6.2682078,42.4788053
-6.2682801,42.4788168
-6.2691468,42.4789367
-6.2695927,42.4790070
-6.2698083,42.4790348
-6.2700866,42.4790703
-6.2703046,42.4791003
-6.2705864,42.4791244
-6.2708083,42.4791358
-6.2709977,42.4791279
-6.2711758,42.4791086
-6.2717486,42.4790307
-6.2718069,42.4790355
-6.2719269,42.4790145
-6.2721113,42.4789942
-6.2723138,42.4789913
-6.2724900,42.4789691
-6.2725646,42.4789522
-6.2727423,42.4789405
-6.2728784,42.4789619
-6.2730082,42.4789957
-6.2730291,42.4790000
-6.2730932,42.4790346
-6.2734016,42.4791293
-6.2737885,42.4792499
-6.2741128,42.4793527
-6.2743444,42.4794124
-6.2745235,42.4794689
-6.2747109,42.4795120
-6.2752200,42.4796190
-6.2754070,42.4796613
-6.2756670,42.4797093
-6.2758573,42.4797259
-6.2760644,42.4797602
-6.2769346,42.4799376
-6.2776414,42.4800849
-6.2784130,42.4802419
-6.2786035,42.4802766
-6.2787004,42.4803113
-6.2787622,42.4803534
-6.2788397,42.4803833
-6.2790436,42.4804837
-6.2791677,42.4805703
-6.2792641,42.4806358
-6.2793967,42.4806962
-6.2795901,42.4807723
-6.2798543,42.4808587
-6.2800331,42.4809333
-6.2806220,42.4812099
-6.2808744,42.4813486
-6.2810002,42.4814197
-6.2812331,42.4815426
-6.2813168,42.4815741
-6.2814683,42.4815768
-6.2815692,42.4815860
-6.2817517,42.4816368
-6.2821371,42.4817782
-6.2823047,42.4818359
-6.2824912,42.4818782
-6.2826661,42.4819270
-6.2830985,42.4820484
-6.2834832,42.4821418
-6.2838692,42.4822269
-6.2839228,42.4822362
-6.2842227,42.4822929
-6.2846788,42.4823438
-6.2850645,42.4823845
-6.2856389,42.4824346
-6.2861921,42.4825004
-6.2864198,42.4825344
-6.2865612,42.4825644
-6.2868837,42.4826329
-6.2874333,42.4827904
-6.2875703,42.4828170
-6.2878103,42.4828636
-6.2882103,42.4829117
-6.2884979,42.4829432
-6.2890166,42.4829801
-6.2892801,42.4829692
-6.2894156,42.4829511
-6.2900078,42.4828212
-6.2903464,42.4827538
-6.2907674,42.4826916
-6.2915449,42.4826078
-6.2916869,42.4825941
-6.2918266,42.4825907
-6.2922616,42.4826155
-6.2928476,42.4826868
-6.2930429,42.4826993
-6.2931172,42.4827009
-6.2932739,42.4827048
-6.2934367,42.4827147
-6.2936937,42.4827497
-6.2939567,42.4827893
-6.2948123,42.4829450
-6.2953754,42.4830654
-6.2956190,42.4831108
-6.2957538,42.4831270
-6.2958571,42.4831332
-6.2959613,42.4831281
-6.2963445,42.4830954
-6.2965616,42.4831004
-6.2969669,42.4831591
-6.2973456,42.4832284
-6.2976417,42.4832980
-6.2986473,42.4835904
-6.2987074,42.4836067
-6.2987618,42.4836065
-6.2988282,42.4835902
-6.2989359,42.4835883
-6.2990769,42.4836188
-6.2992492,42.4836536
-6.2994554,42.4837210
-6.2995562,42.4837749
-6.2999614,42.4840546
-6.3002220,42.4842032
-6.3004597,42.4843364
-6.3007052,42.4844642
-6.3010771,42.4846386
-6.3013853,42.4847751
-6.3017648,42.4849334
-6.3021991,42.4851071
-6.3026472,42.4852475
-6.3030259,42.4853798
-6.3037415,42.4856011
-6.3044279,42.4858255
-6.3049874,42.4860087
-6.3056633,42.4862999
-6.3059204,42.4863745
-6.3060112,42.4864075
-6.3061063,42.4864400
-6.3062141,42.4864763
-6.3063584,42.4865470
-6.3064302,42.4865860
-6.3065332,42.4866105
-6.3066750,42.4866159
-6.3069754,42.4866105
-6.3072666,42.4865937
-6.3074951,42.4865798
-6.3075637,42.4865923
-6.3076076,42.4865955
-6.3076436,42.4865939
-6.3076847,42.4865850
-6.3077908,42.4865850
-6.3079690,42.4865859
-6.3081081,42.4865735
-6.3085302,42.4864527
-6.3085972,42.4864031
-6.3086498,42.4863526
-6.3087121,42.4862926
-6.3087966,42.4862234
-6.3088812,42.4861723
-6.3089869,42.4861441
-6.3090451,42.4861359
-6.3091120,42.4861318
-6.3092621,42.4861564
-6.3094026,42.4862438
-6.3094423,42.4862554
-6.3094794,42.4862617
-6.3095232,42.4862624
-6.3098747,42.4861947
-6.3100024,42.4861762
-6.3101645,42.4861697
-6.3104025,42.4861666
-6.3105414,42.4861714
-6.3106803,42.4861828
-6.3108201,42.4861933
-6.3109484,42.4862117
-6.3110865,42.4862380
-6.3113225,42.4862917
-6.3115568,42.4863520
-6.3116442,42.4863916
-6.3117299,42.4864338
-6.3118540,42.4865102
-6.3124484,42.4869320
-6.3126028,42.4870461
-6.3127898,42.4871544
-6.3128131,42.4871676
-6.3128592,42.4872402
-6.3128770,42.4872579
-6.3132081,42.4875890
-6.3134853,42.4878939
-6.3135705,42.4879936
-6.3137385,42.4881433
-6.3137937,42.4881967
-6.3140012,42.4883172
-6.3141483,42.4883670
-6.3142090,42.4883875
-6.3143492,42.4884312
-6.3143858,42.4884284
-6.3144140,42.4884213
-6.3144919,42.4883934
-6.3146420,42.4883242
-6.3149496,42.4881938
-6.3151131,42.4881827
-6.3151964,42.4881698
-6.3152433,42.4881656
-6.3152902,42.4881665
-6.3153379,42.4881782
-6.3153949,42.4881796
-6.3155830,42.4881218
-6.3156785,42.4881112
-6.3157756,42.4881220
-6.3160274,42.4881840
-6.3162392,42.4882142
-6.3166106,42.4882984
-6.3169755,42.4883850
-6.3171888,42.4884645
-6.3173381,42.4885359
-6.3174960,42.4886368
-6.3176940,42.4887377
-6.3178673,42.4888486
-6.3179832,42.4889296
-6.3182720,42.4891921
-6.3184048,42.4893082
-6.3185685,42.4894241
-6.3186765,42.4895491
-6.3187676,42.4896849
-6.3189459,42.4898203
-6.3190238,42.4898833
-6.3191087,42.4899231
-6.3192360,42.4899586
-6.3193595,42.4899834
-6.3194381,42.4899882
-6.3195371,42.4899822
-6.3196104,42.4899643
-6.3197373,42.4899193
-6.3198620,42.4898572
-6.3200762,42.4897483
-6.3203175,42.4896586
-6.3204702,42.4896263
-6.3206541,42.4895983
-6.3207511,42.4895931
-6.3209164,42.4896199
-6.3210706,42.4896645
-6.3211862,42.4897045
-6.3212986,42.4897492
-6.3215314,42.4898586
-6.3217554,42.4899569
-6.3219794,42.4900729
-6.3222220,42.4902098
-6.3224483,42.4903501
-6.3227268,42.4906457
-6.3228819,42.4908253
-6.3230391,42.4910337
-6.3231635,42.4910972
-6.3232786,42.4911608
-6.3233440,42.4912049
-6.3234257,42.4912353
-6.3236878,42.4913921
-6.3238353,42.4914478
-6.3239941,42.4914796
-6.3241624,42.4915121
-6.3245774,42.4915383
-6.3249416,42.4915657
-6.3254977,42.4915675
-6.3259003,42.4915723
-6.3262595,42.4915503
-6.3264389,42.4915557
-6.3265689,42.4915760
-6.3267723,42.4915951
-6.3270629,42.4915537
-6.3271842,42.4914970
-6.3274416,42.4913436
-6.3275087,42.4912935
-6.3276066,42.4912555
-6.3276573,42.4912449
-6.3277264,42.4912131
-6.3278009,42.4911143
-6.3281188,42.4907138
-6.3282484,42.4904559
-6.3283358,42.4902972
-6.3285079,42.4901515
-6.3286106,42.4900954
-6.3287047,42.4900491
-6.3288134,42.4900068
-6.3292857,42.4898646
-6.3294764,42.4898189
-6.3297055,42.4897797
-6.3301144,42.4897101
-6.3302400,42.4897042
-6.3304948,42.4896902
-6.3305683,42.4897012
-6.3306418,42.4897203
-6.3307239,42.4897535
-6.3308059,42.4898015
-6.3309210,42.4898920
-6.3311788,42.4900221
-6.3313147,42.4900758
-6.3317182,42.4902651
-6.3322081,42.4905248
-6.3323815,42.4906147
-6.3324887,42.4906917
-6.3325918,42.4907765
-6.3332037,42.4911213
-6.3334824,42.4912637
-6.3337657,42.4913833
-6.3338761,42.4914258
-6.3342734,42.4915616
-6.3344044,42.4916055
-6.3344984,42.4916257
-6.3350725,42.4916165
-6.3352642,42.4916219
-6.3354487,42.4916434
-6.3358183,42.4915938
-6.3360398,42.4915579
-6.3362577,42.4915153
-6.3370647,42.4913764
-6.3371835,42.4913537
-6.3374314,42.4912320
-6.3375999,42.4911814
-6.3379570,42.4910613
-6.3384433,42.4909325
-6.3386836,42.4908709
-6.3389272,42.4908193
-6.3395049,42.4906894
-6.3396359,42.4906777
-6.3398236,42.4906895
-6.3402988,42.4907372
-6.3405233,42.4907591
-6.3408336,42.4908169
-6.3409945,42.4908418
-6.3412741,42.4908627
-6.3416469,42.4908776
-6.3417546,42.4908971
-6.3419002,42.4909287
-6.3420722,42.4909970
-6.3423031,42.4910978
-6.3426346,42.4912626
-6.3427351,42.4913340
-6.3428861,42.4914802
-6.3429499,42.4915697
-6.3430015,42.4916127
-6.3430957,42.4916726
-6.3432110,42.4917247
-6.3433155,42.4917572
-6.3438829,42.4918585
-6.3439873,42.4918745
-6.3442588,42.4920474
-6.3446146,42.4922111
-6.3447419,42.4922856
-6.3448083,42.4923028
-6.3449261,42.4923549
-6.3450277,42.4924145
-6.3451293,42.4924591
-6.3453467,42.4925342
-6.3455463,42.4925884
-6.3456649,42.4926101
-6.3459558,42.4926529
-6.3461002,42.4926675
-6.3462425,42.4926662
-6.3463582,42.4926601
-6.3467471,42.4925972
-6.3470233,42.4925475
-6.3477369,42.4924139
-6.3478967,42.4923782
-6.3480821,42.4923314
-6.3482915,42.4922556
-6.3486183,42.4920980
-6.3487424,42.4920729
-6.3490480,42.4920681
-6.3491914,42.4920519
-6.3493398,42.4920038
-6.3496467,42.4919214
-6.3498504,42.4918931
-6.3500651,42.4918608
-6.3501479,42.4918278
-6.3502064,42.4917848
-6.3502665,42.4916891
-6.3502785,42.4916473
-6.3503012,42.4915264
-6.3502881,42.4914512
-6.3502063,42.4912922
-6.3501869,42.4911965
-6.3501875,42.4910633
-6.3502154,42.4907260
-6.3502334,42.4906226
-6.3502750,42.4905246
-6.3503399,42.4903920
-6.3504211,42.4902629
-6.3505146,42.4901379
-6.3506010,42.4900421
-6.3506735,42.4899875
-6.3507530,42.4899433
-6.3509594,42.4898552
-6.3511328,42.4898133
-6.3512674,42.4898059
-6.3514393,42.4898191
-6.3515791,42.4898464
-6.3516921,42.4898875
-6.3519125,42.4899924
-6.3520754,42.4900936
-6.3522255,42.4901948
-6.3524865,42.4903927
-6.3526374,42.4905750
-6.3527866,42.4907890
-6.3529522,42.4910017
-6.3530087,42.4910739
-6.3530676,42.4911254
-6.3531244,42.4911809
-6.3531976,42.4912277
-6.3533042,42.4912835
-6.3537374,42.4914356
-6.3539746,42.4915463
-6.3541278,42.4915985
-6.3542479,42.4916133
-6.3543572,42.4916000
-6.3544700,42.4915791
-6.3545440,42.4915728
-6.3546179,42.4915786
-6.3546572,42.4915873
-6.3546946,42.4916053
-6.3547182,42.4916269
-6.3547781,42.4916486
-6.3548287,42.4916474
-6.3548809,42.4916345
-6.3549156,42.4916191
-6.3549438,42.4915931
-6.3550978,42.4914117
-6.3552884,42.4912243
-6.3556967,42.4909262
-6.3557735,42.4908711
-6.3558552,42.4908373
-6.3559574,42.4908105
-6.3560597,42.4908014
-6.3565544,42.4907809
-6.3571083,42.4907710
-6.3575527,42.4907282
-6.3578389,42.4906756
-6.3581444,42.4905946
-6.3584831,42.4904662
-6.3588090,42.4903177
-6.3588583,42.4902916
-6.3589086,42.4902797
-6.3589590,42.4902661
-6.3590977,42.4902145
-6.3592454,42.4901762
-6.3595944,42.4900176
-6.3599865,42.4898191
-6.3604778,42.4894622
-6.3607784,42.4892404
-6.3609572,42.4891361
-6.3611421,42.4890371
-6.3612096,42.4889844
-6.3612466,42.4889594
-6.3612932,42.4889394
-6.3613162,42.4889296
-6.3613817,42.4889194
-6.3614664,42.4889273
-6.3615358,42.4889099
-6.3615648,42.4888795
-6.3615873,42.4888420
-6.3616457,42.4887983
-6.3616664,42.4887904
-6.3617361,42.4887640
-6.3618354,42.4887259
-6.3619197,42.4886957
-6.3620097,42.4886685
-6.3625272,42.4886106
-6.3628651,42.4885744
-6.3630017,42.4885742
-6.3632921,42.4885940
-6.3634977,42.4886190
-6.3637032,42.4886574
-6.3638623,42.4886913
-6.3640234,42.4887342
-6.3648300,42.4889764
-6.3652225,42.4891098
-6.3653813,42.4891442
-6.3654634,42.4891706
-6.3655598,42.4891880
-6.3662748,42.4892597
-6.3665231,42.4892792
-6.3665815,42.4892795
-6.3666191,42.4892813
-6.3667051,42.4892798
-6.3667888,42.4892700
-6.3669328,42.4892384
-6.3673252,42.4891616
-6.3675241,42.4891272
-6.3677190,42.4890988
-6.3678239,42.4890856
-6.3679287,42.4890783
-6.3680540,42.4890735
-6.3681807,42.4890794
-6.3685797,42.4890868
-6.3693334,42.4890852
-6.3697128,42.4890927
-6.3699219,42.4891161
-6.3700697,42.4891449
-6.3703385,42.4892164
-6.3709788,42.4893935
-6.3711806,42.4894577
-6.3713288,42.4895149
-6.3717794,42.4897066
-6.3722863,42.4899259
-6.3723730,42.4899625
-6.3725240,42.4900040
-6.3726231,42.4900237
-6.3727168,42.4900345
-6.3727778,42.4900355
-6.3728388,42.4900305
-6.3729903,42.4899988
-6.3731489,42.4899562
-6.3732552,42.4899235
-6.3733492,42.4898782
-6.3734053,42.4898512
-6.3734281,42.4898331
-6.3734495,42.4898146
-6.3734617,42.4898011
-6.3735174,42.4897284
-6.3735838,42.4896270
-6.3737004,42.4894418
-6.3737809,42.4893446
-6.3738674,42.4892598
-6.3739991,42.4891529
-6.3741363,42.4890460
-6.3743213,42.4889287
-6.3745118,42.4888143
-6.3747530,42.4886970
-6.3750102,42.4885994
-6.3753862,42.4884702
-6.3754746,42.4884419
-6.3755375,42.4884156
-6.3756066,42.4883975
-6.3756792,42.4883854
-6.3757584,42.4883748
-6.3758404,42.4883721
-6.3760028,42.4883692
-6.3760569,42.4883759
-6.3762700,42.4884149
-6.3764851,42.4884479
-6.3770296,42.4884821
-6.3772482,42.4884961
-6.3773716,42.4885045
-6.3774673,42.4885180
-6.3776317,42.4885456
-6.3777166,42.4885544
-6.3778678,42.4885290
-6.3781352,42.4884888
-6.3784265,42.4884330
-6.3784835,42.4884174
-6.3785358,42.4883990
-6.3788344,42.4882476
-6.3790203,42.4881494
-6.3791874,42.4880868
-6.3793434,42.4880002
-6.3795199,42.4879337
-6.3797278,42.4878577
-6.3799248,42.4877795
-6.3801083,42.4877124
-6.3801591,42.4876949
-6.3802123,42.4876660
-6.3802778,42.4876439
-6.3804619,42.4876193
-6.3805258,42.4876040
-6.3805928,42.4875989
-6.3807081,42.4875907
-6.3808343,42.4875731
-6.3810143,42.4875741
-6.3811207,42.4875898
-6.3811847,42.4876010
-6.3812585,42.4876214
-6.3816515,42.4877663
-6.3819014,42.4878610
-6.3824590,42.4880321
-6.3825220,42.4880511
-6.3825788,42.4880622
-6.3827021,42.4880777
-6.3829108,42.4881052
-6.3834535,42.4881857
-6.3836684,42.4882038
-6.3839529,42.4882614
-6.3842289,42.4883155
-6.3842797,42.4883254
-6.3843306,42.4883490
-6.3843575,42.4883672
-6.3843798,42.4883944
-6.3843785,42.4884523
-6.3843798,42.4884835
-6.3843889,42.4885147
-6.3844185,42.4885605
-6.3844589,42.4886074
-6.3844960,42.4886367
-6.3845731,42.4886739
-6.3846230,42.4887387
-6.3846814,42.4887983
-6.3848896,42.4890624
-6.3849711,42.4891588
-6.3850600,42.4891979
-6.3851377,42.4892563
-6.3853242,42.4893586
-6.3857221,42.4895526
-6.3860737,42.4897262
-6.3863165,42.4898910
-6.3864245,42.4899749
-6.3865267,42.4900746
-6.3866129,42.4901795
-6.3866733,42.4902334
-6.3867650,42.4902946
-6.3868625,42.4903264
-6.3869447,42.4903462
-6.3870208,42.4903618
-6.3872124,42.4903848
-6.3872810,42.4903967
-6.3873402,42.4904138
-6.3874153,42.4904428
-6.3875242,42.4904959
-6.3875886,42.4905187
-6.3876519,42.4905331
-6.3877138,42.4905424
-6.3877891,42.4905478
-6.3878763,42.4905443
-6.3881013,42.4905069
-6.3885316,42.4904354
-6.3886785,42.4904035
-6.3888130,42.4903652
-6.3889115,42.4903294
-6.3891221,42.4902323
-6.3892090,42.4901975
-6.3892822,42.4901723
-6.3893762,42.4901506
-6.3894735,42.4901347
-6.3895781,42.4901281
-6.3896909,42.4901279
-6.3897285,42.4900970
-6.3897793,42.4900763
-6.3898360,42.4900728
-6.3902969,42.4900865
-6.3905488,42.4900994
-6.3906199,42.4900984
-6.3906879,42.4900871
-6.3907698,42.4900732
-6.3908501,42.4900525
-6.3911090,42.4899685
-6.3911981,42.4899656
-6.3912903,42.4899775
-6.3915102,42.4900177
-6.3916466,42.4900539
-6.3917151,42.4900749
-6.3917804,42.4901038
-6.3918316,42.4901255
-6.3918773,42.4901581
-6.3919489,42.4902234
-6.3921855,42.4904830
-6.3922627,42.4905704
-6.3923774,42.4906348
-6.3924794,42.4907046
-6.3925653,42.4907665
-6.3926573,42.4908409
-6.3927488,42.4909198
-6.3928464,42.4910146
-6.3929361,42.4910816
-6.3931529,42.4911822
-6.3933033,42.4912349
-6.3933648,42.4912407
-6.3934185,42.4912396
-6.3934849,42.4912168
-6.3935512,42.4911806
-6.3937836,42.4910296
-6.3940447,42.4908799
-6.3941322,42.4908442
-6.3942197,42.4908142
-6.3942953,42.4907936
-6.3943740,42.4907786
-6.3945256,42.4907694
-6.3946382,42.4907794
-6.3947227,42.4907887
-6.3948444,42.4908113
-6.3951823,42.4908569
-6.3952987,42.4908731
-6.3954376,42.4909092
-6.3955764,42.4909307
-6.3958075,42.4909818
-6.3962236,42.4910723
-6.3964914,42.4911598
-6.3966026,42.4911876
-6.3967077,42.4912108
-6.3967576,42.4912189
-6.3968083,42.4912250
-6.3968690,42.4912380
-6.3970399,42.4912792
-6.3972256,42.4913497
-6.3974100,42.4914458
-6.3974589,42.4914727
-6.3975181,42.4915152
-6.3977358,42.4916869
-6.3978337,42.4917461
-6.3979154,42.4918057
-6.3979579,42.4918522
-6.3980191,42.4918961
-6.3980602,42.4919374
-6.3981599,42.4920612
-6.3982028,42.4920869
-6.3982468,42.4920983
-6.3982866,42.4921071
-6.3983253,42.4921070
-6.3984781,42.4920676
-6.3985231,42.4920563
-6.3986245,42.4920255
-6.3988212,42.4919356
-6.3988495,42.4919275
-6.3988819,42.4919231
-6.3989311,42.4919225
-6.3989802,42.4919242
-6.3990367,42.4919196
-6.3990872,42.4919117
-6.3992114,42.4918722
-6.3992540,42.4918669
-6.3992865,42.4918499
-6.3994978,42.4917782
-6.3995792,42.4917604
-6.3996616,42.4917456
-6.3997376,42.4917363
-6.3997807,42.4917342
-6.3998207,42.4917352
-6.3999252,42.4917524
-6.3999994,42.4917651
-6.4000767,42.4917831
-6.4002247,42.4918232
-6.4012022,42.4921007
-6.4013335,42.4921440
-6.4014622,42.4921803
-6.4015035,42.4921881
-6.4018223,42.4922466
-6.4019569,42.4922727
-6.4021529,42.4923371
-6.4021874,42.4923484
-6.4023037,42.4923774
-6.4026394,42.4924565
-6.4027704,42.4924729
-6.4028417,42.4924762
-6.4030088,42.4924740
-6.4031362,42.4924871
-6.4031721,42.4924890
-6.4034166,42.4924523
-6.4034413,42.4924494
-6.4034782,42.4924510
-6.4035688,42.4924770
-6.4036068,42.4924831
-6.4036702,42.4924790
-6.4037263,42.4924884
-6.4038439,42.4925244
-6.4039038,42.4925766
-6.4039402,42.4926157
-6.4039613,42.4926311
-6.4039945,42.4926369
-6.4040520,42.4926360
-6.4042803,42.4926011
-6.4043980,42.4925763
-6.4045285,42.4925649
-6.4047691,42.4925329
-6.4049505,42.4924917
-6.4050385,42.4924769
-6.4050884,42.4924759
-6.4051300,42.4924655
-6.4051617,42.4924478
-6.4052475,42.4923831
-6.4054427,42.4922684
-6.4056006,42.4921427
-6.4056152,42.4921184
-6.4056878,42.4919385
-6.4057511,42.4917900
-6.4057963,42.4916348
-6.4058577,42.4913711
-6.4059144,42.4912767
-6.4059349,42.4911782
-6.4059449,42.4911062
-6.4059409,42.4910368
-6.4059335,42.4909809
-6.4059094,42.4909564
-6.4059051,42.4909405
-6.4059033,42.4909126
-6.4059074,42.4908864
-6.4059355,42.4908427
-6.4060441,42.4907146
-6.4061653,42.4905686
-6.4062117,42.4905219
-6.4062640,42.4904244
-6.4063027,42.4903128
-6.4063327,42.4901757
-6.4063393,42.4901006
-6.4063698,42.4900004
-6.4063962,42.4899346
-6.4064332,42.4898722
-6.4064874,42.4898173
-6.4065168,42.4897858
-6.4065461,42.4897680
-6.4066710,42.4897002
-6.4067352,42.4896438
-6.4068000,42.4896280
-6.4068684,42.4896225
-6.4070026,42.4896214
-6.4072365,42.4896179
-6.4072686,42.4896214
-6.4073019,42.4896283
-6.4074521,42.4896737
-6.4074853,42.4896877
-6.4076023,42.4897370
-6.4076815,42.4897535
-6.4077282,42.4897432
-6.4078302,42.4897794
-6.4081242,42.4898982
-6.4083249,42.4899937
-6.4083899,42.4900153
-6.4084188,42.4900414
-6.4084458,42.4900515
-6.4085649,42.4900959
-6.4086772,42.4901437
-6.4087884,42.4901855
-6.4090408,42.4902798
-6.4091789,42.4903234
-6.4093052,42.4903679
-6.4093593,42.4903881
-6.4094076,42.4904018
-6.4094676,42.4904148
-6.4095953,42.4904296
-6.4099094,42.4904861
-6.4103617,42.4905511
-6.4107935,42.4905811
-6.4108401,42.4905855
-6.4108951,42.4905882
-6.4109894,42.4905867
-6.4111162,42.4905817
-6.4113092,42.4905564
-6.4117267,42.4904577
-6.4120728,42.4903206
-6.4122404,42.4902477
-6.4124062,42.4901631
-6.4125465,42.4900737
-6.4127214,42.4899560
-6.4127899,42.4899013
-6.4128737,42.4898354
-6.4129047,42.4898006
-6.4129473,42.4897667
-6.4129930,42.4897326
-6.4130445,42.4897053
-6.4131595,42.4896644
-6.4133008,42.4896327
-6.4134467,42.4896104
-6.4136294,42.4895895
-6.4137615,42.4895896
-6.4140306,42.4896046
-6.4140800,42.4896083
-6.4141281,42.4896145
-6.4142853,42.4896188
-6.4144332,42.4896310
-6.4145430,42.4896178
-6.4146552,42.4896089
-6.4147693,42.4896098
-6.4148869,42.4896158
-6.4152080,42.4896527
-6.4153308,42.4896615
-6.4153806,42.4896594
-6.4158096,42.4896211
-6.4160498,42.4895953
-6.4163000,42.4895540
-6.4163623,42.4895481
-6.4167107,42.4895642
-6.4175100,42.4895446
-6.4178068,42.4895274
-6.4179709,42.4894997
-6.4181028,42.4894973
-6.4182401,42.4894720
-6.4183037,42.4894500
-6.4183601,42.4894257
-6.4184231,42.4893891
-6.4184618,42.4893420
-6.4185339,42.4892383
-6.4185653,42.4891910
-6.4185886,42.4891370
-6.4186102,42.4890883
-6.4186368,42.4890544
-6.4191278,42.4886195
-6.4191861,42.4885818
-6.4192312,42.4885613
-6.4192700,42.4885437
-6.4193119,42.4885307
-6.4195210,42.4884864
-6.4198412,42.4884276
-6.4201604,42.4883666
-6.4203429,42.4883366
-6.4204460,42.4883265
-6.4205522,42.4883245
-6.4206248,42.4883312
-6.4207807,42.4883604
-6.4212515,42.4884906
-6.4215639,42.4885808
-6.4216112,42.4885974
-6.4216879,42.4886107
-6.4218584,42.4886225
-6.4220577,42.4886415
-6.4221086,42.4886498
-6.4221618,42.4886608
-6.4224421,42.4887416
-6.4225933,42.4887972
-6.4226793,42.4888318
-6.4227694,42.4888575
-6.4229125,42.4888938
-6.4230719,42.4889185
-6.4231914,42.4889269
-6.4233104,42.4889275
-6.4234793,42.4889085
-6.4237896,42.4888498
-6.4238583,42.4888346
-6.4239259,42.4888268
-6.4239908,42.4888299
-6.4240558,42.4888359
-6.4241048,42.4888431
-6.4241733,42.4888526
-6.4242417,42.4888689
-6.4244521,42.4889354
-6.4246083,42.4889898
-6.4247754,42.4890735
-6.4248685,42.4891034
-6.4249595,42.4891169
-6.4250478,42.4891298
-6.4251079,42.4891424
-6.4251772,42.4891662
-6.4253667,42.4892411
-6.4254276,42.4892552
-6.4255127,42.4892628
-6.4255464,42.4892685
-6.4256799,42.4893183
-6.4260585,42.4894364
-6.4263321,42.4895426
-6.4264353,42.4895850
-6.4265332,42.4896170
-6.4267710,42.4897190
-6.4269963,42.4897991
-6.4273543,42.4900632
-6.4275184,42.4902030
-6.4277775,42.4904203
-6.4280099,42.4906464
-6.4282434,42.4908655
-6.4283367,42.4909638
-6.4283941,42.4910067
-6.4284938,42.4910580
-6.4285930,42.4911018
-6.4287364,42.4911495
-6.4300933,42.4915515
-6.4303652,42.4916231
-6.4309125,42.4917429
-6.4312034,42.4918028
-6.4314414,42.4918346
-6.4315726,42.4918491
-6.4317089,42.4918554
-6.4318004,42.4918557
-6.4319867,42.4918422
-6.4321151,42.4918301
-6.4325932,42.4917534
-6.4326255,42.4917574
-6.4327106,42.4917422
-6.4332378,42.4916860
-6.4334794,42.4916606
-6.4336723,42.4916367
-6.4339031,42.4915894
-6.4342218,42.4915487
-6.4352257,42.4914328
-6.4360007,42.4913064
-6.4360201,42.4913032
-6.4360894,42.4912919
-6.4370130,42.4911828
-6.4371733,42.4911710
-6.4373057,42.4911778
-6.4374004,42.4911821
-6.4374896,42.4911544
-6.4377550,42.4910747
-6.4379470,42.4910248
-6.4381025,42.4910205
-6.4384367,42.4910352
-6.4387371,42.4910700
-6.4390018,42.4911325
-6.4392735,42.4912053
-6.4396242,42.4913169
-6.4397773,42.4913791
-6.4399164,42.4914516
-6.4401994,42.4916924
-6.4404561,42.4919384
-6.4405235,42.4920104
-6.4406090,42.4921292
-6.4407173,42.4923339
-6.4407957,42.4924652
-6.4409302,42.4926239
-6.4411511,42.4928324
-6.4413300,42.4929809
-6.4415559,42.4932130
-6.4416202,42.4933146
-6.4416814,42.4934315
-6.4417899,42.4936862
-6.4418698,42.4938775
-6.4418804,42.4938967
-6.4418831,42.4939689
-6.4420203,42.4943872
-6.4420770,42.4944929
-6.4422168,42.4947180
-6.4422702,42.4948076
-6.4423372,42.4949107
-6.4423785,42.4949865
-6.4425343,42.4951197
-6.4426371,42.4952481
-6.4426984,42.4952925
-6.4427532,42.4953198
-6.4428080,42.4953419
-6.4429036,42.4953676
-6.4430019,42.4953895
-6.4431008,42.4954214
-6.4432855,42.4955089
-6.4433846,42.4955574
-6.4437634,42.4956958
-6.4439015,42.4957513
-6.4442250,42.4959276
-6.4447525,42.4961419
-6.4452339,42.4963480
-6.4454246,42.4964067
-6.4455431,42.4964500
-6.4456102,42.4964614
-6.4458897,42.4965054
-6.4460392,42.4965185
-6.4464486,42.4965423
-6.4468088,42.4965966
-6.4473240,42.4967064
-6.4475144,42.4967127
-6.4482335,42.4968050
-6.4487979,42.4968826
-6.4491579,42.4969386
-6.4492125,42.4969401
-6.4492359,42.4969407
-6.4493820,42.4969073
-6.4495120,42.4969023
-6.4496723,42.4969038
-6.4501048,42.4969080
-6.4503488,42.4968901
-6.4507619,42.4968955
-6.4514070,42.4969443
-6.4515089,42.4969603
-6.4517025,42.4970286
-6.4518640,42.4970693
-6.4520359,42.4970945
-6.4521617,42.4971024
-6.4522979,42.4970990
-6.4524027,42.4970919
-6.4525052,42.4970814
-6.4526290,42.4970676
-6.4531598,42.4969978
-6.4533588,42.4969742
-6.4535263,42.4969670
-6.4538474,42.4969707
-6.4541020,42.4969736
-6.4541722,42.4969870
-6.4544512,42.4970873
-6.4547583,42.4972086
-6.4548323,42.4972314
-6.4549253,42.4972843
-6.4550451,42.4973788
-6.4550715,42.4974252
-6.4550809,42.4974417
-6.4551088,42.4975374
-6.4551524,42.4975521
-6.4551912,42.4975324
-6.4552278,42.4973818
-6.4552143,42.4969118
-6.4552582,42.4968940
-6.4556565,42.4972335
-6.4557134,42.4973241
-6.4557192,42.4973507
-6.4557030,42.4974495
-6.4557431,42.4975778
-6.4558923,42.4976897
-6.4559278,42.4977090
-6.4559693,42.4977491
-6.4560153,42.4978344
-6.4560472,42.4979389
-6.4560657,42.4980044
-6.4560847,42.4980507
-6.4561038,42.4980972
-6.4561224,42.4981425
-6.4562088,42.4982499
-6.4564064,42.4983965
-6.4564552,42.4984354
-6.4567156,42.4986051
-6.4569367,42.4987767
-6.4570032,42.4988404
-6.4571162,42.4989235
-6.4571571,42.4989532
-6.4573013,42.4990427
-6.4574607,42.4991153
-6.4575967,42.4991626
-6.4577043,42.4991892
-6.4577642,42.4992097
-6.4578448,42.4992429
-6.4579326,42.4992845
-6.4580418,42.4993466
-6.4580844,42.4993727
-6.4581625,42.4994376
-6.4582129,42.4994778
-6.4582591,42.4995157
-6.4583042,42.4995684
-6.4583395,42.4996294
-6.4583677,42.4996927
-6.4583848,42.4997428
-6.4584227,42.4999050
-6.4584254,42.4999933
-6.4584294,42.5000585
-6.4584401,42.5001257
-6.4584562,42.5002049
-6.4584684,42.5002639
-6.4584976,42.5003431
-6.4585264,42.5004084
-6.4585501,42.5004688
-6.4585819,42.5005207
-6.4586373,42.5005855
-6.4587244,42.5006884
-6.4588881,42.5008347
-6.4589544,42.5009045
-6.4590913,42.5010185
-6.4591620,42.5010975
-6.4592471,42.5012065
-6.4593731,42.5014025
-6.4594274,42.5014746
-6.4593519,42.5015179
-6.4592753,42.5015649
-6.4591869,42.5015990
-6.4591077,42.5016377
-6.4590678,42.5016791
-6.4590597,42.5017196
-6.4590544,42.5017951
-6.4591733,42.5019637
-6.4592367,42.5020469
-6.4593231,42.5021679
-6.4593896,42.5022605
-6.4594415,42.5023282
-6.4595050,42.5024523
-6.4595555,42.5025534
-6.4596042,42.5026896
-6.4596238,42.5027889
-6.4596544,42.5029261
-6.4596739,42.5030396
-6.4596900,42.5031305
-6.4597187,42.5032380
-6.4597544,42.5033243
-6.4598054,42.5034034
-6.4598644,42.5034924
-6.4599228,42.5035967
-6.4599838,42.5036808
-6.4600334,42.5037376
-6.4600924,42.5037890
-6.4602127,42.5038570
-6.4603660,42.5039373
-6.4605166,42.5040450
-6.4606369,42.5041410
-6.4607561,42.5042460
-6.4609119,42.5044046
-6.4610633,42.5046017
-6.4611733,42.5047639
-6.4612957,42.5049557
-6.4613932,42.5051099
-6.4614978,42.5052345
-6.4615837,42.5053472
-6.4617072,42.5054851
-6.4617741,42.5055548
-6.4619297,42.5057367
-6.4620316,42.5058533
-6.4621496,42.5059266
-6.4623170,42.5060128
-6.4625131,42.5061265
-6.4626613,42.5062176
-6.4627907,42.5062963
-6.4628980,42.5063636
-6.4630374,42.5064446
-6.4632018,42.5065270
-6.4634183,42.5066424
-6.4635524,42.5067135
-6.4636439,42.5067773
-6.4637294,42.5068480
-6.4638019,42.5069231
-6.4638770,42.5069943
-6.4639511,42.5070407
-6.4640454,42.5071026
-6.4641398,42.5071367
-6.4642552,42.5071565
-6.4644000,42.5071584
-6.4645209,42.5071540
-6.4647085,42.5071387
-6.4648882,42.5071250
-6.4650169,42.5071228
-6.4651349,42.5071248
-6.4652921,42.5071493
-6.4653763,42.5071671
-6.4654970,42.5071723
-6.4656342,42.5071756
-6.4657298,42.5071741
-6.4658075,42.5072007
-6.4659415,42.5072806
-6.4660469,42.5073720
-6.4661032,42.5074095
-6.4662373,42.5074768
-6.4663526,42.5075598
-6.4664750,42.5076988
-6.4667077,42.5080022
-6.4667791,42.5080660
-6.4668623,42.5081669
-6.4669213,42.5082618
-6.4670110,42.5084556
-6.4670894,42.5085856
-6.4671439,42.5087159
-6.4672378,42.5089222
-6.4672673,42.5090309
-6.4673021,42.5091337
-6.4673477,42.5092069
-6.4674357,42.5093057
-6.4675221,42.5094135
-6.4675918,42.5095292
-6.4676669,42.5096261
-6.4677098,42.5096794
-6.4678064,42.5097783
-6.4678705,42.5098197
-6.4680886,42.5098907
-6.4681940,42.5099559
-6.4682368,42.5100011
-6.4682757,42.5100799
-6.4682946,42.5101579
-6.4683159,42.5102180
-6.4684073,42.5102869
-6.4685686,42.5104210
-6.4687077,42.5105147
-6.4688528,42.5106177
-6.4689280,42.5106794
-6.4690670,42.5108084
-6.4691556,42.5108895
-6.4692441,42.5109646
-6.4693487,42.5110437
-6.4694265,42.5111070
-6.4694962,42.5111999
-6.4695911,42.5113120
-6.4697075,42.5114610
-6.4698073,42.5116013
-6.4698905,42.5117258
-6.4699602,42.5118227
-6.4700209,42.5119064
-6.4701041,42.5120134
-6.4701828,42.5121015
-6.4702606,42.5121806
-6.4703793,42.5123048
-6.4705215,42.5124560
-6.4706066,42.5125523
-6.4707032,42.5126729
-6.4707666,42.5127627
-6.4708652,42.5128747
-6.4709416,42.5129755
-6.4710311,42.5130823
-6.4710684,42.5131290
-6.4710895,42.5131898
-6.4711287,42.5132817
-6.4711689,42.5133774
-6.4712256,42.5134511
-6.4712806,42.5135175
-6.4713500,42.5136013
-6.4714006,42.5136753
-6.4714291,42.5137110
-6.4714750,42.5137511
-6.4715240,42.5137800
-6.4716259,42.5137959
-6.4716893,42.5138089
-6.4717403,42.5138200
-6.4718221,42.5138510
-6.4718753,42.5139086
-6.4719414,42.5139734
-6.4719853,42.5140747
-6.4720074,42.5141300
-6.4720214,42.5142617
-6.4720434,42.5143432
-6.4720490,42.5144083
-6.4721080,42.5145339
-6.4721677,42.5146777
-6.4722186,42.5147844
-6.4722428,42.5148596
-6.4722508,42.5149129
-6.4722575,42.5149881
-6.4722461,42.5150400
-6.4722057,42.5150937
-6.4721650,42.5151439
-6.4721301,42.5152451
-6.4720926,42.5153756
-6.4720746,42.5154568
-6.4720392,42.5156455
-6.4719941,42.5157491
-6.4719630,42.5158361
-6.4719620,42.5159073
-6.4719746,42.5159687
-6.4719933,42.5160359
-6.4719987,42.5161466
-6.4719769,42.5162932
-6.4719960,42.5163799
-6.4720067,42.5164392
-6.4720425,42.5165092
-6.4720983,42.5165564
-6.4721800,42.5165986
-6.4722880,42.5166769
-6.4723527,42.5167298
-6.4724332,42.5167990
-6.4725325,42.5168722
-6.4726317,42.5169394
-6.4727813,42.5170171
-6.4729536,42.5171094
-6.4731140,42.5171957
-6.4732191,42.5172616
-6.4733311,42.5173338
-6.4734954,42.5174574
-6.4735929,42.5175272
-6.4736724,42.5176135
-6.4737180,42.5176729
-6.4737448,42.5177183
-6.4738014,42.5177788
-6.4739509,42.5178511
-6.4740559,42.5179002
-6.4741514,42.5179651
-6.4743471,42.5180683
-6.4745857,42.5181835
-6.4748740,42.5183193
-6.4750536,42.5184043
-6.4755487,42.5186587
-6.4757270,42.5187345
-6.4758383,42.5187835
-6.4760445,42.5188886
-6.4761969,42.5189380
-6.4765764,42.5190711
-6.4767313,42.5191281
-6.4768347,42.5191694
-6.4769731,42.5192451
-6.4771244,42.5193236
-6.4772290,42.5193829
-6.4773631,42.5194809
-6.4774704,42.5195687
-6.4776038,42.5196738
-6.4776882,42.5197819
-6.4777976,42.5199108
-6.4778700,42.5200076
-6.4779418,42.5200959
-6.4780333,42.5201971
-6.4781004,42.5202685
-6.4781570,42.5203081
-6.4782053,42.5203397
-6.4782992,42.5203690
-6.4783693,42.5204062
-6.4784452,42.5204657
-6.4785433,42.5205750
-6.4785809,42.5206240
-6.4786267,42.5207526
-6.4786479,42.5208162
-6.4786774,42.5208913
-6.4787046,42.5209408
-6.4787396,42.5210205
-6.4787788,42.5211384
-6.4787951,42.5211934
-6.4788763,42.5213084
-6.4789322,42.5213954
-6.4789912,42.5214725
-6.4790422,42.5215278
-6.4790717,42.5215595
-6.4791315,42.5216206
-6.4791803,42.5216801
-6.4792453,42.5217455
-6.4792801,42.5217804
-6.4793198,42.5218184
-6.4793533,42.5218451
-6.4793989,42.5218619
-6.4794415,42.5218823
-6.4794832,42.5219105
-6.4795350,42.5219678
-6.4795558,42.5220023
-6.4795880,42.5220695
-6.4796054,42.5221229
-6.4796296,42.5221871
-6.4796473,42.5222360
-6.4796778,42.5222671
-6.4798452,42.5223507
-6.4802935,42.5225489
-6.4803669,42.5225800
-6.4805319,42.5226454
-6.4806273,42.5227087
-6.4808536,42.5227723
-6.4808634,42.5228637
-6.4810464,42.5229475
-6.4811062,42.5229904
-6.4813066,42.5230507
-6.4813806,42.5231095
-6.4816103,42.5232394
-6.4817783,42.5233852
-6.4820086,42.5235409
-6.4822784,42.5236236
-6.4828069,42.5237578
-6.4829217,42.5237848
-6.4830051,42.5238152
-6.4831250,42.5239075
-6.4833461,42.5240161
-6.4835113,42.5241185
-6.4837333,42.5241998
-6.4839508,42.5243529
-6.4842094,42.5245122
-6.4845732,42.5246738
-6.4846512,42.5246976
-6.4847361,42.5246995
-6.4847828,42.5247135
-6.4849755,42.5247800
-6.4851344,42.5248458
-6.4854141,42.5249966
-6.4856846,42.5251641
-6.4858025,42.5252386
-6.4858605,42.5252630
-6.4859159,42.5252795
-6.4862584,42.5253237
-6.4863820,42.5253288
-6.4865055,42.5253424
-6.4866410,42.5253728
-6.4866887,42.5253537
-6.4867498,42.5252955
-6.4867948,42.5252679
-6.4868524,42.5252463
-6.4869839,42.5252538
-6.4871743,42.5252646
-6.4876881,42.5253146
-6.4878300,42.5253209
-6.4880631,42.5253590
-6.4885832,42.5255041
-6.4889867,42.5256387
-6.4891605,42.5257324
-6.4895200,42.5258171
-6.4896796,42.5258321
-6.4898893,42.5258203
-6.4900523,42.5257655
-6.4901606,42.5257403
-6.4902850,42.5257309
-6.4905142,42.5257342
-6.4906486,42.5257681
-6.4911634,42.5259245
-6.4917450,42.5261595
-6.4918412,42.5261816
-6.4921353,42.5261938
-6.4925126,42.5262013
-6.4928191,42.5262877
-6.4932646,42.5265248
-6.4933742,42.5265852
-6.4934800,42.5266288
-6.4935493,42.5266741
-6.4935864,42.5267377
-6.4935959,42.5268700
-6.4935290,42.5271240
-6.4935627,42.5272332
-6.4935933,42.5274592
-6.4936280,42.5275948
-6.4936911,42.5277380
-6.4938410,42.5279874
-6.4939164,42.5280746
-6.4939849,42.5281261
-6.4941354,42.5282068
-6.4942728,42.5282838
-6.4943189,42.5283793
-6.4943976,42.5284485
-6.4944851,42.5284887
-6.4945796,42.5285214
-6.4947280,42.5285617
-6.4956645,42.5287029
-6.4957533,42.5287005
-6.4958558,42.5286824
-6.4959515,42.5286745
-6.4960350,42.5286739
-6.4961276,42.5286885
-6.4963285,42.5287686
-6.4968840,42.5290824
-6.4969812,42.5291233
-6.4971710,42.5291745
-6.4972696,42.5291975
-6.4973435,42.5292069
-6.4974074,42.5292117
-6.4974759,42.5292075
-6.4976354,42.5292009
-6.4978034,42.5291870
-6.4978761,42.5291823
-6.4979629,42.5291859
-6.4980543,42.5291951
-6.4980972,42.5292097
-6.4981323,42.5292288
-6.4981944,42.5292742
-6.4983033,42.5293608
-6.4984093,42.5294509
-6.4984515,42.5294844
-6.4985344,42.5295172
-6.4986614,42.5295657
-6.4987376,42.5295846
-6.4989624,42.5296198
-6.4990651,42.5296413
-6.4991815,42.5296896
-6.4992856,42.5297424
-6.4994305,42.5298375
-6.4995308,42.5298861
-6.4995738,42.5299078
-6.4996254,42.5299164
-6.4997219,42.5299278
-6.4997759,42.5299555
-6.4998211,42.5299897
-6.4998896,42.5300941
-6.4999404,42.5301395
-6.5000081,42.5301674
-6.5001545,42.5302170
-6.5003723,42.5302725
-6.5004303,42.5302861
-6.5004913,42.5302918
-6.5006188,42.5302942
-6.5008437,42.5302832
-6.5010813,42.5302564
-6.5013057,42.5302317
-6.5013964,42.5302378
-6.5015072,42.5302366
-6.5016070,42.5302491
-6.5017352,42.5302472
-6.5017678,42.5302570
-6.5018294,42.5302514
-6.5018603,42.5302545
-6.5018960,42.5302692
-6.5019054,42.5302839
-6.5019117,42.5302952
-6.5018780,42.5303117
-6.5015600,42.5304008
-6.5014957,42.5304301
-6.5014354,42.5304636
-6.5014269,42.5304763
-6.5014231,42.5304914
-6.5014269,42.5305058
-6.5014339,42.5305146
-6.5014462,42.5305328
-6.5015132,42.5305633
-6.5015868,42.5305787
-6.5019048,42.5306035
-6.5020937,42.5306044
-6.5022949,42.5305905
-6.5023635,42.5305696
-6.5024183,42.5305431
-6.5024815,42.5304833
-6.5025524,42.5304304
-6.5026927,42.5304018
-6.5029208,42.5303887
-6.5029467,42.5303938
-6.5031792,42.5303993
-6.5033751,42.5304250
-6.5036406,42.5304290
-6.5040267,42.5304682
-6.5042949,42.5304978
-6.5044944,42.5304939
-6.5046031,42.5305099
-6.5047395,42.5305249
-6.5050233,42.5305222
-6.5051197,42.5304897
-6.5052028,42.5304854
-6.5053061,42.5304978
-6.5055262,42.5304705
-6.5056909,42.5304809
-6.5057737,42.5304899
-6.5058166,42.5304878
-6.5058406,42.5304705
-6.5058574,42.5304406
-6.5058963,42.5304171
-6.5061295,42.5303575
-6.5062878,42.5302863
-6.5064569,42.5302214
-6.5066579,42.5301737
-6.5067518,42.5301401
-6.5068533,42.5300863
-6.5069298,42.5300510
-6.5069785,42.5300364
-6.5070981,42.5300389
-6.5073072,42.5300653
-6.5075126,42.5301124
-6.5076732,42.5301361
-6.5078251,42.5301579
-6.5079341,42.5301729
-6.5082776,42.5301749
-6.5084624,42.5301762
-6.5086459,42.5301848
-6.5087303,42.5302049
-6.5088195,42.5302355
-6.5089039,42.5302743
-6.5093223,42.5305293
-6.5094090,42.5305716
-6.5095295,42.5306050
-6.5095851,42.5306419
-6.5097488,42.5307429
-6.5098964,42.5307948
-6.5101377,42.5308929
-6.5102778,42.5309365
-6.5103871,42.5309548
-6.5104863,42.5309666
-6.5105678,42.5309928
-6.5106510,42.5310144
-6.5107036,42.5310451
-6.5107474,42.5310759
-6.5107948,42.5311400
-6.5108089,42.5311918
-6.5107936,42.5312491
-6.5107639,42.5312932
-6.5107305,42.5314073
-6.5105990,42.5316451
-6.5105831,42.5316789
-6.5105722,42.5317191
-6.5105633,42.5317943
-6.5105796,42.5318679
-6.5105776,42.5319010
-6.5105691,42.5320022
-6.5105374,42.5320440
-6.5105282,42.5320740
-6.5105326,42.5321080
-6.5105235,42.5321501
-6.5105101,42.5322901
-6.5105115,42.5323318
-6.5105309,42.5324149
-6.5105498,42.5324357
-6.5105610,42.5324659
-6.5105601,42.5324998
-6.5105856,42.5325473
-6.5106580,42.5325940
-6.5107463,42.5326284
-6.5109092,42.5326732
-6.5110124,42.5327133
-6.5110818,42.5327199
-6.5111994,42.5327485
-6.5112798,42.5327786
-6.5113902,42.5328713
-6.5114036,42.5329045
-6.5113901,42.5329451
-6.5112823,42.5329948
-6.5112465,42.5330351
-6.5112401,42.5330790
-6.5112552,42.5331866
-6.5112517,42.5332827
-6.5112457,42.5333244
-6.5112692,42.5335139
-6.5112372,42.5336968
-6.5112412,42.5337147
-6.5112291,42.5337461
-6.5112408,42.5338075
-6.5112301,42.5339368
-6.5112082,42.5339983
-6.5111998,42.5340652
-6.5111693,42.5341424
-6.5111769,42.5342374
-6.5111624,42.5343260
-6.5111366,42.5344382
-6.5110973,42.5344963
-6.5110065,42.5347412
-6.5109009,42.5349752
-6.5108973,42.5350500
-6.5109174,42.5350895
-6.5109665,42.5351083
-6.5109981,42.5351117
-6.5110279,42.5351025
-6.5111340,42.5350369
-6.5112050,42.5350079
-6.5113030,42.5349915
-6.5116679,42.5349387
-6.5117375,42.5349269
-6.5117983,42.5349044
-6.5119363,42.5347706
-6.5120238,42.5347055
-6.5121480,42.5346558
-6.5123560,42.5345820
-6.5126643,42.5344443
-6.5128332,42.5343688
-6.5129776,42.5342862
-6.5131080,42.5342077
-6.5131666,42.5341870
-6.5132692,42.5341717
-6.5133569,42.5341765
-6.5134814,42.5341867
-6.5136715,42.5341801
-6.5137675,42.5341930
-6.5138177,42.5342081
-6.5138606,42.5342332
-6.5139890,42.5343383
-6.5140248,42.5343907
-6.5140763,42.5344273
-6.5140910,42.5344479
-6.5141057,42.5344866
-6.5141290,42.5345144
-6.5141431,42.5345527
-6.5141720,42.5345920
-6.5142120,42.5346392
-6.5142435,42.5346666
-6.5143240,42.5347112
-6.5143789,42.5347288
-6.5145423,42.5347489
-6.5146882,42.5347485
-6.5147759,42.5347455
-6.5148182,42.5347525
-6.5150425,42.5348503
-6.5151138,42.5348488
-6.5151707,42.5348399
-6.5152312,42.5348202
-6.5153098,42.5347912
-6.5153920,42.5347794
-6.5156750,42.5347891
-6.5159117,42.5348087
-6.5160594,42.5348320
-6.5161019,42.5348435
-6.5162206,42.5348826
-6.5164702,42.5350026
-6.5165454,42.5350416
-6.5166092,42.5350565
-6.5166706,42.5350243
-6.5167780,42.5351725
-6.5171562,42.5358445
-6.5173707,42.5362929
-6.5174352,42.5364177
-6.5174593,42.5364789
-6.5174780,42.5366150
-6.5174996,42.5367635
-6.5175209,42.5368304
-6.5177729,42.5372020
-6.5177349,42.5372240
-6.5178043,42.5373040
-6.5178629,42.5373518
-6.5179040,42.5373795
-6.5179715,42.5374206
-6.5180455,42.5374868
-6.5181371,42.5375865
-6.5181842,42.5375880
-6.5182076,42.5375887
-6.5183560,42.5375971
-6.5189760,42.5375904
-6.5190852,42.5376063
-6.5192316,42.5376465
-6.5194750,42.5377152
-6.5196158,42.5377548
-6.5199909,42.5378765
-6.5201298,42.5379134
-6.5204352,42.5380192
-6.5207621,42.5381184
-6.5208219,42.5381388
-6.5209326,42.5381745
-6.5211524,42.5382448
-6.5213731,42.5383193
-6.5214948,42.5383613
-6.5217143,42.5384363
-6.5217716,42.5384554
-6.5218376,42.5384774
-6.5221146,42.5385759
-6.5222579,42.5386392
-6.5224224,42.5387071
-6.5225283,42.5387861
-6.5225629,42.5388100
-6.5226678,42.5389096
-6.5227576,42.5390015
-6.5228364,42.5390104
-6.5229229,42.5390380
-6.5231807,42.5391537
-6.5238911,42.5394629
-6.5243847,42.5397060
-6.5252778,42.5401447
-6.5259831,42.5405071
-6.5261817,42.5406269
-6.5276845,42.5416666
-6.5280727,42.5419075
-6.5283848,42.5420531
-6.5283516,42.5420900
-6.5283138,42.5421318
-6.5283841,42.5421669
-6.5284247,42.5421872
-6.5284456,42.5421969
-6.5291954,42.5425440
-6.5289325,42.5428555
-6.5292557,42.5431004
-6.5295478,42.5433064
-6.5308723,42.5440683
-6.5313116,42.5442200
-6.5319420,42.5443960
-6.5322002,42.5444843
-6.5324539,42.5446011
-6.5329220,42.5448280
-6.5331790,42.5449680
-6.5334121,42.5451114
-6.5336311,42.5452761
-6.5338763,42.5454264
-6.5341852,42.5455941
-6.5342960,42.5456459
-6.5343944,42.5455798
-6.5345929,42.5456668
-6.5348279,42.5457256
-6.5351880,42.5457506
-6.5353453,42.5457615
-6.5354429,42.5457716
-6.5357528,42.5457959
-6.5359623,42.5457945
-6.5361009,42.5457778
-6.5363209,42.5457177
-6.5366130,42.5456711
-6.5368618,42.5456600
-6.5372197,42.5456826
-6.5374598,42.5457087
-6.5377700,42.5457439
-6.5380264,42.5458160
-6.5382877,42.5459655
-6.5384672,42.5461499
-6.5386092,42.5463212
-6.5386737,42.5463828
-6.5387381,42.5464259
-6.5388438,42.5464625
-6.5390141,42.5465075
-6.5393403,42.5465628
-6.5394661,42.5465719
-6.5396055,42.5465708
-6.5397573,42.5465610
-6.5399205,42.5465394
-6.5401302,42.5465550
-6.5402695,42.5465752
-6.5404368,42.5465876
-6.5406198,42.5465863
-6.5412408,42.5465613
-6.5420105,42.5465042
-6.5427496,42.5463979
-6.5434130,42.5464170
-6.5437748,42.5464230
-6.5439482,42.5464394
-6.5441668,42.5464557
-6.5444071,42.5464611
-6.5447122,42.5464421
-6.5449525,42.5464243
-6.5452705,42.5463726
-6.5454363,42.5463460
-6.5457734,42.5462645
-6.5460019,42.5462072
-6.5461874,42.5461674
-6.5463706,42.5461410
-6.5464907,42.5461328
-6.5466109,42.5461196
-6.5470824,42.5460402
-6.5473312,42.5459953
-6.5474901,42.5459730
-6.5476758,42.5459489
-6.5477059,42.5459244
-6.5481917,42.5458795
-6.5484258,42.5458489
-6.5486334,42.5457930
-6.5488676,42.5456957
-6.5493609,42.5454647
-6.5494415,42.5454334
-6.5495900,42.5453889
-6.5497703,42.5453550
-6.5499724,42.5453372
-6.5501227,42.5453354
-6.5501732,42.5453384
-6.5501815,42.5452882
-6.5501992,42.5452322
-6.5502476,42.5451999
-6.5503295,42.5451533
-6.5504968,42.5451000
-6.5512773,42.5448704
-6.5514461,42.5448179
-6.5516209,42.5447780
-6.5521062,42.5446825
-6.5531189,42.5445013
-6.5534072,42.5443640
-6.5538646,42.5441970
-6.5540992,42.5441160
-6.5543366,42.5440715
-6.5547162,42.5440154
-6.5549305,42.5439794
-6.5551480,42.5439628
-6.5554295,42.5439653
-6.5556522,42.5439605
-6.5557676,42.5439342
-6.5558373,42.5438996
-6.5559071,42.5438354
-6.5561104,42.5435979
-6.5562118,42.5434800
-6.5563455,42.5433678
-6.5569785,42.5428635
-6.5570548,42.5428017
-6.5581024,42.5419613
-6.5585424,42.5417725
-6.5589849,42.5415272
-6.5591144,42.5414717
-6.5592054,42.5414362
-6.5595565,42.5413331
-6.5596943,42.5412914
-6.5597930,42.5412550
-6.5598386,42.5412274
-6.5598812,42.5411963
-6.5603707,42.5408194
-6.5606346,42.5406470
-6.5607678,42.5405110
-6.5610261,42.5401418
-6.5613121,42.5398802
-6.5614284,42.5397572
-6.5615504,42.5395638
-6.5616591,42.5394007
-6.5617744,42.5392920
-6.5618198,42.5392672
-6.5618811,42.5392465
-6.5619651,42.5392232
-6.5619973,42.5391451
-6.5620467,42.5390787
-6.5621204,42.5390038
-6.5622334,42.5389501
-6.5626791,42.5387921
-6.5629808,42.5387538
-6.5638081,42.5386037
-6.5638946,42.5385941
-6.5639428,42.5385936
-6.5639887,42.5386027
-6.5640020,42.5385854
-6.5640229,42.5385612
-6.5640281,42.5385366
-6.5640312,42.5385146
-6.5641064,42.5385278
-6.5645787,42.5385458
-6.5647840,42.5385494
-6.5649908,42.5385674
-6.5654756,42.5386140
-6.5658280,42.5386643
-6.5670977,42.5388494
-6.5675747,42.5389213
-6.5677168,42.5389400
-6.5678248,42.5389513
-6.5679976,42.5389038
-6.5682983,42.5388227
-6.5689656,42.5386041
-6.5692183,42.5385315
-6.5695188,42.5384626
-6.5696648,42.5384325
-6.5698922,42.5384107
-6.5701975,42.5383861
-6.5704416,42.5383733
-6.5708861,42.5383270
-6.5715746,42.5382544
-6.5726108,42.5381410
-6.5738486,42.5380092
-6.5741116,42.5379812
-6.5744712,42.5379497
-6.5746561,42.5379343
-6.5748403,42.5379054
-6.5749953,42.5378750
-6.5751798,42.5378313
-6.5753624,42.5377797
-6.5755498,42.5376966
-6.5757147,42.5375903
-6.5763122,42.5371742
-6.5764614,42.5370874
-6.5767820,42.5368993
-6.5770292,42.5367326
-6.5773551,42.5364678
-6.5775369,42.5363407
-6.5776539,42.5362699
-6.5778057,42.5362071
-6.5780369,42.5361123
-6.5782627,42.5360466
-6.5784818,42.5360078
-6.5787108,42.5359865
-6.5788674,42.5359802
-6.5790030,42.5359892
-6.5793844,42.5360794
-6.5796972,42.5361593
-6.5797916,42.5361717
-6.5799085,42.5361807
-6.5802492,42.5362101
-6.5803247,42.5362141
-6.5803945,42.5361979
-6.5804757,42.5361695
-6.5806006,42.5361205
-6.5808404,42.5360229
-6.5810174,42.5359304
-6.5811640,42.5358496
-6.5812156,42.5358171
-6.5812591,42.5357667
-6.5812985,42.5356935
-6.5813339,42.5356134
-6.5813533,42.5355710
-6.5813699,42.5355148
-6.5813718,42.5354236
-6.5814749,42.5353628
-6.5814460,42.5353264
-6.5818279,42.5350528
-6.5820281,42.5349176
-6.5821971,42.5348247
-6.5823204,42.5347789
-6.5825257,42.5347459
-6.5827123,42.5346929
-6.5829455,42.5345994
-6.5831171,42.5345618
-6.5832539,42.5345519
-6.5833773,42.5345579
-6.5834531,42.5345726
-6.5834688,42.5345757
-6.5835490,42.5345994
-6.5836079,42.5346299
-6.5836624,42.5346526
-6.5838520,42.5347713
-6.5839458,42.5348204
-6.5840613,42.5348583
-6.5840872,42.5348684
-6.5841402,42.5348854
-6.5842355,42.5349054
-6.5844153,42.5349314
-6.5849705,42.5350164
-6.5853970,42.5351192
-6.5856034,42.5351920
-6.5857537,42.5352457
-6.5859656,42.5353781
-6.5860193,42.5354137
-6.5860729,42.5354334
-6.5861388,42.5354810
-6.5861805,42.5355111
-6.5862049,42.5355635
-6.5863177,42.5356616
-6.5864367,42.5357635
-6.5871288,42.5362106
-6.5875353,42.5364757
-6.5875669,42.5364827
-6.5875976,42.5364616
-6.5876059,42.5364345
-6.5874509,42.5362738
-6.5875212,42.5362370
-6.5875788,42.5362067
-6.5881221,42.5367562
-6.5882938,42.5369104
-6.5884091,42.5370126
-6.5887954,42.5373308
-6.5893659,42.5378094
-6.5894337,42.5378663
-6.5896483,42.5379817
-6.5896778,42.5379928
-6.5896958,42.5380108
-6.5897154,42.5380304
-6.5896912,42.5380462
-6.5896751,42.5380798
-6.5897121,42.5381248
-6.5896815,42.5381453
-6.5896528,42.5381646
-6.5896232,42.5381910
-6.5896149,42.5382312
-6.5896568,42.5383522
-6.5896509,42.5383605
-6.5892978,42.5388514
-6.5892250,42.5389531
-6.5892124,42.5389874
-6.5892077,42.5390231
-6.5892058,42.5391323
-6.5892166,42.5392039
-6.5892325,42.5392306
-6.5892545,42.5392488
-6.5893730,42.5392904
-6.5893688,42.5393163
-6.5898338,42.5394429
-6.5904980,42.5396287
-6.5905792,42.5396601
-6.5906814,42.5397109
-6.5907963,42.5397899
-6.5910912,42.5400424
-6.5912798,42.5401975
-6.5913478,42.5402478
-6.5914684,42.5403493
-6.5916461,42.5404915
-6.5916830,42.5405580
-6.5917137,42.5406122
-6.5917187,42.5406396
-6.5917348,42.5406580
-6.5917837,42.5406862
-6.5918708,42.5407243
-6.5919523,42.5407562
-6.5919870,42.5407768
-6.5920521,42.5408236
-6.5921468,42.5408865
-6.5922642,42.5409752
-6.5925476,42.5411639
-6.5925972,42.5411941
-6.5926595,42.5412113
-6.5928932,42.5412473
-6.5928956,42.5420381
-6.5929071,42.5429585
-6.5929096,42.5430150
-6.5929990,42.5429980
-6.5931261,42.5429862
-6.5933239,42.5429889
-6.5934046,42.5429886
-6.5934339,42.5429903
-6.5934320,42.5430274
-6.5934003,42.5430685
-6.5933238,42.5431523
-6.5930743,42.5433879
-6.5929390,42.5435135
-6.5927874,42.5436440
-6.5926703,42.5437702
-6.5926032,42.5439132
-6.5926186,42.5440720
-6.5926256,42.5441446
-6.5924792,42.5442999
-6.5924952,42.5444700
-6.5924397,42.5445563
-6.5923324,42.5446561
-6.5921331,42.5447353
-6.5920644,42.5447951
-6.5920287,42.5448286
-6.5919999,42.5448614
-6.5919156,42.5449556
-6.5915524,42.5452874
-6.5912182,42.5455778
-6.5911273,42.5456533
-6.5909583,42.5457712
-6.5910565,42.5458649
-6.5910863,42.5459020
-6.5911012,42.5459397
-6.5911307,42.5460120
-6.5910886,42.5460871
-6.5909732,42.5461696
-6.5908203,42.5462748
-6.5906744,42.5463766
-6.5906082,42.5464201
-6.5905864,42.5464344
-6.5909758,42.5464155
-6.5913510,42.5463914
-6.5914998,42.5463926
-6.5916118,42.5464044
-6.5917375,42.5464406
-6.5918303,42.5464635
-6.5921333,42.5466111
-6.5921908,42.5466409
-6.5922572,42.5466753
-6.5923709,42.5467046
-6.5924251,42.5467168
-6.5924068,42.5467611
-6.5923984,42.5467950
-6.5924702,42.5468126
-6.5924490,42.5468690
-6.5924757,42.5468734
-6.5925229,42.5468813
-6.5929938,42.5469674
-6.5931197,42.5469955
-6.5932019,42.5470135
-6.5935309,42.5470904
-6.5936824,42.5471227
-6.5939037,42.5471699
-6.5938806,42.5472186
-6.5938479,42.5472875
-6.5938134,42.5473722
-6.5937950,42.5474309
-6.5937894,42.5474848
-6.5937966,42.5475086
-6.5938248,42.5475754
-6.5938640,42.5476302
-6.5939626,42.5476689
-6.5941505,42.5477023
-6.5944985,42.5477660
-6.5951850,42.5478917
-6.5958647,42.5480291
-6.5958446,42.5480656
-6.5959787,42.5482593
-6.5959659,42.5483243
-6.5957507,42.5489588
-6.5957345,42.5490066
-6.5952279,42.5505413
-6.5950935,42.5509150
-6.5948548,42.5509881
-6.5948283,42.5510369
-6.5948198,42.5510523
-6.5949219,42.5510827
-6.5949578,42.5511217
-6.5949728,42.5511857
-6.5949399,42.5512416
-6.5948734,42.5512847
-6.5948022,42.5512917
-6.5947249,42.5512764
-6.5946133,42.5515836
-6.5945533,42.5517490
-6.5946194,42.5517734
-6.5946574,42.5518184
-6.5946658,42.5518643
-6.5946235,42.5519235
-6.5945451,42.5519509
-6.5944850,42.5519584
-6.5943812,42.5519376
-6.5943546,42.5520019
-6.5943264,42.5520590
-6.5944391,42.5521025
-6.5944981,42.5521479
-6.5945330,42.5521875
-6.5945571,42.5522724
-6.5945460,42.5523230
-6.5945029,42.5523464
-6.5944534,42.5523530
-6.5943911,42.5523681
-6.5941855,42.5529793
-6.5941498,42.5530136
-6.5941292,42.5530692
-6.5941237,42.5531130
-6.5942350,42.5532174
-6.5942376,42.5532632
-6.5942020,42.5533633
-6.5939708,42.5540132
-6.5939361,42.5541167
-6.5939405,42.5544480
-6.5940099,42.5547146
-6.5941023,42.5548545
-6.5942163,42.5549943
-6.5943164,42.5550876
-6.5943766,42.5551564
-6.5943561,42.5552403
-6.5943962,42.5552820
-6.5944460,42.5553266
-6.5944612,42.5554843
-6.5944448,42.5555571
-6.5944097,42.5555809
-6.5944340,42.5556284
-6.5944340,42.5556934
-6.5944163,42.5557675
-6.5944127,42.5557897
-6.5941403,42.5559535
-6.5938263,42.5561574
-6.5938019,42.5561756
-6.5937649,42.5561978
-6.5937171,42.5562049
-6.5936283,42.5562022
-6.5935962,42.5562306
-6.5935674,42.5562560
-6.5934872,42.5562984
-6.5934547,42.5563126
-6.5934231,42.5563264
-6.5934110,42.5563915
-6.5933836,42.5564487
-6.5928778,42.5567540
-6.5926124,42.5569192
-6.5926507,42.5569546
-6.5927268,42.5570249
-6.5927706,42.5570654
-6.5926822,42.5571250
-6.5926021,42.5572004
-6.5925583,42.5572582
-6.5925346,42.5573321
-6.5925292,42.5573954
-6.5925078,42.5574744
-6.5924702,42.5575396
-6.5924113,42.5575913
-6.5923215,42.5576497
-6.5922046,42.5576858
-6.5921170,42.5576982
-6.5920668,42.5577175
-6.5920243,42.5577527
-6.5919767,42.5578122
-6.5919069,42.5579012
-6.5918733,42.5579357
-6.5918273,42.5579643
-6.5917754,42.5579972
-6.5917218,42.5580234
-6.5915812,42.5580745
-6.5913544,42.5581183
-6.5908606,42.5582120
-6.5903382,42.5583154
-6.5894096,42.5584991
-6.5889706,42.5585860
-6.5888574,42.5586127
-6.5887808,42.5586423
-6.5887233,42.5586824
-6.5886871,42.5587276
-6.5886694,42.5587553
-6.5886694,42.5587734
-6.5886750,42.5588972
-6.5887018,42.5589446
-6.5886467,42.5589856
-6.5887442,42.5590566
-6.5888555,42.5591418
-6.5890200,42.5592669
-6.5892388,42.5594292
-6.5897142,42.5597838
-6.5900230,42.5600100
-6.5900967,42.5600690
-6.5904330,42.5603286
-6.5919850,42.5614648
-6.5928392,42.5621035
-6.5928763,42.5621312
-6.5927437,42.5622349
-6.5927934,42.5622722
-6.5930166,42.5624399
-6.5931176,42.5625160
-6.5931302,42.5625255
-6.5931550,42.5625463
-6.5931915,42.5625709
-6.5932277,42.5625977
-6.5933469,42.5626859
-6.5934492,42.5626165
-6.5934566,42.5626225
-6.5934761,42.5626304
-6.5934980,42.5626334
-6.5935200,42.5626313
-6.5935401,42.5626243
-6.5935483,42.5626186
-6.5937446,42.5627551
-6.5937845,42.5627855
-6.5938236,42.5628147
-6.5939037,42.5627531
-6.5940696,42.5628714
-6.5941747,42.5629465
-6.5942527,42.5630107
-6.5942856,42.5630514
-6.5942906,42.5630771
-6.5942921,42.5630810
-6.5943009,42.5631033
-6.5943543,42.5631445
-6.5944614,42.5632279
-6.5944045,42.5632715
-6.5944124,42.5632779
-6.5950745,42.5637470
-6.5953136,42.5635683
-6.5964428,42.5643921
-6.5974528,42.5651726
-6.5976374,42.5653025
-6.5977472,42.5654221
-6.5978330,42.5654834
-6.5978817,42.5655277
-6.5979596,42.5656242
-6.5980247,42.5656978
-6.5980572,42.5657100
-6.5981316,42.5657164
-6.5981834,42.5658320
-6.5982339,42.5658972
-6.5983334,42.5660384
-6.5984897,42.5662062
-6.5986335,42.5663476
-6.5987489,42.5664808
-6.5988701,42.5666152
-6.5991309,42.5668455
-6.5994119,42.5670672
-6.5996906,42.5673301
-6.6000155,42.5676137
-6.6003048,42.5678439
-6.6004316,42.5679624
-6.6005080,42.5680968
-6.6007893,42.5683664
-6.6010742,42.5686733
-6.6011749,42.5688066
-6.6012802,42.5689544
-6.6014159,42.5692387
-6.6014917,42.5694406
-6.6015024,42.5695033
-6.6015063,42.5695593
-6.6015618,42.5697318
-6.6016054,42.5697983
-6.6016991,42.5699088
-6.6017823,42.5700302
-6.6018794,42.5702311
-6.6019910,42.5705093
-6.6020596,42.5706357
-6.6021111,42.5706610
-6.6021798,42.5706799
-6.6023218,42.5707152
-6.6025703,42.5707647
-6.6028149,42.5708253
-6.6029874,42.5708892
-6.6032210,42.5709995
-6.6035359,42.5711982
-6.6037848,42.5713879
-6.6038878,42.5714827
-6.6039307,42.5715269
-6.6039891,42.5715991
-6.6039904,42.5716212
-6.6039868,42.5716974
-6.6039969,42.5717763
-6.6040313,42.5718254
-6.6040982,42.5718673
-6.6043513,42.5719441
-6.6046860,42.5720389
-6.6050228,42.5721397
-6.6051038,42.5721678
-6.6051888,42.5721765
-6.6053315,42.5721791
-6.6054838,42.5721959
-6.6055701,42.5722096
-6.6058985,42.5722569
-6.6061435,42.5722776
-6.6065490,42.5723013
-6.6069777,42.5723233
-6.6072466,42.5723360
-6.6074313,42.5723601
-6.6076882,42.5723728
-6.6077704,42.5723688
-6.6079341,42.5724157
-6.6079956,42.5724376
-6.6081027,42.5724451
-6.6082129,42.5724559
-6.6083018,42.5724646
-6.6083906,42.5724734
-6.6084480,42.5724643
-6.6084158,42.5724011
-6.6084740,42.5723885
-6.6085710,42.5723693
-6.6086277,42.5723576
-6.6087038,42.5725406
-6.6088911,42.5725940
-6.6090461,42.5726392
-6.6093324,42.5727178
-6.6096354,42.5728030
-6.6099197,42.5728814
-6.6102091,42.5729758
-6.6104981,42.5731051
-6.6106612,42.5731941
-6.6107903,42.5732604
-6.6108670,42.5733049
-6.6109226,42.5733325
-6.6109756,42.5733481
-6.6111716,42.5733846
-6.6112831,42.5734982
-6.6113877,42.5736111
-6.6114668,42.5736960
-6.6116523,42.5738946
-6.6117108,42.5739667
-6.6118404,42.5741264
-6.6119223,42.5742494
-6.6120260,42.5742830
-6.6121317,42.5743611
-6.6123128,42.5744627
-6.6124437,42.5744936
-6.6126167,42.5745249
-6.6129973,42.5745593
-6.6136659,42.5745935
-6.6157497,42.5747529
-6.6163242,42.5748103
-6.6167279,42.5748765
-6.6172607,42.5749730
-6.6178058,42.5750525
-6.6197760,42.5752788
-6.6200950,42.5753020
-6.6212047,42.5753276
-6.6215484,42.5753565
-6.6220722,42.5754088
-6.6226059,42.5754493
-6.6232126,42.5754768
-6.6242411,42.5755505
-6.6245160,42.5755740
-6.6248301,42.5756042
-6.6255980,42.5757570
-6.6263878,42.5758532
-6.6272135,42.5759180
-6.6275066,42.5759859
-6.6278289,42.5760673
-6.6285604,42.5763302
-6.6292030,42.5766070
-6.6296062,42.5768387
-6.6302260,42.5772720
-6.6304259,42.5774021
-6.6306338,42.5775143
-6.6309482,42.5776769
-6.6313781,42.5778461
-6.6317090,42.5779590
-6.6320875,42.5780604
-6.6321972,42.5780828
-6.6322710,42.5780840
-6.6323869,42.5780796
-6.6325108,42.5780613
-6.6327182,42.5780333
-6.6329322,42.5779904
-6.6336487,42.5778329
-6.6339944,42.5777589
-6.6341572,42.5777165
-6.6342944,42.5776759
-6.6349816,42.5774047
-6.6353650,42.5772730
-6.6355208,42.5772259
-6.6363072,42.5770614
-6.6365095,42.5770658
-6.6369142,42.5770560
-6.6370783,42.5770377
-6.6376806,42.5769089
-6.6379888,42.5768600
-6.6382808,42.5768349
-6.6385108,42.5768366
-6.6385939,42.5768234
-6.6386640,42.5768008
-6.6390036,42.5767687
-6.6392144,42.5767845
-6.6393496,42.5767942
-6.6394254,42.5768031
-6.6396106,42.5768448
-6.6398414,42.5769235
-6.6401095,42.5770181
-6.6404397,42.5771168
-6.6408622,42.5772889
-6.6409491,42.5773111
-6.6410122,42.5773234
-6.6412152,42.5773425
-6.6414112,42.5773547
-6.6426865,42.5773615
-6.6433083,42.5773527
-6.6443302,42.5773629
-6.6445013,42.5773707
-6.6445802,42.5773809
-6.6446735,42.5773925
-6.6447737,42.5774012
-6.6449014,42.5773992
-6.6456922,42.5773369
-6.6459435,42.5773185
-6.6466401,42.5772192
-6.6470677,42.5771746
-6.6477216,42.5771359
-6.6483142,42.5770881
-6.6493306,42.5769965
-6.6501323,42.5769409
-6.6506870,42.5769272
-6.6513243,42.5769376
-6.6522121,42.5769988
-6.6528469,42.5770703
-6.6532141,42.5771098
-6.6533197,42.5771166
-6.6534230,42.5771148
-6.6536080,42.5771108
-6.6537884,42.5770913
-6.6544384,42.5769415
-6.6547268,42.5768994
-6.6549639,42.5768940
-6.6552538,42.5769198
-6.6557768,42.5769869
-6.6561228,42.5769929
-6.6567263,42.5769573
-6.6569458,42.5769334
-6.6571581,42.5768862
-6.6573386,42.5768288
-6.6575148,42.5767558
-6.6577415,42.5766309
-6.6579440,42.5765366
-6.6581316,42.5764675
-6.6583489,42.5764023
-6.6585998,42.5763544
-6.6591535,42.5762679
-6.6599703,42.5761561
-6.6606841,42.5760806
-6.6607656,42.5760688
-6.6608981,42.5760495
-6.6610132,42.5761034
-6.6621382,42.5765796
-6.6623222,42.5766569
-6.6624149,42.5766959
-6.6635655,42.5771205
-6.6640400,42.5772922
-6.6642668,42.5773734
-6.6651166,42.5776776
-6.6652070,42.5777086
-6.6653260,42.5777493
-6.6656701,42.5778685
-6.6659435,42.5779749
-6.6661206,42.5780649
-6.6663046,42.5781660
-6.6665949,42.5783575
-6.6669276,42.5785592
-6.6670843,42.5786543
-6.6671386,42.5786254
-6.6671843,42.5786122
-6.6672328,42.5786065
-6.6672819,42.5786084
-6.6673293,42.5786181
-6.6673729,42.5786350
-6.6674106,42.5786583
-6.6674446,42.5786919
-6.6674664,42.5787306
-6.6674746,42.5787719
-6.6674687,42.5788135
-6.6674411,42.5788635
-6.6673937,42.5789044
-6.6675980,42.5790382
-6.6676193,42.5790527
-6.6679058,42.5792067
-6.6682698,42.5793685
-6.6683433,42.5794005
-6.6685521,42.5794914
-6.6686709,42.5795432
-6.6687429,42.5795745
-6.6690303,42.5797013
-6.6699164,42.5800923
-6.6700147,42.5801352
-6.6702745,42.5802522
-6.6703811,42.5803002
-6.6703943,42.5803058
-6.6705588,42.5803757
-6.6706075,42.5803972
-6.6706262,42.5804056
-6.6706436,42.5804133
-6.6707147,42.5804447
-6.6708512,42.5805052
-6.6709352,42.5805424
-6.6710726,42.5806032
-6.6711759,42.5806488
-6.6712103,42.5806640
-6.6714825,42.5807908
-6.6719863,42.5810256
-6.6720212,42.5810418
-6.6721451,42.5811138
-6.6722501,42.5811945
-6.6723826,42.5813054
-6.6726896,42.5815976
-6.6737956,42.5826367
-6.6741176,42.5829380
-6.6744631,42.5832672
-6.6745980,42.5834199
-6.6746327,42.5833885
-6.6746842,42.5833696
-6.6747415,42.5833628
-6.6747984,42.5833708
-6.6748483,42.5833926
-6.6748805,42.5834201
-6.6749005,42.5834534
-6.6749063,42.5834895
-6.6748976,42.5835253
-6.6748751,42.5835577
-6.6749303,42.5836311
-6.6750519,42.5837927
-6.6751522,42.5839085
-6.6752420,42.5840257
-6.6752850,42.5841191
-6.6754518,42.5841641
-6.6755096,42.5842223
-6.6756178,42.5843313
-6.6759126,42.5846049
-6.6761773,42.5848612
-6.6765589,42.5852120
-6.6768431,42.5855016
-6.6769324,42.5855925
-6.6771788,42.5858732
-6.6772656,42.5859539
-6.6773216,42.5860079
-6.6774327,42.5860890
-6.6775648,42.5861614
-6.6777272,42.5862858
-6.6777863,42.5863496
-6.6778042,42.5863831
-6.6778314,42.5864133
-6.6780163,42.5865556
-6.6788592,42.5872136
-6.6789172,42.5872557
-6.6789980,42.5872909
-6.6791065,42.5873039
-6.6792123,42.5873052
-6.6792947,42.5873041
-6.6793543,42.5872991
-6.6794585,42.5872665
-6.6797930,42.5871074
-6.6800304,42.5870171
-6.6802476,42.5869591
-6.6804271,42.5869272
-6.6805474,42.5869352
-6.6807440,42.5869659
-6.6809919,42.5870468
-6.6811961,42.5871153
-6.6813788,42.5871978
-6.6816479,42.5873337
-6.6817773,42.5874054
-6.6818907,42.5874770
-6.6821037,42.5876467
-6.6822755,42.5877603
-6.6825643,42.5879038
-6.6830813,42.5881422
-6.6833400,42.5882463
-6.6835898,42.5882882
-6.6839199,42.5882978
-6.6843226,42.5882665
-6.6846509,42.5882739
-6.6846747,42.5882780
-6.6849188,42.5883200
-6.6851759,42.5883643
-6.6855042,42.5884113
-6.6859701,42.5885005
-6.6861304,42.5885222
-6.6865519,42.5886546
-6.6872777,42.5888630
-6.6879755,42.5890614
-6.6880393,42.5890771
-6.6885986,42.5892815
-6.6887709,42.5893431
-6.6889441,42.5893959
-6.6890662,42.5894133
-6.6892062,42.5894076
-6.6896661,42.5893485
-6.6899091,42.5893506
-6.6901351,42.5893767
-6.6905378,42.5894828
-6.6911530,42.5896300
-6.6914534,42.5897066
-6.6915195,42.5897315
-6.6915715,42.5897672
-6.6916102,42.5898028
-6.6916135,42.5898408
-6.6916999,42.5899653
-6.6917409,42.5900164
-6.6919508,42.5900999
-6.6921333,42.5901964
-6.6923707,42.5903801
-6.6925033,42.5905204
-6.6925933,42.5905619
-6.6929803,42.5906571
-6.6932796,42.5907604
-6.6934400,42.5907992
-6.6938845,42.5909557
-6.6940610,42.5910162
-6.6941248,42.5910417
-6.6942158,42.5910719
-6.6944609,42.5911605
-6.6948555,42.5912820
-6.6952565,42.5913942
-6.6955484,42.5914766
-6.6959728,42.5916163
-6.6964139,42.5917770
-6.6968474,42.5919210
-6.6974492,42.5921334
-6.6983379,42.5923946
-6.6987431,42.5925188
-6.6991905,42.5926779
-6.6996530,42.5928161
-6.7001872,42.5929658
-6.7006382,42.5930772
-6.7011127,42.5931671
-6.7015422,42.5932236
-6.7018052,42.5932683
-6.7022869,42.5934008
-6.7026352,42.5934648
-6.7029780,42.5935061
-6.7031659,42.5935477
-6.7040057,42.5938255
-6.7043403,42.5939513
-6.7045167,42.5940395
-6.7046443,42.5940374
-6.7048330,42.5941283
-6.7050070,42.5941890
-6.7055455,42.5943774
-6.7059718,42.5945265
-6.7060870,42.5945668
-6.7069283,42.5949195
-6.7074956,42.5951573
-6.7084363,42.5955434
-6.7097160,42.5960500
-6.7099403,42.5961367
-6.7100104,42.5961637
-6.7107839,42.5964625
-6.7112334,42.5966302
-6.7130580,42.5973110
-6.7131858,42.5973692
-6.7132878,42.5974398
-6.7134217,42.5975454
-6.7134955,42.5976035
-6.7135100,42.5976150
-6.7138508,42.5979393
-6.7140063,42.5980873
-6.7141314,42.5982063
-6.7144049,42.5984665
-6.7144589,42.5985121
-6.7145108,42.5985559
-6.7146289,42.5986181
-6.7147976,42.5986696
-6.7148519,42.5986925
-6.7150617,42.5987810
-6.7152240,42.5988803
-6.7154995,42.5991060
-6.7157017,42.5992562
-6.7159216,42.5993729
-6.7164298,42.5995218
-6.7165755,42.5995576
-6.7165624,42.5995752
-6.7165606,42.5995951
-6.7165704,42.5996138
-6.7165944,42.5996296
-6.7166258,42.5996345
-6.7166565,42.5996274
-6.7166784,42.5996100
-6.7166858,42.5995870
-6.7177392,42.5996146
-6.7178632,42.5996178
-6.7182212,42.5996238
-6.7195316,42.5996647
-6.7195610,42.5996656
-6.7201424,42.5996773
-6.7205834,42.5996845
-6.7212306,42.5997153
-6.7214841,42.5997274
-6.7217664,42.5997519
-6.7218537,42.5997595
-6.7220582,42.5997751
-6.7221047,42.5997779
-6.7221334,42.5997722
-6.7221617,42.5997592
-6.7221776,42.5997449
-6.7221807,42.5997378
-6.7222414,42.5997324
-6.7224654,42.5997276
-6.7227230,42.5997266
-6.7228453,42.5997364
-6.7232114,42.5997865
-6.7237161,42.5998544
-6.7239575,42.5998629
-6.7242645,42.5998751
-6.7243152,42.5998786
-6.7244618,42.5998723
-6.7247231,42.5998697
-6.7249244,42.5998668
-6.7252069,42.5998347
-6.7254813,42.5997721
-6.7256098,42.5997259
-6.7256638,42.5996472
-6.7258286,42.5995808
-6.7260895,42.5995762
-6.7264188,42.5996296
-6.7265010,42.5996463
-6.7268121,42.5997769
-6.7268643,42.5998000
-6.7271198,42.5998977
-6.7272773,42.5999357
-6.7272903,42.5999388
-6.7272970,42.5999404
-6.7274057,42.5999559
-6.7275193,42.5999721
-6.7277368,42.5999962
-6.7278575,42.6000087
-6.7279916,42.6000185
-6.7280441,42.6000238
-6.7280913,42.6000296
-6.7290862,42.6000396
-6.7291422,42.6000403
-6.7296759,42.6000662
-6.7304376,42.6000957
-6.7305136,42.6000997
-6.7305583,42.6001019
-6.7307397,42.6001106
-6.7307858,42.6001128
-6.7309690,42.6001317
-6.7311024,42.6001451
-6.7311628,42.6001314
-6.7312573,42.6001292
-6.7314100,42.6001453
-6.7315777,42.6001847
-6.7318136,42.6002498
-6.7319423,42.6002795
-6.7319987,42.6003150
-6.7324525,42.6004280
-6.7327524,42.6005045
-6.7331681,42.6006092
-6.7337280,42.6007433
-6.7337157,42.6007756
-6.7337493,42.6007847
-6.7338051,42.6007999
-6.7338231,42.6007659
-6.7339199,42.6007873
-6.7344259,42.6009070
-6.7357088,42.6012585
-6.7368687,42.6016128
-6.7371948,42.6017106
-6.7374142,42.6018013
-6.7376037,42.6018943
-6.7388052,42.6024994
-6.7390712,42.6026334
-6.7394995,42.6028562
-6.7402553,42.6032412
-6.7412917,42.6037733
-6.7423299,42.6043136
-6.7427315,42.6045031
-6.7429533,42.6045777
-6.7430426,42.6046083
-6.7432124,42.6046474
-6.7446098,42.6048850
-6.7460035,42.6051092
-6.7461020,42.6051250
-6.7472585,42.6053060
-6.7482984,42.6054701
-6.7490515,42.6055920
-6.7493735,42.6056497
-6.7503689,42.6058156
-6.7506953,42.6058667
-6.7508035,42.6058836
-6.7516795,42.6059768
-6.7524934,42.6060473
-6.7533023,42.6061112
-6.7542162,42.6061788
-6.7547101,42.6062068
-6.7552168,42.6062301
-6.7554304,42.6061785
-6.7556921,42.6060897
-6.7567324,42.6058473
-6.7579571,42.6055667
-6.7592191,42.6052877
-6.7600595,42.6051020
-6.7603322,42.6050278
-6.7605723,42.6049538
-6.7619001,42.6045150
-6.7623399,42.6043864
-6.7624630,42.6043615
-6.7625836,42.6043486
-6.7626905,42.6043439
-6.7628925,42.6043408
-6.7632200,42.6043491
-6.7644465,42.6043683
-6.7648364,42.6043477
-6.7652610,42.6042847
-6.7655655,42.6042179
-6.7657962,42.6041452
-6.7658062,42.6041420
-6.7660461,42.6040444
-6.7662407,42.6039519
-6.7668891,42.6035905
-6.7681508,42.6028791
-6.7683325,42.6027511
-6.7687784,42.6023841
-6.7698288,42.6015574
-6.7700462,42.6014247
-6.7701988,42.6013642
-6.7703634,42.6013214
-6.7705431,42.6013060
-6.7707297,42.6013041
-6.7722825,42.6014177
-6.7726159,42.6014475
-6.7728626,42.6014825
-6.7733564,42.6015700
-6.7738422,42.6016587
-6.7741504,42.6017060
-6.7743829,42.6017280
-6.7746077,42.6017332
-6.7748031,42.6017203
-6.7750126,42.6016909
-6.7752910,42.6016303
-6.7754989,42.6015611
-6.7757204,42.6014812
-6.7763378,42.6011916
-6.7764183,42.6012506
-6.7766999,42.6014165
-6.7769071,42.6015288
-6.7769397,42.6015458
-6.7769954,42.6015522
-6.7774287,42.6015263
-6.7777235,42.6015225
-6.7781308,42.6015438
-6.7786281,42.6015781
-6.7789164,42.6015924
-6.7790335,42.6015759
-6.7792204,42.6015723
-6.7800192,42.6015641
-6.7805481,42.6015502
-6.7812116,42.6015774
-6.7814355,42.6015913
-6.7816329,42.6016122
-6.7819060,42.6016825
-6.7824014,42.6018314
-6.7825112,42.6018551
-6.7833144,42.6020996
-6.7834662,42.6021212
-6.7836428,42.6021127
-6.7838808,42.6020740
-6.7841105,42.6020556
-6.7843857,42.6020542
-6.7845214,42.6020620
-6.7846143,42.6020889
-6.7850003,42.6022050
-6.7851364,42.6022317
-6.7852154,42.6022363
-6.7854036,42.6022561
-6.7855751,42.6022745
-6.7857111,42.6023032
-6.7858680,42.6023639
-6.7860450,42.6024678
-6.7861475,42.6025248
-6.7862301,42.6025584
-6.7863342,42.6025579
-6.7864686,42.6025297
-6.7867303,42.6024701
-6.7869359,42.6024264
-6.7870775,42.6024262
-6.7873004,42.6024296
-6.7874469,42.6024215
-6.7875758,42.6024299
-6.7876577,42.6024549
-6.7880828,42.6027396
-6.7882038,42.6028094
-6.7883732,42.6029193
-6.7884876,42.6030292
-6.7885710,42.6031689
-6.7886754,42.6032631
-6.7890968,42.6035978
-6.7893062,42.6037462
-6.7896020,42.6039281
-6.7896938,42.6039702
-6.7897937,42.6040099
-6.7899447,42.6040327
-6.7901469,42.6040598
-6.7903317,42.6040948
-6.7904684,42.6041381
-6.7906914,42.6042227
-6.7910677,42.6044128
-6.7913208,42.6045500
-6.7914568,42.6046441
-6.7916003,42.6047253
-6.7916755,42.6047439
-6.7917941,42.6047439
-6.7920345,42.6047205
-6.7923431,42.6047209
-6.7925510,42.6047212
-6.7930893,42.6047591
-6.7937363,42.6047655
-6.7948810,42.6047783
-6.7951587,42.6047636
-6.7953590,42.6047538
-6.7964256,42.6046950
-6.7965055,42.6046773
-6.7967946,42.6045535
-6.7970445,42.6044215
-6.7972523,42.6043255
-6.7975462,42.6042028
-6.7980433,42.6039848
-6.7982059,42.6039504
-6.7983846,42.6039247
-6.7985930,42.6039131
-6.7989726,42.6039358
-6.7997030,42.6040150
-6.8005963,42.6041000
-6.8008432,42.6041420
-6.8014104,42.6042610
-6.8017666,42.6043300
-6.8018889,42.6043537
-6.8024623,42.6044603
-6.8026323,42.6044751
-6.8027188,42.6044774
-6.8029713,42.6044842
-6.8033555,42.6044715
-6.8034415,42.6044686
-6.8045764,42.6045162
-6.8055723,42.6045396
-6.8056025,42.6045386
-6.8058212,42.6045312
-6.8061140,42.6045017
-6.8064971,42.6044134
-6.8068394,42.6043641
-6.8071061,42.6043403
-6.8071651,42.6043204
-6.8071871,42.6042904
-6.8071922,42.6042593
-6.8074941,42.6042229
-6.8076173,42.6042067
-6.8077075,42.6041951
-6.8079004,42.6041775
-6.8080981,42.6041528
-6.8083589,42.6041310
-6.8092076,42.6042502
-6.8094927,42.6042413
-6.8096183,42.6043371
-6.8097013,42.6043902
-6.8097659,42.6044323
-6.8098422,42.6044599
-6.8098929,42.6044744
-6.8100134,42.6044671
-6.8101401,42.6048292
-6.8102938,42.6052065
-6.8103068,42.6052321
-6.8104489,42.6053973
-6.8104768,42.6053949
-6.8105083,42.6054065
-6.8105351,42.6054328
-6.8106102,42.6055062
-6.8106096,42.6055215
-6.8106225,42.6055373
-6.8106596,42.6055582
-6.8107016,42.6055474
-6.8107424,42.6055673
-6.8107504,42.6055880
-6.8108575,42.6057311
-6.8108849,42.6058666
-6.8108944,42.6059137
-6.8108602,42.6063502
-6.8108581,42.6063768
-6.8108393,42.6065475
-6.8108211,42.6067593
-6.8108259,42.6069314
-6.8108698,42.6074042
-6.8108889,42.6076802
-6.8109463,42.6081062
-6.8109536,42.6081626
-6.8109536,42.6082330
-6.8109442,42.6083584
-6.8109057,42.6084689
-6.8108732,42.6085094
-6.8107514,42.6086591
-6.8107507,42.6086883
-6.8111688,42.6089096
-6.8112616,42.6089642
-6.8112673,42.6089918
-6.8112733,42.6090211
-6.8113034,42.6090257
-6.8113565,42.6090530
-6.8113707,42.6090394
-6.8114979,42.6091073
-6.8114854,42.6091206
-6.8114959,42.6091391
-6.8115119,42.6091469
-6.8115284,42.6091467
-6.8115541,42.6091378
-6.8117905,42.6092629
-6.8117928,42.6092754
-6.8118148,42.6092862
-6.8119306,42.6093528
-6.8119654,42.6093747
-6.8119823,42.6093755
-6.8119855,42.6093548
-6.8119874,42.6093280
-6.8122505,42.6093500
-6.8125076,42.6093522
-6.8126492,42.6093794
-6.8131327,42.6095199
-6.8133205,42.6096287
-6.8133629,42.6096566
-6.8134357,42.6097043
-6.8135260,42.6097570
-6.8135803,42.6098155
-6.8135631,42.6098376
-6.8135631,42.6098602
-6.8135936,42.6099066
-6.8136245,42.6099537
-6.8136493,42.6100118
-6.8137194,42.6101784
-6.8137851,42.6103956
-6.8138889,42.6106945
-6.8139239,42.6108074
-6.8140116,42.6109386
-6.8141518,42.6111332
-6.8142541,42.6112579
-6.8143578,42.6114149
-6.8145317,42.6116428
-6.8147281,42.6118750
-6.8148910,42.6120987
-6.8149568,42.6121954
-6.8150663,42.6124029
-6.8151978,42.6127470
-6.8151942,42.6128317
-6.8151582,42.6130964
-6.8151396,42.6131808
-6.8151092,42.6133719
-6.8150991,42.6134371
-6.8150342,42.6135668
-6.8150064,42.6136363
-6.8149406,42.6137685
-6.8149296,42.6138231
-6.8149482,42.6139168
-6.8149988,42.6140552
-6.8150438,42.6142094
-6.8150759,42.6143341
-6.8151299,42.6144448
-6.8152030,42.6145491
-6.8153213,42.6146501
-6.8154776,42.6148136
-6.8155697,42.6148985
-6.8156909,42.6149942
-6.8158516,42.6150705
-6.8160123,42.6151372
-6.8161321,42.6151619
-6.8163030,42.6151920
-6.8165528,42.6152382
-6.8166566,42.6152468
-6.8167661,42.6152285
-6.8170904,42.6151673
-6.8174790,42.6150705
-6.8179158,42.6149641
-6.8180970,42.6149135
-6.8182051,42.6148920
-6.8183468,42.6148372
-6.8184666,42.6147770
-6.8185338,42.6147243
-6.8186287,42.6146458
-6.8186945,42.6145867
-6.8187558,42.6145039
-6.8188756,42.6142018
-6.8189107,42.6140793
-6.8189355,42.6138825
-6.8189311,42.6137320
-6.8189034,42.6129429
-6.8189267,42.6128956
-6.8189662,42.6128246
-6.8190378,42.6127633
-6.8192540,42.6125999
-6.8193416,42.6125462
-6.8194293,42.6124645
-6.8195330,42.6123505
-6.8195958,42.6122537
-6.8196367,42.6121451
-6.8196615,42.6120286
-6.8196758,42.6119907
-6.8197551,42.6118782
-6.8198735,42.6117827
-6.8199785,42.6117145
-6.8201838,42.6115838
-6.8202146,42.6116098
-6.8202751,42.6116696
-6.8202993,42.6116850
-6.8204206,42.6116843
-6.8204931,42.6116436
-6.8205707,42.6116741
-6.8208540,42.6121140
-6.8212911,42.6128305
-6.8213495,42.6129473
-6.8213826,42.6130576
-6.8213982,42.6131658
-6.8214079,42.6132596
-6.8213943,42.6133650
-6.8213135,42.6135634
-6.8211966,42.6138091
-6.8210857,42.6140513
-6.8210584,42.6141609
-6.8210506,42.6143056
-6.8210701,42.6144468
-6.8211178,42.6145420
-6.8211626,42.6146237
-6.8212541,42.6147298
-6.8213534,42.6148114
-6.8214459,42.6148752
-6.8215559,42.6149325
-6.8216367,42.6149619
-6.8217418,42.6149984
-6.8218878,42.6150235
-6.8219959,42.6150349
-6.8221565,42.6150457
-6.8222909,42.6150428
-6.8224525,42.6150271
-6.8226442,42.6150006
-6.8234065,42.6148738
-6.8235155,42.6148781
-6.8238515,42.6148912
-6.8240244,42.6149183
-6.8241844,42.6149583
-6.8243028,42.6149995
-6.8244927,42.6150871
-6.8246878,42.6152152
-6.8247981,42.6153150
-6.8249381,42.6154724
-6.8252236,42.6158618
-6.8253415,42.6160110
-6.8255565,42.6162414
-6.8256755,42.6163655
-6.8258651,42.6165334
-6.8260867,42.6167168
-6.8263501,42.6169074
-6.8266985,42.6171248
-6.8269509,42.6172481
-6.8271515,42.6173511
-6.8275417,42.6175109
-6.8277732,42.6175888
-6.8283966,42.6178082
-6.8287766,42.6179484
-6.8289719,42.6180261
-6.8291567,42.6181068
-6.8292936,42.6182033
-6.8293872,42.6182811
-6.8294680,42.6183552
-6.8295488,42.6184477
-6.8297240,42.6187009
-6.8299369,42.6190972
-6.8302425,42.6197060
-6.8304938,42.6202342
-6.8305346,42.6203360
-6.8305658,42.6204538
-6.8305802,42.6205427
-6.8305714,42.6206705
-6.8305570,42.6207918
-6.8305202,42.6208771
-6.8304930,42.6209437
-6.8304298,42.6210567
-6.8303778,42.6211280
-6.8302305,42.6213270
-6.8299057,42.6217592
-6.8297753,42.6219493
-6.8297272,42.6220312
-6.8296824,42.6221366
-6.8296504,42.6222455
-6.8296352,42.6223244
-6.8296384,42.6224321
-6.8296552,42.6225552
-6.8296848,42.6226571
-6.8297104,42.6227136
-6.8297560,42.6227984
-6.8298113,42.6228814
-6.8299281,42.6229944
-6.8300553,42.6230828
-6.8301785,42.6231581
-6.8303202,42.6232229
-6.8304346,42.6232670
-6.8305378,42.6232971
-6.8306754,42.6233271
-6.8308307,42.6233418
-6.8309843,42.6233448
-6.8312689,42.6233287
-6.8316620,42.6232847
-6.8318921,42.6232514
-6.8323237,42.6231764
-6.8325995,42.6231199
-6.8327647,42.6230690
-6.8329233,42.6230157
-6.8332015,42.6229089
-6.8334705,42.6227830
-6.8335852,42.6227178
-6.8338820,42.6225199
-6.8341704,42.6223008
-6.8343433,42.6221488
-6.8345777,42.6219385
-6.8348611,42.6217077
-6.8351722,42.6214309
-6.8353291,42.6212565
-6.8353712,42.6212224
-6.8354471,42.6211622
-6.8355610,42.6211033
-6.8356487,42.6210698
-6.8358595,42.6210096
-6.8361141,42.6209810
-6.8362744,42.6209810
-6.8364278,42.6209903
-6.8366555,42.6210251
-6.8368621,42.6210996
-6.8370088,42.6211864
-6.8371513,42.6212801
-6.8372399,42.6213751
-6.8374203,42.6216040
-6.8375224,42.6217697
-6.8376548,42.6220241
-6.8376919,42.6220731
-6.8377598,42.6221709
-6.8379320,42.6223407
-6.8380306,42.6224168
-6.8381666,42.6225217
-6.8383268,42.6226117
-6.8384371,42.6226764
-6.8386804,42.6227895
-6.8388578,42.6228704
-6.8388326,42.6228959
-6.8388510,42.6229749
-6.8388902,42.6230620
-6.8390032,42.6232603
-6.8391798,42.6234867
-6.8392728,42.6236036
-6.8393316,42.6236775
-6.8394500,42.6238128
-6.8395921,42.6239066
-6.8396795,42.6239699
-6.8398123,42.6240405
-6.8404196,42.6242974
-6.8409091,42.6245164
-6.8412846,42.6246822
-6.8415412,42.6247861
-6.8418321,42.6248890
-6.8419960,42.6249654
-6.8422743,42.6251198
-6.8425633,42.6252590
-6.8428105,42.6253764
-6.8429764,42.6254549
-6.8430577,42.6255019
-6.8433570,42.6257247
-6.8435161,42.6258363
-6.8436999,42.6260050
-6.8438118,42.6260947
-6.8438415,42.6261106
-6.8439147,42.6261290
-6.8442028,42.6261959
-6.8443195,42.6262186
-6.8443664,42.6262315
-6.8445634,42.6262904
-6.8448368,42.6264067
-6.8449498,42.6264325
-6.8451199,42.6264487
-6.8452386,42.6264576
-6.8453903,42.6264794
-6.8455319,42.6265008
-6.8457929,42.6265525
-6.8460041,42.6265963
-6.8460950,42.6266117
-6.8461882,42.6266187
-6.8462445,42.6267270
-6.8463008,42.6268364
-6.8463629,42.6269925
-6.8464154,42.6271486
-6.8466012,42.6278778
-6.8467385,42.6283581
-6.8469594,42.6288240
-6.8471877,42.6291732
-6.8474695,42.6295178
-6.8477480,42.6298002
-6.8482636,42.6302626
-6.8490474,42.6309337
-6.8499889,42.6317109
-6.8508834,42.6323916
-6.8523606,42.6335112
-6.8524476,42.6336200
-6.8525070,42.6337379
-6.8525785,42.6339058
-6.8527515,42.6344160
-6.8528137,42.6346013
-6.8529183,42.6347995
-6.8531549,42.6351610
-6.8533255,42.6353927
-6.8535112,42.6356244
-6.8539273,42.6361061
-6.8540269,42.6362097
-6.8545899,42.6368561
-6.8546935,42.6369684
-6.8547846,42.6370568
-6.8550951,42.6373125
-6.8556423,42.6376865
-6.8561720,42.6379979
-6.8564031,42.6381404
-6.8566542,42.6382793
-6.8567972,42.6383477
-6.8569353,42.6383997
-6.8570870,42.6384434
-6.8572388,42.6384834
-6.8576973,42.6385627
-6.8585352,42.6386714
-6.8594267,42.6387808
-6.8599299,42.6388419
-6.8601278,42.6388614
-6.8603232,42.6388516
-6.8604981,42.6388209
-6.8606805,42.6387736
-6.8608467,42.6387035
-6.8610153,42.6386204
-6.8612192,42.6384810
-6.8617001,42.6381175
-6.8618482,42.6380386
-6.8620013,42.6379762
-6.8621618,42.6379312
-6.8623249,42.6378992
-6.8624660,42.6378843
-6.8626097,42.6378786
-6.8627570,42.6378876
-6.8629044,42.6379076
-6.8631206,42.6379547
-6.8633293,42.6380312
-6.8635429,42.6381361
-6.8637341,42.6382429
-6.8644265,42.6386572
-6.8652358,42.6390771
-6.8657305,42.6393133
-6.8675855,42.6401694
-6.8676141,42.6402365
-6.8677607,42.6404877
-6.8678478,42.6405966
-6.8678684,42.6407392
-6.8678738,42.6408570
-6.8678572,42.6409912
-6.8678140,42.6412093
-6.8678244,42.6413175
-6.8678471,42.6414054
-6.8679046,42.6415674
-6.8680193,42.6418095
-6.8682049,42.6420297
-6.8685217,42.6423120
-6.8686031,42.6423811
-6.8692893,42.6429638
-6.8700554,42.6436266
-6.8705156,42.6440385
-6.8709012,42.6444009
-6.8711580,42.6445832
-6.8718136,42.6449942
-6.8719659,42.6451578
-6.8720427,42.6453077
-6.8721242,42.6455092
-6.8722946,42.6458027
-6.8724517,42.6459969
-6.8726888,42.6461750
-6.8729056,42.6463185
-6.8732751,42.6465169
-6.8736078,42.6466939
-6.8740091,42.6468297
-6.8743657,42.6469383
-6.8746552,42.6470783
-6.8749748,42.6472501
-6.8750964,42.6473624
-6.8754195,42.6476582
-6.8755559,42.6477455
-6.8757998,42.6478651
-6.8760226,42.6479667
-6.8762777,42.6480532
-6.8764284,42.6480785
-6.8765538,42.6480784
-6.8767270,42.6480640
-6.8769742,42.6480345
-6.8773393,42.6480132
-6.8775524,42.6480013
-6.8777062,42.6480159
-6.8778947,42.6480660
-6.8780546,42.6481122
-6.8782151,42.6481820
-6.8785797,42.6483925
-6.8789010,42.6485463
-6.8790586,42.6486063
-6.8793519,42.6486752
-6.8794706,42.6487147
-6.8797627,42.6488566
-6.8800066,42.6490086
-6.8800994,42.6490635
-6.8802019,42.6491242
-6.8804144,42.6492196
-6.8804959,42.6492393
-6.8806145,42.6492462
-6.8808433,42.6492507
-6.8809547,42.6492667
-6.8810874,42.6492996
-6.8813493,42.6493864
-6.8813790,42.6493962
-6.8814519,42.6494019
-6.8815969,42.6494115
-6.8819581,42.6494009
-6.8820575,42.6494047
-6.8821745,42.6494253
-6.8825077,42.6494494
-6.8826220,42.6494692
-6.8830603,42.6495450
-6.8834663,42.6496399
-6.8835783,42.6496647
-6.8836617,42.6496832
-6.8838516,42.6497114
-6.8842758,42.6497299
-6.8847165,42.6497851
-6.8848645,42.6498275
-6.8851928,42.6499372
-6.8858882,42.6502933
-6.8861821,42.6503927
-6.8863924,42.6504109
-6.8866097,42.6504144
-6.8868873,42.6504366
-6.8870071,42.6504652
-6.8871386,42.6505250
-6.8872318,42.6505962
-6.8873301,42.6507185
-6.8873832,42.6507936
-6.8874186,42.6508706
-6.8874920,42.6509738
-6.8875864,42.6511256
-6.8877532,42.6513297
-6.8879942,42.6514898
-6.8882507,42.6516843
-6.8883954,42.6518042
-6.8885205,42.6519353
-6.8887502,42.6523156
-6.8888499,42.6524485
-6.8890188,42.6526236
-6.8892256,42.6528309
-6.8893853,42.6530164
-6.8894498,42.6531638
-6.8894689,42.6532743
-6.8894742,42.6534307
-6.8894833,42.6535142
-6.8895000,42.6535496
-6.8896263,42.6536558
-6.8898107,42.6537397
-6.8898977,42.6538238
-6.8899724,42.6539135
-6.8900345,42.6539803
-6.8901303,42.6540420
-6.8902224,42.6541000
-6.8905320,42.6544010
-6.8908241,42.6546058
-6.8911909,42.6548169
-6.8918029,42.6551091
-6.8919618,42.6552152
-6.8920859,42.6553401
-6.8922327,42.6555112
-6.8923278,42.6556767
-6.8924563,42.6561157
-6.8924997,42.6562499
-6.8925727,42.6563824
-6.8926731,42.6564848
-6.8927789,42.6565626
-6.8928976,42.6566154
-6.8930344,42.6566452
-6.8933033,42.6566984
-6.8935718,42.6567894
-6.8938662,42.6569193
-6.8940099,42.6569775
-6.8941143,42.6570128
-6.8942129,42.6570351
-6.8943433,42.6570221
-6.8944206,42.6570116
-6.8945812,42.6569535
-6.8948629,42.6568181
-6.8949236,42.6567331
-6.8949507,42.6566410
-6.8949598,42.6565446
-6.8949749,42.6564405
-6.8950025,42.6563469
-6.8951321,42.6562557
-6.8953508,42.6561384
-6.8955413,42.6560299
-6.8955701,42.6560005
-6.8955436,42.6559143
-6.8955308,42.6558504
-6.8956264,42.6555592
-6.8956513,42.6553801
-6.8956510,42.6553448
-6.8960454,42.6552708
-6.8964583,42.6551730
-6.8966800,42.6551091
-6.8967542,42.6550871
-6.8968272,42.6550631
-6.8978162,42.6547515
-6.8980927,42.6546622
-6.8982939,42.6546010
-6.8986097,42.6545324
-6.8987715,42.6545010
-6.8988726,42.6544870
-6.8991143,42.6544589
-6.8993885,42.6544415
-6.8996706,42.6544399
-6.8998909,42.6544523
-6.9000594,42.6544669
-6.9002528,42.6544837
-6.9005045,42.6545217
-6.9010850,42.6546444
-6.9013199,42.6546992
-6.9020854,42.6548682
-6.9024279,42.6549480
-6.9033432,42.6551553
-6.9034675,42.6551808
-6.9040022,42.6552949
-6.9043598,42.6553685
-6.9045221,42.6554093
-6.9045615,42.6554209
-6.9046706,42.6554561
-6.9048305,42.6555107
-6.9049561,42.6555731
-6.9050173,42.6556037
-6.9050964,42.6556493
-6.9052433,42.6557495
-6.9054171,42.6558971
-6.9057809,42.6562109
-6.9058396,42.6562553
-6.9058861,42.6562913
-6.9059726,42.6563471
-6.9060795,42.6564173
-6.9061913,42.6564791
-6.9063291,42.6565433
-6.9064442,42.6565835
-6.9066196,42.6566381
-6.9068145,42.6566963
-6.9068806,42.6567131
-6.9074223,42.6568391
-6.9077356,42.6569231
-6.9077854,42.6569471
-6.9080334,42.6570641
-6.9082063,42.6571625
-6.9083589,42.6572741
-6.9085147,42.6574192
-6.9085914,42.6575086
-6.9088875,42.6579520
-6.9089773,42.6580888
-6.9090156,42.6581440
-6.9090413,42.6581785
-6.9091286,42.6582679
-6.9092004,42.6583351
-6.9093590,42.6584495
-6.9095021,42.6585283
-6.9096316,42.6585941
-6.9098370,42.6586664
-6.9100424,42.6587044
-6.9101748,42.6587270
-6.9102909,42.6587333
-6.9104163,42.6587344
-6.9105535,42.6587244
-6.9107998,42.6586850
-6.9110286,42.6586077
-6.9111834,42.6585333
-6.9113226,42.6584495
-6.9114550,42.6583428
-6.9119106,42.6579197
-6.9120595,42.6577994
-6.9121465,42.6577466
-6.9122323,42.6577029
-6.9123204,42.6576677
-6.9125521,42.6575918
-6.9128228,42.6575324
-6.9129912,42.6575181
-6.9131367,42.6575339
-6.9133634,42.6575913
-6.9135030,42.6576388
-6.9135714,42.6576542
-6.9136574,42.6576782
-6.9137256,42.6577241
-6.9137923,42.6577799
-6.9139374,42.6579130
-6.9140815,42.6580600
-6.9144846,42.6585256
-6.9145764,42.6586178
-6.9147378,42.6587870
-6.9149551,42.6589767
-6.9150015,42.6590082
-6.9152118,42.6591509
-6.9154546,42.6593201
-6.9155487,42.6593662
-6.9155993,42.6593576
-6.9156393,42.6593508
-6.9161086,42.6596780
-6.9162817,42.6597882
-6.9164769,42.6598805
-6.9167092,42.6599762
-6.9169659,42.6600659
-6.9172273,42.6601386
-6.9177334,42.6601425
-6.9178360,42.6601433
-6.9180056,42.6601308
-6.9182649,42.6601124
-6.9186849,42.6600826
-6.9192471,42.6600360
-6.9198396,42.6599853
-6.9202029,42.6599431
-6.9204174,42.6599337
-6.9206347,42.6599421
-6.9207780,42.6599477
-6.9210388,42.6599621
-6.9211985,42.6599730
-6.9213133,42.6599939
-6.9214281,42.6600352
-6.9216322,42.6601264
-6.9219875,42.6602938
-6.9221376,42.6603769
-6.9224867,42.6604712
-6.9228662,42.6605505
-6.9236405,42.6607195
-6.9240754,42.6608184
-6.9244633,42.6609201
-6.9247938,42.6610293
-6.9251666,42.6611880
-6.9255325,42.6613864
-6.9257353,42.6615229
-6.9259474,42.6616469
-6.9262527,42.6618019
-6.9263960,42.6618788
-6.9264972,42.6619743
-6.9266001,42.6621107
-6.9266250,42.6621738
-6.9266338,42.6622409
-6.9266170,42.6624927
-6.9266305,42.6627234
-6.9266426,42.6628668
-6.9266606,42.6630368
-6.9266854,42.6631618
-6.9267093,42.6632938
-6.9267236,42.6634371
-6.9267265,42.6635487
-6.9267275,42.6636610
-6.9267179,42.6637495
-6.9267170,42.6639194
-6.9267351,42.6640177
-6.9267590,42.6641174
-6.9267695,42.6642024
-6.9267723,42.6643014
-6.9267561,42.6643927
-6.9267170,42.6645148
-6.9266826,42.6646258
-6.9266669,42.6646682
-6.9266387,42.6647795
-6.9266143,42.6649175
-6.9266052,42.6649944
-6.9266227,42.6650423
-6.9266451,42.6650895
-6.9267094,42.6652216
-6.9267715,42.6653103
-6.9268365,42.6654128
-6.9269139,42.6655160
-6.9270468,42.6656411
-6.9271038,42.6657030
-6.9271537,42.6657428
-6.9272908,42.6658361
-6.9273646,42.6658635
-6.9273923,42.6658699
-6.9274537,42.6658753
-6.9275574,42.6658791
-6.9276495,42.6658785
-6.9276663,42.6658774
-6.9276847,42.6659045
-6.9277238,42.6659031
-6.9282681,42.6658151
-6.9282928,42.6658112
-6.9285129,42.6657761
-6.9287226,42.6657284
-6.9290163,42.6656535
-6.9295364,42.6655273
-6.9300116,42.6653802
-6.9300700,42.6653621
-6.9303889,42.6652450
-6.9304450,42.6652361
-6.9305028,42.6652350
-6.9305608,42.6652362
-6.9306171,42.6652491
-6.9311223,42.6654521
-6.9314177,42.6655380
-6.9316468,42.6655999
-6.9318132,42.6656410
-6.9322488,42.6657273
-6.9331032,42.6658558
-6.9338994,42.6659787
-6.9343188,42.6660517
-6.9346544,42.6661188
-6.9349899,42.6662094
-6.9353458,42.6662829
-6.9356659,42.6663469
-6.9359080,42.6663932
-6.9359080,42.6664303
-6.9361224,42.6664584
-6.9362009,42.6664687
-6.9364292,42.6664803
-6.9366872,42.6664470
-6.9369487,42.6663829
-6.9371649,42.6663406
-6.9373706,42.6663188
-6.9375745,42.6663495
-6.9377942,42.6664111
-6.9379703,42.6664585
-6.9381359,42.6664508
-6.9389290,42.6661752
-6.9390737,42.6660855
-6.9391975,42.6659714
-6.9393108,42.6658368
-6.9395723,42.6655202
-6.9398878,42.6652510
-6.9401319,42.6650728
-6.9406529,42.6644909
-6.9407278,42.6643947
-6.9407915,42.6642961
-6.9408554,42.6642099
-6.9409449,42.6641418
-6.9410687,42.6640853
-6.9411904,42.6640455
-6.9413349,42.6640371
-6.9416470,42.6640332
-6.9422045,42.6640332
-6.9423698,42.6640478
-6.9426517,42.6641480
-6.9429461,42.6642558
-6.9431541,42.6643254
-6.9432657,42.6643379
-6.9434349,42.6643568
-6.9436044,42.6643728
-6.9437361,42.6643972
-6.9437657,42.6644027
-6.9440533,42.6645001
-6.9442927,42.6646038
-6.9444068,42.6646615
-6.9445118,42.6647109
-6.9446160,42.6647660
-6.9447199,42.6648168
-6.9450079,42.6649256
-6.9451680,42.6649609
-6.9453873,42.6650075
-6.9455360,42.6650276
-6.9457534,42.6650482
-6.9459561,42.6650924
-6.9462146,42.6652038
-6.9463339,42.6652610
-6.9463970,42.6652956
-6.9464722,42.6653131
-6.9465673,42.6653143
-6.9466536,42.6653121
-6.9470350,42.6652925
-6.9472343,42.6652846
-6.9474270,42.6652865
-6.9475424,42.6652874
-6.9476627,42.6652797
-6.9480579,42.6652029
-6.9484520,42.6651081
-6.9488061,42.6650883
-6.9488564,42.6650859
-6.9492548,42.6650438
-6.9495180,42.6650170
-6.9499111,42.6649803
-6.9501503,42.6649497
-6.9503948,42.6649222
-6.9504110,42.6648745
-6.9508566,42.6648244
-6.9511609,42.6647758
-6.9517457,42.6646625
-6.9525385,42.6645444
-6.9529403,42.6645288
-6.9534235,42.6645169
-6.9536606,42.6644939
-6.9539152,42.6644481
-6.9541291,42.6643934
-6.9542757,42.6643852
-6.9544299,42.6643988
-6.9545629,42.6644574
-6.9547156,42.6645530
-6.9548601,42.6646950
-6.9550953,42.6649653
-6.9557711,42.6657852
-6.9561110,42.6661511
-6.9569334,42.6670879
-6.9573745,42.6675904
-6.9584832,42.6688627
-6.9588258,42.6692919
-6.9589887,42.6694463
-6.9592100,42.6696419
-6.9594527,42.6698056
-6.9599812,42.6700760
-6.9605782,42.6703469
-6.9612852,42.6706162
-6.9629889,42.6711815
-6.9632218,42.6712500
-6.9636473,42.6714121
-6.9639569,42.6715573
-6.9642317,42.6716730
-6.9643648,42.6717309
-6.9644986,42.6717892
-6.9650137,42.6720294
-6.9655099,42.6722929
-6.9657452,42.6724224
-6.9664019,42.6727769
-6.9665064,42.6728323
-6.9666292,42.6728687
-6.9668796,42.6729243
-6.9670791,42.6729580
-6.9672950,42.6729225
-6.9674501,42.6728875
-6.9676015,42.6728296
-6.9680690,42.6725721
-6.9683260,42.6723857
-6.9684668,42.6722568
-6.9686020,42.6721022
-6.9687059,42.6719545
-6.9688307,42.6717757
-6.9689288,42.6716948
-6.9690009,42.6716678
-6.9690786,42.6716679
-6.9691868,42.6716978
-6.9692895,42.6717480
-6.9694725,42.6719062
-6.9697251,42.6721627
-6.9702150,42.6725737
-6.9702958,42.6726233
-6.9703907,42.6726678
-6.9704703,42.6726908
-6.9705545,42.6727035
-6.9706342,42.6727030
-6.9707091,42.6726905
-6.9709372,42.6726421
-6.9711410,42.6725818
-6.9713258,42.6725511
-6.9714500,42.6725304
-6.9718737,42.6725282
-6.9725017,42.6725803
-6.9728013,42.6725886
-6.9730496,42.6725604
-6.9733967,42.6725149
-6.9737417,42.6724638
-6.9744541,42.6724556
-6.9751013,42.6724730
-6.9751472,42.6724742
-6.9757588,42.6725348
-6.9759855,42.6725414
-6.9762050,42.6725295
-6.9765752,42.6724790
-6.9769551,42.6724255
-6.9771578,42.6724035
-6.9774064,42.6723701
-6.9777239,42.6723547
-6.9781629,42.6723404
-6.9784358,42.6723165
-6.9785388,42.6722913
-6.9785816,42.6722546
-6.9786074,42.6722045
-6.9786140,42.6721473
-6.9785954,42.6720271
-6.9785980,42.6719280
-6.9786675,42.6718369
-6.9787693,42.6716271
-6.9788263,42.6714528
-6.9788433,42.6713416
-6.9788906,42.6711831
-6.9789078,42.6711617
-6.9789516,42.6711173
-6.9790038,42.6711011
-6.9791754,42.6710382
-6.9793255,42.6709892
-6.9795892,42.6709192
-6.9797119,42.6708930
-6.9798014,42.6708810
-6.9799185,42.6708786
-6.9801071,42.6708969
-6.9802754,42.6709220
-6.9803864,42.6709265
-6.9805689,42.6709133
-6.9807276,42.6708925
-6.9808751,42.6708559
-6.9810567,42.6707852
-6.9812316,42.6706895
-6.9813758,42.6706011
-6.9814308,42.6705725
-6.9814939,42.6705559
-6.9817796,42.6705404
-6.9820239,42.6704992
-6.9821186,42.6704982
-6.9822157,42.6705067
-6.9823692,42.6705507
-6.9824902,42.6705988
-6.9829758,42.6708221
-6.9833726,42.6709868
-6.9834224,42.6710075
-6.9838615,42.6711831
-6.9840774,42.6712656
-6.9843120,42.6713221
-6.9843527,42.6713332
-6.9844121,42.6713487
-6.9844872,42.6713677
-6.9846290,42.6713997
-6.9847872,42.6714490
-6.9849979,42.6715296
-6.9852526,42.6716436
-6.9855816,42.6717042
-6.9858191,42.6717527
-6.9858803,42.6717774
-6.9859217,42.6718021
-6.9860560,42.6718800
-6.9862808,42.6720475
-6.9864095,42.6721364
-6.9868515,42.6723173
-6.9869039,42.6723445
-6.9869878,42.6724103
-6.9871278,42.6725191
-6.9872252,42.6725622
-6.9874375,42.6726556
-6.9876623,42.6727396
-6.9879229,42.6728489
-6.9880467,42.6728860
-6.9881891,42.6729146
-6.9883364,42.6729316
-6.9885481,42.6729235
-6.9886422,42.6729291
-6.9887511,42.6729444
-6.9888812,42.6729416
-6.9897674,42.6727858
-6.9899099,42.6727495
-6.9899964,42.6727440
-6.9901629,42.6727574
-6.9903219,42.6727715
-6.9904091,42.6727898
-6.9904863,42.6728022
-6.9905414,42.6728302
-6.9905985,42.6729082
-6.9906985,42.6729970
-6.9908040,42.6730359
-6.9909155,42.6730296
-6.9909710,42.6730380
-6.9910060,42.6730599
-6.9910494,42.6731413
-6.9910596,42.6731605
-6.9911514,42.6731986
-6.9912565,42.6732066
-6.9913753,42.6732022
-6.9915455,42.6731803
-6.9921068,42.6730867
-6.9921646,42.6730766
-6.9922278,42.6730730
-6.9922844,42.6730717
-6.9923393,42.6730795
-6.9926605,42.6731435
-6.9929840,42.6732234
-6.9931092,42.6732772
-6.9932212,42.6733367
-6.9934198,42.6735010
-6.9935520,42.6736680
-6.9935737,42.6737155
-6.9935884,42.6737664
-6.9936260,42.6738875
-6.9936804,42.6739575
-6.9941762,42.6744360
-6.9943181,42.6745664
-6.9944196,42.6746259
-6.9949746,42.6748927
-6.9950808,42.6749488
-6.9951331,42.6749845
-6.9951619,42.6750272
-6.9952649,42.6752390
-6.9953168,42.6753212
-6.9954458,42.6754644
-6.9957394,42.6757920
-6.9958504,42.6758683
-6.9959453,42.6759130
-6.9966033,42.6760592
-6.9967818,42.6761007
-6.9969472,42.6760992
-6.9970491,42.6760787
-6.9973906,42.6759665
-6.9975817,42.6759076
-6.9976927,42.6758521
-6.9978304,42.6757316
-6.9978870,42.6756867
-6.9979625,42.6756488
-6.9980214,42.6756298
-6.9980906,42.6756326
-6.9981692,42.6756490
-6.9982350,42.6756770
-6.9985962,42.6758918
-6.9988160,42.6760235
-6.9990070,42.6761007
-6.9994493,42.6762364
-6.9996786,42.6763127
-6.9999656,42.6764484
-7.0000681,42.6765255
-7.0001143,42.6765683
-7.0001488,42.6766111
-7.0001825,42.6766997
-7.0002010,42.6767830
-7.0002133,42.6769254
-7.0001938,42.6771061
-7.0001747,42.6772382
-7.0001598,42.6773301
-7.0002293,42.6775191
-7.0005358,42.6778787
-7.0007833,42.6780961
-7.0008946,42.6783026
-7.0010264,42.6784543
-7.0013404,42.6787310
-7.0014782,42.6788274
-7.0017455,42.6789810
-7.0018961,42.6790811
-7.0019619,42.6791673
-7.0019956,42.6792096
-7.0020695,42.6792500
-7.0021367,42.6792717
-7.0021945,42.6792994
-7.0023611,42.6794649
-7.0025154,42.6795752
-7.0027220,42.6797338
-7.0027814,42.6798770
-7.0028326,42.6799117
-7.0029890,42.6799870
-7.0030838,42.6800891
-7.0031973,42.6801305
-7.0035186,42.6802381
-7.0035780,42.6802502
-7.0036278,42.6802321
-7.0036056,42.6801727
-7.0034725,42.6800065
-7.0034485,42.6799326
-7.0034607,42.6798303
-7.0034509,42.6797541
-7.0034951,42.6797218
-7.0036107,42.6797598
-7.0037782,42.6798757
-7.0038759,42.6799056
-7.0040907,42.6800131
-7.0041985,42.6802045
-7.0042747,42.6802881
-7.0043212,42.6803110
-7.0043643,42.6803608
-7.0044639,42.6804489
-7.0045712,42.6805366
-7.0048781,42.6807788
-7.0050029,42.6808945
-7.0050808,42.6810381
-7.0057157,42.6814491
-7.0058406,42.6814731
-7.0061762,42.6816092
-7.0062945,42.6816606
-7.0063670,42.6817488
-7.0063490,42.6818323
-7.0062878,42.6818745
-7.0061266,42.6818513
-7.0059685,42.6818328
-7.0059023,42.6818513
-7.0058811,42.6819125
-7.0059654,42.6819730
-7.0061806,42.6821760
-7.0062964,42.6822792
-7.0066367,42.6823994
-7.0067845,42.6824923
-7.0069058,42.6826124
-7.0072782,42.6828254
-7.0074557,42.6829731
-7.0076237,42.6831385
-7.0077550,42.6833084
-7.0077791,42.6833484
-7.0077868,42.6833884
-7.0077461,42.6834278
-7.0076842,42.6834361
-7.0075546,42.6834097
-7.0074479,42.6834086
-7.0073865,42.6834110
-7.0073487,42.6834428
-7.0073304,42.6835059
-7.0073607,42.6836094
-7.0077025,42.6839658
-7.0077794,42.6840163
-7.0078783,42.6840920
-7.0081332,42.6842088
-7.0083122,42.6842470
-7.0085083,42.6842574
-7.0085803,42.6842700
-7.0087271,42.6843204
-7.0088112,42.6844422
-7.0088823,42.6845580
-7.0089129,42.6846379
-7.0090661,42.6846342
-7.0092254,42.6846349
-7.0093943,42.6846603
-7.0094778,42.6847121
-7.0095754,42.6848323
-7.0096499,42.6849696
-7.0096871,42.6850467
-7.0097835,42.6851287
-7.0098165,42.6851536
-7.0099816,42.6853674
-7.0101116,42.6855031
-7.0103479,42.6856836
-7.0104345,42.6857958
-7.0104979,42.6859603
-7.0105209,42.6859800
-7.0105923,42.6860412
-7.0106129,42.6860727
-7.0106492,42.6862074
-7.0106520,42.6862653
-7.0107545,42.6864018
-7.0109623,42.6865340
-7.0112660,42.6867388
-7.0115447,42.6868832
-7.0117122,42.6869136
-7.0118412,42.6868893
-7.0121157,42.6867325
-7.0122992,42.6866194
-7.0123825,42.6865739
-7.0124269,42.6865550
-7.0124823,42.6865455
-7.0125304,42.6865588
-7.0126167,42.6866279
-7.0128075,42.6867973
-7.0129486,42.6869438
-7.0130152,42.6870647
-7.0130356,42.6871558
-7.0130422,42.6872448
-7.0130295,42.6873544
-7.0130065,42.6873912
-7.0129798,42.6874212
-7.0128053,42.6875367
-7.0127108,42.6876588
-7.0126255,42.6878596
-7.0126178,42.6879215
-7.0126321,42.6880299
-7.0126862,42.6881509
-7.0127305,42.6882537
-7.0127574,42.6883713
-7.0128128,42.6885818
-7.0128481,42.6887895
-7.0128768,42.6888962
-7.0129435,42.6890347
-7.0129752,42.6890887
-7.0130234,42.6891426
-7.0131117,42.6891955
-7.0133218,42.6892323
-7.0134207,42.6892601
-7.0135336,42.6893084
-7.0137689,42.6894116
-7.0139779,42.6895211
-7.0141829,42.6896126
-7.0145098,42.6897878
-7.0147698,42.6899410
-7.0148819,42.6900469
-7.0149198,42.6900963
-7.0149486,42.6901537
-7.0149849,42.6902513
-7.0150076,42.6903094
-7.0150156,42.6903526
-7.0150304,42.6904813
-7.0150874,42.6908644
-7.0151314,42.6911275
-7.0151642,42.6912657
-7.0151996,42.6914268
-7.0152911,42.6916750
-7.0153283,42.6917595
-7.0153795,42.6918435
-7.0154834,42.6919971
-7.0155686,42.6920695
-7.0156518,42.6921127
-7.0157926,42.6921704
-7.0159196,42.6922214
-7.0160965,42.6922651
-7.0163044,42.6923872
-7.0164690,42.6924879
-7.0165800,42.6925365
-7.0168029,42.6925905
-7.0169312,42.6926369
-7.0170312,42.6926960
-7.0171329,42.6927700
-7.0172327,42.6928552
-7.0174803,42.6930245
-7.0177569,42.6932612
-7.0178503,42.6933548
-7.0179180,42.6934457
-7.0180389,42.6936278
-7.0181004,42.6937720
-7.0182862,42.6943341
-7.0184041,42.6946135
-7.0185084,42.6948184
-7.0185677,42.6949702
-7.0185836,42.6950287
-7.0185884,42.6950926
-7.0185852,42.6952171
-7.0185552,42.6953367
-7.0184966,42.6954956
-7.0184611,42.6955672
-7.0184449,42.6956428
-7.0184422,42.6957428
-7.0184401,42.6961196
-7.0184173,42.6962119
-7.0184170,42.6963576
-7.0184580,42.6964471
-7.0184653,42.6964566
-7.0186873,42.6967021
-7.0187690,42.6967797
-7.0189180,42.6969137
-7.0190822,42.6970260
-7.0193240,42.6971754
-7.0194964,42.6973216
-7.0196502,42.6975013
-7.0197732,42.6975936
-7.0198455,42.6976689
-7.0198692,42.6977480
-7.0199067,42.6978052
-7.0199695,42.6978690
-7.0200269,42.6979658
-7.0200728,42.6981321
-7.0200933,42.6982506
-7.0200969,42.6983133
-7.0200823,42.6984584
-7.0200190,42.6986168
-7.0199465,42.6987431
-7.0198404,42.6988903
-7.0197889,42.6989871
-7.0197751,42.6990736
-7.0197894,42.6991924
-7.0198438,42.6993100
-7.0200668,42.6995426
-7.0203161,42.6998173
-7.0203360,42.6998500
-7.0203471,42.6998923
-7.0203985,42.6999955
-7.0204726,42.7001324
-7.0206834,42.7004180
-7.0207031,42.7004467
-7.0207312,42.7004876
-7.0208052,42.7005955
-7.0208745,42.7006492
-7.0209503,42.7007062
-7.0210009,42.7007770
-7.0210495,42.7009000
-7.0211426,42.7010176
-7.0211887,42.7010415
-7.0212283,42.7010606
-7.0213507,42.7010876
-7.0214332,42.7011041
-7.0216002,42.7011303
-7.0217221,42.7011748
-7.0218079,42.7012209
-7.0219333,42.7012481
-7.0220262,42.7012774
-7.0220973,42.7013284
-7.0221591,42.7014071
-7.0221665,42.7014522
-7.0222422,42.7015288
-7.0223464,42.7016258
-7.0225184,42.7018370
-7.0226245,42.7019824
-7.0227450,42.7021360
-7.0229561,42.7023290
-7.0230645,42.7024196
-7.0232194,42.7025266
-7.0232660,42.7025615
-7.0233645,42.7027539
-7.0234754,42.7028522
-7.0236541,42.7030018
-7.0237703,42.7031341
-7.0239129,42.7033621
-7.0240227,42.7035245
-7.0241212,42.7037088
-7.0242076,42.7038159
-7.0243016,42.7038973
-7.0243722,42.7039565
-7.0244396,42.7040129
-7.0247217,42.7042675
-7.0249997,42.7045145
-7.0252509,42.7047018
-7.0254223,42.7048445
-7.0256026,42.7050046
-7.0259929,42.7054480
-7.0260680,42.7055240
-7.0261437,42.7055898
-7.0262907,42.7057222
-7.0263816,42.7058247
-7.0264709,42.7058754
-7.0265656,42.7058734
-7.0266311,42.7058534
-7.0267734,42.7058269
-7.0269653,42.7057955
-7.0270793,42.7057927
-7.0272110,42.7058063
-7.0275775,42.7058615
-7.0277030,42.7058848
-7.0280136,42.7059719
-7.0282316,42.7060426
-7.0284442,42.7061230
-7.0286970,42.7062355
-7.0288816,42.7063278
-7.0291402,42.7064259
-7.0293847,42.7065031
-7.0295383,42.7065733
-7.0295866,42.7065887
-7.0296413,42.7065915
-7.0297013,42.7065756
-7.0297800,42.7065326
-7.0298514,42.7064684
-7.0299228,42.7063809
-7.0300230,42.7062441
-7.0301025,42.7061632
-7.0304109,42.7059393
-7.0305806,42.7058247
-7.0306488,42.7057861
-7.0307159,42.7057753
-7.0307843,42.7057763
-7.0308640,42.7057887
-7.0313094,42.7058903
-7.0313924,42.7059094
-7.0314259,42.7059186
-7.0315730,42.7059740
-7.0317906,42.7060792
-7.0320288,42.7062439
-7.0321655,42.7063375
-7.0322875,42.7064340
-7.0324110,42.7065454
-7.0325012,42.7066421
-7.0326448,42.7067899
-7.0327749,42.7069477
-7.0329341,42.7071287
-7.0330106,42.7071900
-7.0331318,42.7072755
-7.0334959,42.7074360
-7.0336840,42.7075316
-7.0338797,42.7076018
-7.0340032,42.7076270
-7.0341340,42.7076419
-7.0342983,42.7076957
-7.0345503,42.7077595
-7.0348956,42.7078748
-7.0352702,42.7079612
-7.0353467,42.7079722
-7.0354299,42.7079744
-7.0356033,42.7079714
-7.0356633,42.7079663
-7.0357232,42.7079534
-7.0358819,42.7078954
-7.0361334,42.7077901
-7.0363497,42.7077018
-7.0364478,42.7076381
-7.0364933,42.7075469
-7.0365442,42.7074301
-7.0366458,42.7073188
-7.0367383,42.7072691
-7.0369491,42.7072269
-7.0371825,42.7072023
-7.0374159,42.7071953
-7.0376616,42.7072143
-7.0380091,42.7072157
-7.0382216,42.7071976
-7.0384104,42.7071961
-7.0388725,42.7072212
-7.0390828,42.7072494
-7.0392985,42.7073025
-7.0398324,42.7074634
-7.0402633,42.7075628
-7.0405946,42.7075978
-7.0410697,42.7076584
-7.0415974,42.7076990
-7.0421808,42.7076836
-7.0423637,42.7076765
-7.0425011,42.7076538
-7.0426696,42.7075724
-7.0427796,42.7075324
-7.0428994,42.7074942
-7.0430502,42.7074544
-7.0432697,42.7074297
-7.0432795,42.7074638
-7.0433060,42.7074862
-7.0434106,42.7075479
-7.0436250,42.7077128
-7.0437521,42.7078250
-7.0438410,42.7078293
-7.0439523,42.7078155
-7.0439878,42.7078067
-7.0441253,42.7077754
-7.0442089,42.7077551
-7.0444367,42.7076836
-7.0445688,42.7076712
-7.0446356,42.7076707
-7.0447245,42.7076700
-7.0448352,42.7077019
-7.0449283,42.7076894
-7.0450412,42.7076951
-7.0455383,42.7076782
-7.0457590,42.7077128
-7.0459248,42.7077109
-7.0461469,42.7076958
-7.0463439,42.7076829
-7.0466763,42.7077089
-7.0467780,42.7077024
-7.0468495,42.7076881
-7.0470114,42.7076405
-7.0471795,42.7075612
-7.0474770,42.7073633
-7.0476495,42.7072542
-7.0478647,42.7071445
-7.0480316,42.7070503
-7.0482054,42.7069297
-7.0483856,42.7067846
-7.0484980,42.7067150
-7.0485894,42.7066715
-7.0487210,42.7066311
-7.0488278,42.7065986
-7.0491124,42.7065422
-7.0492616,42.7064966
-7.0496264,42.7063274
-7.0498280,42.7062300
-7.0499520,42.7061345
-7.0500362,42.7060352
-7.0501108,42.7058862
-7.0501628,42.7056955
-7.0502319,42.7053504
-7.0502584,42.7052566
-7.0502806,42.7051892
-7.0503132,42.7050980
-7.0503638,42.7050106
-7.0504244,42.7049555
-7.0505038,42.7049041
-7.0505938,42.7048587
-7.0507179,42.7048171
-7.0510586,42.7047409
-7.0514146,42.7046723
-7.0515100,42.7046403
-7.0515872,42.7046066
-7.0523319,42.7040099
-7.0525103,42.7038778
-7.0525984,42.7038106
-7.0526968,42.7037061
-7.0527932,42.7035883
-7.0529939,42.7034278
-7.0531028,42.7032885
-7.0532430,42.7030636
-7.0533369,42.7029509
-7.0534428,42.7028444
-7.0536376,42.7026937
-7.0538975,42.7024976
-7.0540473,42.7024151
-7.0541780,42.7023791
-7.0545520,42.7023418
-7.0546391,42.7023215
-7.0547812,42.7022741
-7.0549482,42.7022005
-7.0551731,42.7020704
-7.0555354,42.7018704
-7.0556233,42.7018327
-7.0557120,42.7018062
-7.0559629,42.7017323
-7.0562801,42.7016548
-7.0564147,42.7016072
-7.0565344,42.7015492
-7.0570522,42.7011821
-7.0572864,42.7010092
-7.0574479,42.7008908
-7.0575319,42.7007834
-7.0577080,42.7004382
-7.0579620,42.7005533
-7.0581389,42.7006080
-7.0582279,42.7006134
-7.0584973,42.7006172
-7.0585711,42.7006234
-7.0596162,42.7008826
-7.0610297,42.7012750
-7.0617828,42.7014719
-7.0619545,42.7014845
-7.0622153,42.7014611
-7.0629037,42.7012797
-7.0633621,42.7011123
-7.0636342,42.7009865
-7.0639795,42.7008511
-7.0643436,42.7007553
-7.0646350,42.7007085
-7.0652711,42.7006024
-7.0661860,42.7003239
-7.0667187,42.7001621
-7.0668969,42.7001188
-7.0670091,42.7001080
-7.0671609,42.7001103
-7.0672898,42.7001321
-7.0679111,42.7002860
-7.0687848,42.7005144
-7.0689517,42.7005804
-7.0692942,42.7007766
-7.0696167,42.7009713
-7.0698039,42.7010891
-7.0699196,42.7011943
-7.0700007,42.7013347
-7.0700546,42.7015039
-7.0700752,42.7016609
-7.0700569,42.7019071
-7.0700743,42.7019726
-7.0701211,42.7020179
-7.0702134,42.7020401
-7.0703487,42.7020080
-7.0704513,42.7019472
-7.0705259,42.7018646
-7.0708941,42.7013246
-7.0709620,42.7012241
-7.0710559,42.7011337
-7.0711784,42.7010375
-7.0716594,42.7006754
-7.0720070,42.7004088
-7.0724965,42.6999330
-7.0726227,42.6998103
-7.0728146,42.6995920
-7.0729408,42.6994718
-7.0731983,42.6993272
-7.0734128,42.6992256
-7.0735282,42.6991792
-7.0735726,42.6990651
-7.0736288,42.6989850
-7.0738130,42.6987765
-7.0741035,42.6985286
-7.0743096,42.6984431
-7.0745338,42.6983864
-7.0749264,42.6982842
-7.0751928,42.6983094
-7.0753892,42.6982016
-7.0755514,42.6981292
-7.0756753,42.6980834
-7.0758404,42.6980422
-7.0760465,42.6981000
-7.0761389,42.6981256
-7.0764733,42.6982386
-7.0768660,42.6984037
-7.0771848,42.6985223
-7.0772602,42.6985070
-7.0773230,42.6985029
-7.0774189,42.6985284
-7.0776450,42.6986870
-7.0777889,42.6987708
-7.0779534,42.6988482
-7.0780980,42.6989051
-7.0782424,42.6989299
-7.0791966,42.6989680
-7.0793058,42.6989699
-7.0794016,42.6989318
-7.0798435,42.6987177
-7.0802015,42.6987016
-7.0805716,42.6987246
-7.0808305,42.6987693
-7.0810442,42.6988502
-7.0811166,42.6988758
-7.0811997,42.6988797
-7.0818072,42.6988146
-7.0820583,42.6988204
-7.0825301,42.6987737
-7.0829956,42.6987866
-7.0833730,42.6987581
-7.0837007,42.6987328
-7.0843677,42.6987347
-7.0844014,42.6987376
-7.0846077,42.6987557
-7.0854214,42.6988781
-7.0856946,42.6989310
-7.0861686,42.6989972
-7.0865985,42.6990637
-7.0877416,42.6992706
-7.0880903,42.6993021
-7.0884599,42.6993420
-7.0886086,42.6993743
-7.0888333,42.6994423
-7.0891379,42.6995511
-7.0892864,42.6996114
-7.0894202,42.6996350
-7.0894824,42.6996361
-7.0897564,42.6996201
-7.0901368,42.6996216
-7.0903998,42.6996379
-7.0905212,42.6996756
-7.0906682,42.6997729
-7.0908460,42.6998816
-7.0910276,42.6999305
-7.0911754,42.6999713
-7.0913146,42.6999935
-7.0915638,42.7000803
-7.0918213,42.7001787
-7.0919237,42.7002305
-7.0922409,42.7004668
-7.0924972,42.7006369
-7.0927136,42.7008085
-7.0929307,42.7009585
-7.0930360,42.7010016
-7.0932015,42.7010405
-7.0934656,42.7011196
-7.0937887,42.7012330
-7.0938876,42.7012492
-7.0939432,42.7012568
-7.0939926,42.7012688
-7.0940845,42.7013227
-7.0943108,42.7014999
-7.0949231,42.7019157
-7.0951364,42.7020651
-7.0956232,42.7023815
-7.0963375,42.7028822
-7.0965704,42.7030734
-7.0969892,42.7034695
-7.0976216,42.7039969
-7.0977818,42.7040979
-7.0979230,42.7041613
-7.0982150,42.7042489
-7.0982510,42.7042570
-7.0982871,42.7042651
-7.0984018,42.7042909
-7.0985318,42.7043102
-7.0985782,42.7043032
-7.0986202,42.7042918
-7.0990521,42.7043509
-7.0991305,42.7044383
-7.0992135,42.7044879
-7.0993886,42.7046811
-7.0994750,42.7047550
-7.0995899,42.7048057
-7.0996382,42.7048270
-7.0998498,42.7048925
-7.0999996,42.7049151
-7.1000849,42.7049183
-7.1001211,42.7049610
-7.1002017,42.7049921
-7.1004505,42.7050522
-7.1005355,42.7050584
-7.1007576,42.7050747
-7.1009683,42.7050684
-7.1010408,42.7050764
-7.1011100,42.7050918
-7.1012150,42.7051055
-7.1014322,42.7051041
-7.1016451,42.7051039
-7.1018867,42.7051135
-7.1020571,42.7050860
-7.1023270,42.7050722
-7.1025899,42.7050821
-7.1027196,42.7051087
-7.1029008,42.7051452
-7.1029669,42.7051567
-7.1030592,42.7051577
-7.1037192,42.7053910
-7.1038792,42.7054281
-7.1040177,42.7054473
-7.1042235,42.7054455
-7.1043846,42.7054287
-7.1044316,42.7054228
-7.1045460,42.7053990
-7.1047096,42.7053434
-7.1048534,42.7052843
-7.1049896,42.7052203
-7.1051126,42.7051753
-7.1052554,42.7051448
-7.1053252,42.7051354
-7.1054026,42.7051308
-7.1055107,42.7051298
-7.1055870,42.7051346
-7.1056654,42.7051443
-7.1057742,42.7051663
-7.1058831,42.7051931
-7.1059731,42.7052240
-7.1060566,42.7052629
-7.1061900,42.7053339
-7.1062849,42.7053928
-7.1063809,42.7054581
-7.1065836,42.7055631
-7.1067743,42.7056331
-7.1068953,42.7056599
-7.1070163,42.7056764
-7.1072571,42.7057099
-7.1074173,42.7057357
-7.1075786,42.7057663
-7.1077363,42.7058062
-7.1078919,42.7058539
-7.1080182,42.7059111
-7.1080749,42.7059465
-7.1081240,42.7059810
-7.1081979,42.7060486
-7.1082551,42.7061234
-7.1083050,42.7062104
-7.1083360,42.7062986
-7.1083490,42.7063586
-7.1083513,42.7064209
-7.1083478,42.7064707
-7.1083356,42.7065213
-7.1082965,42.7066874
-7.1082781,42.7067931
-7.1082588,42.7069114
-7.1082442,42.7070153
-7.1082328,42.7071183
-7.1082390,42.7071568
-7.1082960,42.7072954
-7.1083557,42.7074104
-7.1084136,42.7075036
-7.1085298,42.7076249
-7.1086613,42.7077264
-7.1088026,42.7077942
-7.1089280,42.7078189
-7.1090733,42.7078313
-7.1091801,42.7078308
-7.1093059,42.7078088
-7.1095984,42.7077250
-7.1100980,42.7075292
-7.1102396,42.7074858
-7.1104055,42.7074717
-7.1104907,42.7074760
-7.1105795,42.7074898
-7.1106157,42.7075070
-7.1106742,42.7075672
-7.1107700,42.7076245
-7.1109408,42.7077199
-7.1111069,42.7077940
-7.1112663,42.7078631
-7.1113291,42.7079115
-7.1113684,42.7079633
-7.1113907,42.7080276
-7.1113969,42.7081235
-7.1113962,42.7082343
-7.1114047,42.7085976
-7.1113853,42.7089557
-7.1113659,42.7093510
-7.1113261,42.7094706
-7.1112591,42.7095876
-7.1113312,42.7098171
-7.1114229,42.7099355
-7.1115146,42.7099903
-7.1116222,42.7100151
-7.1117345,42.7100145
-7.1120787,42.7099460
-7.1122309,42.7099143
-7.1123912,42.7099096
-7.1126045,42.7099314
-7.1129714,42.7100154
-7.1132537,42.7101346
-7.1134634,42.7102445
-7.1138175,42.7104741
-7.1139654,42.7105716
-7.1140917,42.7106119
-7.1141793,42.7106233
-7.1143265,42.7106180
-7.1145041,42.7105751
-7.1149081,42.7104297
-7.1151895,42.7103414
-7.1152942,42.7102950
-7.1154788,42.7101716
-7.1156376,42.7100848
-7.1159096,42.7099588
-7.1161851,42.7098598
-7.1163311,42.7098361
-7.1164990,42.7098155
-7.1166531,42.7097692
-7.1170168,42.7096609
-7.1171850,42.7096225
-7.1173574,42.7096139
-7.1176345,42.7096239
-7.1178076,42.7096330
-7.1178637,42.7096689
-7.1179486,42.7098089
-7.1180262,42.7100012
-7.1180912,42.7102042
-7.1181643,42.7103289
-7.1182414,42.7104695
-7.1182768,42.7104960
-7.1183214,42.7105125
-7.1183661,42.7105322
-7.1184176,42.7105427
-7.1186041,42.7105582
-7.1187873,42.7105419
-7.1189828,42.7105395
-7.1191373,42.7105553
-7.1195998,42.7106747
-7.1198226,42.7106934
-7.1203528,42.7106880
-7.1204999,42.7107051
-7.1205557,42.7107200
-7.1206115,42.7107399
-7.1211624,42.7110404
-7.1215451,42.7111895
-7.1216482,42.7112057
-7.1217665,42.7112717
-7.1219417,42.7113686
-7.1223475,42.7115383
-7.1223956,42.7115669
-7.1226209,42.7117020
-7.1226956,42.7117686
-7.1227199,42.7118167
-7.1229769,42.7119459
-7.1232069,42.7120676
-7.1233543,42.7121785
-7.1235156,42.7122579
-7.1236149,42.7122896
-7.1237143,42.7122979
-7.1238463,42.7122853
-7.1239503,42.7122654
-7.1240671,42.7122767
-7.1241852,42.7123027
-7.1242389,42.7123047
-7.1243059,42.7122923
-7.1243559,42.7122606
-7.1244175,42.7122472
-7.1244830,42.7122501
-7.1247296,42.7122827
-7.1251847,42.7123185
-7.1252672,42.7123624
-7.1253072,42.7123929
-7.1253459,42.7124475
-7.1253324,42.7125303
-7.1252849,42.7126379
-7.1252849,42.7127014
-7.1253117,42.7127298
-7.1253359,42.7127427
-7.1253833,42.7127576
-7.1254597,42.7127588
-7.1256716,42.7127217
-7.1257321,42.7127096
-7.1257949,42.7126808
-7.1258984,42.7126241
-7.1260278,42.7125044
-7.1260910,42.7125001
-7.1264781,42.7127426
-7.1272219,42.7131976
-7.1279598,42.7136349
-7.1285607,42.7140086
-7.1286856,42.7140930
-7.1287957,42.7141925
-7.1288959,42.7142919
-7.1289858,42.7144022
-7.1290977,42.7145623
-7.1292044,42.7148317
-7.1292304,42.7148719
-7.1292603,42.7149182
-7.1293104,42.7149775
-7.1294513,42.7151115
-7.1297221,42.7152988
-7.1301463,42.7155500
-7.1305222,42.7158038
-7.1309183,42.7160441
-7.1312047,42.7161698
-7.1314510,42.7162599
-7.1316881,42.7163188
-7.1321148,42.7163825
-7.1325532,42.7164301
-7.1328308,42.7164802
-7.1330890,42.7165433
-7.1333796,42.7166247
-7.1335711,42.7166820
-7.1338065,42.7167929
-7.1343083,42.7170901
-7.1347947,42.7174099
-7.1354456,42.7178131
-7.1359455,42.7180997
-7.1363326,42.7182583
-7.1365869,42.7183651
-7.1370572,42.7185091
-7.1375701,42.7186325
-7.1377658,42.7186891
-7.1379252,42.7187179
-7.1380687,42.7187540
-7.1383289,42.7188347
-7.1386304,42.7189106
-7.1389383,42.7190000
-7.1392490,42.7191094
-7.1393843,42.7191633
-7.1394947,42.7192246
-7.1396356,42.7193180
-7.1397932,42.7194554
-7.1399454,42.7196128
-7.1401874,42.7199234
-7.1404217,42.7202262
-7.1406287,42.7205289
-7.1407504,42.7206655
-7.1408883,42.7208020
-7.1410405,42.7209262
-7.1411858,42.7210624
-7.1415180,42.7212411
-7.1418475,42.7214418
-7.1422566,42.7216730
-7.1427123,42.7219686
-7.1430687,42.7221591
-7.1433726,42.7223061
-7.1437911,42.7224523
-7.1442243,42.7225885
-7.1453444,42.7228802
-7.1457738,42.7230162
-7.1461041,42.7231248
-7.1463447,42.7232212
-7.1467286,42.7233970
-7.1470866,42.7235903
-7.1474269,42.7238156
-7.1477799,42.7240866
-7.1479184,42.7242406
-7.1486053,42.7248266
-7.1498980,42.7256128
-7.1504672,42.7259520
-7.1505760,42.7260201
-7.1506596,42.7260894
-7.1508972,42.7262871
-7.1512125,42.7264838
-7.1516896,42.7267010
-7.1518096,42.7267602
-7.1519538,42.7268346
-7.1520319,42.7268592
-7.1521354,42.7268776
-7.1522830,42.7269159
-7.1525488,42.7269963
-7.1526265,42.7270282
-7.1526958,42.7270710
-7.1528255,42.7271358
-7.1530654,42.7272410
-7.1532246,42.7273192
-7.1533520,42.7273911
-7.1534244,42.7274425
-7.1534946,42.7274986
-7.1537186,42.7276943
-7.1539639,42.7279212
-7.1541425,42.7281042
-7.1542935,42.7282935
-7.1545180,42.7285513
-7.1546969,42.7287134
-7.1547706,42.7287871
-7.1548135,42.7288212
-7.1549202,42.7289031
-7.1549897,42.7289605
-7.1550464,42.7290211
-7.1551292,42.7291606
-7.1552214,42.7292420
-7.1552632,42.7294005
-7.1553031,42.7294815
-7.1553689,42.7295549
-7.1554332,42.7296059
-7.1554975,42.7296700
-7.1556033,42.7298320
-7.1557100,42.7299870
-7.1558901,42.7303344
-7.1559629,42.7304195
-7.1560496,42.7304792
-7.1561871,42.7305785
-7.1562672,42.7306499
-7.1563519,42.7307643
-7.1565449,42.7310201
-7.1566160,42.7310705
-7.1566910,42.7311003
-7.1567506,42.7311120
-7.1570874,42.7312688
-7.1573551,42.7314315
-7.1576353,42.7316140
-7.1577536,42.7317197
-7.1580522,42.7318349
-7.1580945,42.7318627
-7.1582622,42.7319681
-7.1583871,42.7320498
-7.1586585,42.7321645
-7.1587621,42.7322386
-7.1588808,42.7323058
-7.1591539,42.7325648
-7.1596755,42.7329951
-7.1597761,42.7330598
-7.1600209,42.7332033
-7.1606715,42.7335189
-7.1610947,42.7336963
-7.1615944,42.7338632
-7.1618189,42.7339692
-7.1620404,42.7341056
-7.1622994,42.7342284
-7.1625703,42.7343218
-7.1632912,42.7345088
-7.1635008,42.7345783
-7.1639580,42.7347072
-7.1642613,42.7347811
-7.1650973,42.7350497
-7.1651217,42.7350572
-7.1662073,42.7353831
-7.1664684,42.7354557
-7.1666251,42.7355009
-7.1670384,42.7356461
-7.1672865,42.7357534
-7.1673860,42.7358055
-7.1675077,42.7358693
-7.1675188,42.7358751
-7.1681438,42.7361836
-7.1686059,42.7363975
-7.1693761,42.7366968
-7.1696164,42.7368163
-7.1698873,42.7369134
-7.1701189,42.7370229
-7.1704437,42.7371149
-7.1707291,42.7371952
-7.1708860,42.7372219
-7.1709826,42.7372316
-7.1711438,42.7372169
-7.1715589,42.7369981
-7.1718138,42.7369008
-7.1718605,42.7368897
-7.1722192,42.7368893
-7.1724772,42.7369098
-7.1729449,42.7369892
-7.1732981,42.7370331
-7.1735553,42.7371270
-7.1737731,42.7372859
-7.1738804,42.7374658
-7.1739448,42.7376056
-7.1739947,42.7377407
-7.1741346,42.7379307
-7.1742250,42.7380318
-7.1742594,42.7381047
-7.1743081,42.7382259
-7.1743016,42.7384184
-7.1742708,42.7385429
-7.1742670,42.7386536
-7.1743850,42.7388735
-7.1746442,42.7391403
-7.1748756,42.7393303
-7.1749420,42.7394095
-7.1749781,42.7394772
-7.1750503,42.7396207
-7.1751411,42.7397627
-7.1752164,42.7398394
-7.1754201,42.7399981
-7.1756195,42.7401705
-7.1757880,42.7403598
-7.1760632,42.7406264
-7.1763550,42.7408685
-7.1764440,42.7409304
-7.1769865,42.7413543
-7.1773282,42.7416166
-7.1777119,42.7419160
-7.1778693,42.7420220
-7.1779208,42.7420785
-7.1779514,42.7421456
-7.1779879,42.7422925
-7.1780178,42.7427663
-7.1780267,42.7430247
-7.1780157,42.7431288
-7.1779722,42.7432448
-7.1779980,42.7433700
-7.1779889,42.7436048
-7.1780011,42.7436621
-7.1780258,42.7437240
-7.1781116,42.7438459
-7.1782930,42.7441801
-7.1783999,42.7442352
-7.1785916,42.7442493
-7.1786908,42.7442182
-7.1795469,42.7440683
-7.1803545,42.7439882
-7.1808045,42.7439207
-7.1809104,42.7439065
-7.1810329,42.7438633
-7.1812260,42.7438022
-7.1816521,42.7436753
-7.1818696,42.7436097
-7.1819802,42.7435957
-7.1820907,42.7435955
-7.1823272,42.7436285
-7.1830057,42.7437393
-7.1833556,42.7438144
-7.1835149,42.7438477
-7.1836572,42.7438944
-7.1837819,42.7439888
-7.1838798,42.7441021
-7.1839388,42.7441909
-7.1840313,42.7442452
-7.1841656,42.7442745
-7.1843062,42.7442795
-7.1846759,42.7441922
-7.1848494,42.7441363
-7.1849466,42.7440920
-7.1851513,42.7439711
-7.1852748,42.7439110
-7.1854609,42.7438502
-7.1857066,42.7437627
-7.1858930,42.7437270
-7.1860995,42.7437199
-7.1865566,42.7437497
-7.1869028,42.7438236
-7.1870264,42.7438671
-7.1870900,42.7439071
-7.1871359,42.7439600
-7.1872910,42.7441432
-7.1874578,42.7443800
-7.1876077,42.7445827
-7.1877100,42.7446756
-7.1878488,42.7447530
-7.1880200,42.7447936
-7.1882732,42.7447897
-7.1885374,42.7447356
-7.1887249,42.7446820
-7.1888084,42.7446510
-7.1889053,42.7446150
-7.1890228,42.7445589
-7.1891402,42.7444733
-7.1892852,42.7443271
-7.1894117,42.7441753
-7.1895452,42.7439994
-7.1896179,42.7438865
-7.1897124,42.7436802
-7.1899686,42.7430844
-7.1901323,42.7427064
-7.1903204,42.7422399
-7.1905065,42.7419163
-7.1906717,42.7416587
-7.1907786,42.7414647
-7.1909472,42.7412060
-7.1911186,42.7409386
-7.1913667,42.7406591
-7.1915293,42.7404999
-7.1917121,42.7403782
-7.1918931,42.7402553
-7.1919971,42.7401993
-7.1921248,42.7401537
-7.1922907,42.7401251
-7.1923672,42.7401145
-7.1924349,42.7401232
-7.1925423,42.7401631
-7.1927580,42.7403419
-7.1930148,42.7405157
-7.1931620,42.7405934
-7.1934148,42.7406236
-7.1935857,42.7406173
-7.1939767,42.7405849
-7.1942161,42.7405817
-7.1947050,42.7406080
-7.1949838,42.7405999
-7.1951145,42.7406112
-7.1952187,42.7406394
-7.1952821,42.7407106
-7.1955909,42.7409351
-7.1958842,42.7410631
-7.1964997,42.7412879
-7.1966471,42.7413426
-7.1967757,42.7414008
-7.1969133,42.7414740
-7.1972425,42.7416766
-7.1975604,42.7418389
-7.1981158,42.7421192
-7.1986709,42.7423356
-7.1993362,42.7426823
-7.2000773,42.7430961
-7.2002535,42.7431925
-7.2005601,42.7433333
-7.2007787,42.7434241
-7.2009402,42.7434605
-7.2012317,42.7435089
-7.2015371,42.7435632
-7.2016589,42.7435657
-7.2017978,42.7435434
-7.2020223,42.7434829
-7.2024658,42.7433173
-7.2026712,42.7432529
-7.2030039,42.7431384
-7.2034461,42.7430303
-7.2036256,42.7429943
-7.2038890,42.7428860
-7.2040514,42.7427953
-7.2043133,42.7426399
-7.2045933,42.7424572
-7.2046805,42.7424361
-7.2047262,42.7424654
-7.2047547,42.7425053
-7.2047964,42.7427100
-7.2048132,42.7429404
-7.2047976,42.7430935
-7.2047420,42.7433076
-7.2047270,42.7434201
-7.2047249,42.7436560
-7.2047406,42.7439400
-7.2047097,42.7439981
-7.2047272,42.7440449
-7.2048257,42.7440081
-7.2055880,42.7436202
-7.2056950,42.7435502
-7.2058802,42.7434671
-7.2060887,42.7433735
-7.2062627,42.7431143
-7.2062844,42.7431857
-7.2061869,42.7434390
-7.2061823,42.7435103
-7.2063075,42.7436693
-7.2064908,42.7438127
-7.2068127,42.7439073
-7.2073469,42.7440996
-7.2077139,42.7442382
-7.2078536,42.7442600
-7.2082229,42.7443043
-7.2082860,42.7443202
-7.2083374,42.7443464
-7.2086435,42.7445419
-7.2090242,42.7447567
-7.2092911,42.7448431
-7.2095592,42.7449081
-7.2096874,42.7449296
-7.2100637,42.7449220
-7.2102284,42.7449378
-7.2103931,42.7449622
-7.2114720,42.7452840
-7.2118364,42.7453648
-7.2119223,42.7454002
-7.2120004,42.7454385
-7.2121207,42.7455581
-7.2122913,42.7456430
-7.2124162,42.7457072
-7.2125257,42.7457800
-7.2128744,42.7460690
-7.2133695,42.7464774
-7.2137435,42.7467122
-7.2148699,42.7471864
-7.2151516,42.7472915
-7.2153318,42.7473476
-7.2156558,42.7474204
-7.2161051,42.7475453
-7.2161742,42.7475439
-7.2162390,42.7475205
-7.2162878,42.7474607
-7.2163111,42.7474187
-7.2164085,42.7473669
-7.2169638,42.7474151
-7.2172391,42.7473668
-7.2173716,42.7473668
-7.2175451,42.7474153
-7.2177106,42.7474854
-7.2178987,42.7475788
-7.2180682,42.7476526
-7.2181746,42.7477943
-7.2182417,42.7479563
-7.2183781,42.7481513
-7.2185719,42.7483678
-7.2186870,42.7484680
-7.2189581,42.7485988
-7.2193606,42.7487349
-7.2195963,42.7488484
-7.2196476,42.7490581
-7.2196975,42.7491393
-7.2197705,42.7494582
-7.2198092,42.7495682
-7.2198620,42.7496778
-7.2199891,42.7498825
-7.2201909,42.7501253
-7.2202228,42.7501534
-7.2204166,42.7503585
-7.2205103,42.7503854
-7.2207402,42.7504819
-7.2213810,42.7508667
-7.2214662,42.7509042
-7.2218910,42.7508881
-7.2224059,42.7507820
-7.2229149,42.7507238
-7.2233814,42.7507314
-7.2237605,42.7507190
-7.2238833,42.7507240
-7.2240888,42.7508184
-7.2244311,42.7510150
-7.2247018,42.7511505
-7.2249734,42.7512874
-7.2251871,42.7514310
-7.2253033,42.7515515
-7.2254394,42.7517385
-7.2257660,42.7521803
-7.2259009,42.7523708
-7.2259560,42.7525108
-7.2260242,42.7526654
-7.2260860,42.7528862
-7.2261477,42.7531831
-7.2262422,42.7534930
-7.2263006,42.7535972
-7.2264996,42.7537377
-7.2266380,42.7538369
-7.2267398,42.7538900
-7.2268691,42.7539805
-7.2269803,42.7540465
-7.2272231,42.7541413
-7.2274548,42.7542421
-7.2275922,42.7543367
-7.2277165,42.7544031
-7.2278357,42.7544881
-7.2279269,42.7545383
-7.2280948,42.7546140
-7.2282617,42.7547715
-7.2283561,42.7549228
-7.2284788,42.7550533
-7.2286393,42.7551860
-7.2287804,42.7553006
-7.2289129,42.7553962
-7.2289912,42.7554332
-7.2291629,42.7555782
-7.2292888,42.7556212
-7.2294386,42.7556445
-7.2297355,42.7556057
-7.2299212,42.7556178
-7.2301749,42.7556954
-7.2303150,42.7557858
-7.2304413,42.7558318
-7.2306689,42.7558618
-7.2307644,42.7558352
-7.2308625,42.7558282
-7.2310565,42.7557617
-7.2313376,42.7556837
-7.2314707,42.7556348
-7.2315741,42.7556042
-7.2318824,42.7556289
-7.2320225,42.7556557
-7.2324242,42.7557596
-7.2327473,42.7558085
-7.2332398,42.7560004
-7.2333966,42.7560838
-7.2336202,42.7561404
-7.2338320,42.7561541
-7.2340651,42.7561540
-7.2345506,42.7561196
-7.2347869,42.7560974
-7.2351112,42.7560818
-7.2354473,42.7560936
-7.2356307,42.7560981
-7.2357984,42.7561222
-7.2361900,42.7561244
-7.2369048,42.7561057
-7.2371168,42.7561033
-7.2372313,42.7560978
-7.2373694,42.7560924
-7.2378679,42.7560702
-7.2386135,42.7560458
-7.2387572,42.7560351
-7.2391863,42.7559937
-7.2394710,42.7559706
-7.2397950,42.7559428
-7.2399212,42.7559329
-7.2400970,42.7559211
-7.2405523,42.7559119
-7.2406685,42.7559086
-7.2408121,42.7559024
-7.2412068,42.7558935
-7.2416882,42.7558698
-7.2418683,42.7558157
-7.2420190,42.7557738
-7.2421930,42.7556985
-7.2428492,42.7554280
-7.2433702,42.7552175
-7.2435992,42.7551142
-7.2437398,42.7552839
-7.2438648,42.7554671
-7.2438845,42.7554959
-7.2439193,42.7555654
-7.2439671,42.7556284
-7.2438670,42.7557120
-7.2437711,42.7557862
-7.2436498,42.7558644
-7.2437604,42.7561636
-7.2437861,42.7562285
-7.2439134,42.7565559
-7.2441140,42.7571192
-7.2442000,42.7573986
-7.2442363,42.7574874
-7.2442883,42.7575713
-7.2443529,42.7576641
-7.2446421,42.7579921
-7.2452849,42.7586875
-7.2458738,42.7593457
-7.2459510,42.7594703
-7.2460081,42.7595983
-7.2460714,42.7597611
-7.2461167,42.7598430
-7.2461592,42.7599042
-7.2462158,42.7599914
-7.2463657,42.7601363
-7.2465089,42.7602388
-7.2466984,42.7603682
-7.2470337,42.7605120
-7.2472359,42.7605828
-7.2476803,42.7607015
-7.2478088,42.7607506
-7.2479311,42.7608262
-7.2480953,42.7609914
-7.2485280,42.7613559
-7.2486042,42.7614396
-7.2486501,42.7615376
-7.2487507,42.7618337
-7.2488525,42.7620253
-7.2489181,42.7622788
-7.2489846,42.7628024
-7.2491050,42.7631364
-7.2492715,42.7634611
-7.2495791,42.7638368
-7.2496289,42.7639152
-7.2496437,42.7639930
-7.2496586,42.7643232
-7.2496936,42.7644059
-7.2497623,42.7644681
-7.2503429,42.7647705
-7.2509515,42.7650439
-7.2515425,42.7653067
-7.2518083,42.7653898
-7.2518997,42.7654716
-7.2520002,42.7655744
-7.2522824,42.7657337
-7.2525023,42.7658218
-7.2528394,42.7658412
-7.2532452,42.7658918
-7.2534163,42.7659336
-7.2536365,42.7659789
-7.2537569,42.7660651
-7.2538076,42.7661171
-7.2538658,42.7662842
-7.2539050,42.7664582
-7.2539597,42.7665768
-7.2540434,42.7667046
-7.2546852,42.7669738
-7.2547394,42.7670300
-7.2548963,42.7672439
-7.2550273,42.7675264
-7.2554370,42.7678299
-7.2556087,42.7682049
-7.2556891,42.7682885
-7.2558108,42.7683728
-7.2559064,42.7684095
-7.2559870,42.7684246
-7.2560588,42.7684240
-7.2561580,42.7683947
-7.2562131,42.7684017
-7.2565492,42.7687387
-7.2566138,42.7687795
-7.2567410,42.7687976
-7.2569691,42.7687874
-7.2571205,42.7687871
-7.2576225,42.7689741
-7.2579053,42.7690857
-7.2581291,42.7693299
-7.2592393,42.7700163
-7.2603551,42.7704321
-7.2606574,42.7705471
-7.2610007,42.7705912
-7.2614194,42.7705582
-7.2620042,42.7703424
-7.2623598,42.7700565
-7.2627019,42.7698226
-7.2630632,42.7696983
-7.2633739,42.7696438
-7.2638423,42.7695809
-7.2641757,42.7694597
-7.2644161,42.7693208
-7.2646906,42.7690943
-7.2647450,42.7689251
-7.2648336,42.7688829
-7.2650323,42.7688320
-7.2653661,42.7687740
-7.2665994,42.7686221
-7.2671756,42.7685725
-7.2675520,42.7684909
-7.2676597,42.7684879
-7.2677624,42.7685054
-7.2678486,42.7685315
-7.2679467,42.7685808
-7.2679959,42.7686359
-7.2680734,42.7686239
-7.2683165,42.7685025
-7.2686954,42.7683519
-7.2691468,42.7681877
-7.2694612,42.7680462
-7.2698227,42.7678552
-7.2703283,42.7676685
-7.2703834,42.7676587
-7.2707598,42.7676121
-7.2710348,42.7675257
-7.2711833,42.7674607
-7.2713058,42.7673862
-7.2714330,42.7672548
-7.2716295,42.7670327
-7.2716813,42.7669904
-7.2718204,42.7668768
-7.2719680,42.7667588
-7.2723014,42.7663546
-7.2723876,42.7662798
-7.2725033,42.7662161
-7.2728760,42.7660710
-7.2733530,42.7659257
-7.2739308,42.7658024
-7.2743419,42.7657330
-7.2745173,42.7657166
-7.2746681,42.7657242
-7.2749408,42.7657784
-7.2752455,42.7658529
-7.2753651,42.7658627
-7.2755079,42.7658415
-7.2755738,42.7658053
-7.2756246,42.7657676
-7.2757143,42.7656741
-7.2758794,42.7654299
-7.2760518,42.7652463
-7.2762346,42.7651105
-7.2764926,42.7649559
-7.2767363,42.7648299
-7.2772944,42.7645790
-7.2777458,42.7644248
-7.2779454,42.7643805
-7.2781521,42.7643472
-7.2784472,42.7643138
-7.2788285,42.7642982
-7.2796902,42.7643108
-7.2799423,42.7643202
-7.2801770,42.7643380
-7.2803912,42.7643783
-7.2805825,42.7644312
-7.2808309,42.7645154
-7.2808861,42.7645459
-7.2810631,42.7646435
-7.2815201,42.7649380
-7.2820359,42.7653017
-7.2823300,42.7655345
-7.2825399,42.7657032
-7.2826906,42.7659093
-7.2827974,42.7661153
-7.2828734,42.7663361
-7.2829107,42.7667238
-7.2829080,42.7670147
-7.2828965,42.7672605
-7.2828648,42.7674212
-7.2828269,42.7675067
-7.2827466,42.7676198
-7.2826820,42.7677183
-7.2826540,42.7677776
-7.2826454,42.7678345
-7.2826938,42.7679321
-7.2828102,42.7679952
-7.2829280,42.7680291
-7.2831357,42.7680642
-7.2833661,42.7680737
-7.2835853,42.7680530
-7.2843393,42.7679074
-7.2845549,42.7678829
-7.2847891,42.7678257
-7.2849438,42.7677567
-7.2852092,42.7676018
-7.2854227,42.7674980
-7.2856317,42.7674359
-7.2858344,42.7674134
-7.2861053,42.7674301
-7.2862820,42.7674527
-7.2867506,42.7675325
-7.2870461,42.7675944
-7.2872527,42.7676304
-7.2872962,42.7676696
-7.2873830,42.7676953
-7.2882844,42.7677669
-7.2884533,42.7677750
-7.2888615,42.7676406
-7.2892312,42.7675230
-7.2896502,42.7673511
-7.2898474,42.7672606
-7.2901555,42.7671701
-7.2906854,42.7670073
-7.2912523,42.7668806
-7.2919074,42.7666676
-7.2921591,42.7665990
-7.2924108,42.7665458
-7.2929531,42.7664463
-7.2932081,42.7664578
-7.2935562,42.7664055
-7.2937438,42.7663584
-7.2939262,42.7662690
-7.2939709,42.7662577
-7.2940311,42.7662616
-7.2940858,42.7662527
-7.2941380,42.7662371
-7.2941825,42.7662260
-7.2942072,42.7662270
-7.2944569,42.7661711
-7.2946569,42.7661481
-7.2949247,42.7661325
-7.2954558,42.7660823
-7.2959232,42.7659939
-7.2963003,42.7660170
-7.2963538,42.7660336
-7.2963918,42.7660770
-7.2963915,42.7661749
-7.2964019,42.7663638
-7.2964248,42.7663953
-7.2968229,42.7664825
-7.2970850,42.7665520
-7.2974041,42.7665550
-7.2974311,42.7666278
-7.2974488,42.7666573
-7.2974820,42.7666848
-7.2975475,42.7667188
-7.2976155,42.7667342
-7.2976848,42.7667382
-7.2978664,42.7667110
-7.2979560,42.7666933
-7.2981239,42.7666593
-7.2986329,42.7665602
-7.2986602,42.7665913
-7.2986931,42.7666231
-7.2987290,42.7666581
-7.2987679,42.7666702
-7.2988067,42.7666772
-7.2989441,42.7666896
-7.2990561,42.7666995
-7.2991513,42.7667049
-7.2991824,42.7667067
-7.2992927,42.7667129
-7.2994187,42.7667303
-7.2994901,42.7667409
-7.2996058,42.7667587
-7.2997050,42.7667639
-7.2997528,42.7667602
-7.2997920,42.7667571
-7.2998726,42.7667419
-7.2999455,42.7667135
-7.2999935,42.7667045
-7.3000886,42.7667300
-7.3001338,42.7667257
-7.3001752,42.7667111
-7.3003378,42.7666778
-7.3004447,42.7666535
-7.3005188,42.7666401
-7.3006332,42.7666156
-7.3006960,42.7665964
-7.3007750,42.7665750
-7.3008164,42.7665670
-7.3008638,42.7665678
-7.3009364,42.7665662
-7.3009825,42.7665776
-7.3016259,42.7664741
-7.3025694,42.7665979
-7.3026754,42.7666322
-7.3028587,42.7667160
-7.3029009,42.7667521
-7.3029164,42.7667980
-7.3029220,42.7668268
-7.3029262,42.7668561
-7.3028940,42.7669683
-7.3028950,42.7671951
-7.3029451,42.7672441
-7.3030029,42.7673650
-7.3030307,42.7674392
-7.3030798,42.7674986
-7.3031739,42.7675611
-7.3033213,42.7676515
-7.3038122,42.7679221
-7.3042697,42.7681446
-7.3044092,42.7682198
-7.3048526,42.7684924
-7.3052952,42.7686420
-7.3053748,42.7686469
-7.3054545,42.7686436
-7.3055151,42.7686266
-7.3055701,42.7686004
-7.3057409,42.7685193
-7.3058020,42.7684787
-7.3059055,42.7683529
-7.3059543,42.7683078
-7.3060745,42.7681965
-7.3063479,42.7680603
-7.3064962,42.7679777
-7.3066029,42.7679067
-7.3066772,42.7678769
-7.3068315,42.7678483
-7.3069192,42.7678574
-7.3071897,42.7678049
-7.3072974,42.7677856
-7.3074107,42.7677829
-7.3074965,42.7677813
-7.3075766,42.7677911
-7.3077360,42.7678131
-7.3078199,42.7678207
-7.3079010,42.7678479
-7.3080928,42.7679352
-7.3085341,42.7683511
-7.3086299,42.7684162
-7.3089332,42.7685510
-7.3089801,42.7685807
-7.3090959,42.7686332
-7.3091695,42.7686517
-7.3094509,42.7686981
-7.3095418,42.7687553
-7.3096057,42.7688027
-7.3097122,42.7689076
-7.3098384,42.7690954
-7.3099368,42.7692060
-7.3100111,42.7692707
-7.3101226,42.7693569
-7.3103519,42.7696381
-7.3104319,42.7698237
-7.3104806,42.7699507
-7.3105146,42.7702431
-7.3105818,42.7706819
-7.3106671,42.7712047
-7.3105089,42.7715312
-7.3103646,42.7718248
-7.3102255,42.7721773
-7.3101611,42.7723386
-7.3101808,42.7723584
-7.3101788,42.7723897
-7.3099837,42.7727148
-7.3097570,42.7729599
-7.3097275,42.7729845
-7.3097883,42.7729918
-7.3098386,42.7729780
-7.3099987,42.7728568
-7.3102932,42.7725918
-7.3104105,42.7724464
-7.3105365,42.7723389
-7.3107133,42.7722160
-7.3108424,42.7720198
-7.3110520,42.7715163
-7.3111215,42.7714210
-7.3113055,42.7711851
-7.3113416,42.7711645
-7.3113747,42.7711731
-7.3113717,42.7712409
-7.3113764,42.7713465
-7.3114396,42.7714789
-7.3115274,42.7715663
-7.3115779,42.7715918
-7.3117209,42.7716085
-7.3118772,42.7715825
-7.3119960,42.7715617
-7.3120587,42.7715492
-7.3120999,42.7715305
-7.3121605,42.7714910
-7.3123881,42.7712793
-7.3124868,42.7711962
-7.3125995,42.7711119
-7.3126406,42.7710930
-7.3126830,42.7710832
-7.3127735,42.7710709
-7.3132662,42.7710003
-7.3133960,42.7709731
-7.3135065,42.7709367
-7.3137123,42.7708578
-7.3138056,42.7708331
-7.3138533,42.7708283
-7.3139034,42.7708298
-7.3140697,42.7708569
-7.3141841,42.7708828
-7.3142342,42.7708966
-7.3142818,42.7709177
-7.3143658,42.7709706
-7.3144791,42.7710807
-7.3145836,42.7711997
-7.3146356,42.7712493
-7.3147526,42.7713129
-7.3149364,42.7713759
-7.3150666,42.7713971
-7.3152013,42.7714039
-7.3153873,42.7713906
-7.3154563,42.7713914
-7.3155278,42.7713822
-7.3156023,42.7713466
-7.3156713,42.7712977
-7.3157859,42.7712370
-7.3159093,42.7711944
-7.3160180,42.7711730
-7.3161149,42.7711717
-7.3162105,42.7711767
-7.3163323,42.7712064
-7.3164478,42.7712426
-7.3166290,42.7712855
-7.3168343,42.7713217
-7.3171261,42.7714038
-7.3173000,42.7714574
-7.3174781,42.7714880
-7.3175753,42.7715193
-7.3176739,42.7715598
-7.3177749,42.7715966
-7.3178979,42.7716375
-7.3180476,42.7716947
-7.3181534,42.7717513
-7.3182532,42.7718304
-7.3182985,42.7718747
-7.3183333,42.7719372
-7.3183400,42.7720037
-7.3183224,42.7721004
-7.3183106,42.7721601
-7.3183338,42.7722576
-7.3183850,42.7724245
-7.3184959,42.7724630
-7.3186332,42.7724931
-7.3187850,42.7725153
-7.3192947,42.7725766
-7.3194665,42.7725851
-7.3196571,42.7725736
-7.3198976,42.7725481
-7.3202611,42.7725031
-7.3204254,42.7724949
-7.3205424,42.7724980
-7.3206494,42.7725109
-7.3207768,42.7725544
-7.3208870,42.7726015
-7.3212804,42.7728006
-7.3215557,42.7729001
-7.3218144,42.7729622
-7.3222153,42.7730535
-7.3224523,42.7731198
-7.3226645,42.7732083
-7.3230319,42.7733882
-7.3233012,42.7734862
-7.3235262,42.7735450
-7.3238694,42.7736307
-7.3240335,42.7736645
-7.3246028,42.7737616
-7.3248957,42.7738248
-7.3253324,42.7739463
-7.3253969,42.7738810
-7.3254645,42.7738596
-7.3256212,42.7738510
-7.3257919,42.7738442
-7.3261873,42.7737840
-7.3263621,42.7737441
-7.3267211,42.7736860
-7.3267659,42.7736755
-7.3268175,42.7736536
-7.3270776,42.7731866
-7.3271420,42.7730699
-7.3271788,42.7729684
-7.3272766,42.7727607
-7.3273410,42.7727046
-7.3274244,42.7726649
-7.3274919,42.7726373
-7.3276014,42.7726288
-7.3277065,42.7726373
-7.3286040,42.7729581
-7.3288186,42.7730353
-7.3289501,42.7730694
-7.3290479,42.7731090
-7.3291479,42.7731689
-7.3292031,42.7731977
-7.3292895,42.7732158
-7.3293801,42.7732154
-7.3297342,42.7731938
-7.3300499,42.7731891
-7.3305978,42.7731977
-7.3308088,42.7731904
-7.3309975,42.7731702
-7.3314776,42.7731032
-7.3327731,42.7729221
-7.3331942,42.7728433
-7.3335025,42.7728002
-7.3336850,42.7727898
-7.3338103,42.7727913
-7.3339816,42.7728021
-7.3341978,42.7728190
-7.3344030,42.7728373
-7.3345844,42.7728557
-7.3350810,42.7729198
-7.3352389,42.7729452
-7.3353295,42.7729605
-7.3353824,42.7729701
-7.3356197,42.7730204
-7.3357187,42.7730489
-7.3358280,42.7730821
-7.3360456,42.7731692
-7.3364312,42.7733296
-7.3365613,42.7733820
-7.3367469,42.7734832
-7.3368766,42.7735414
-7.3371950,42.7736663
-7.3376130,42.7738339
-7.3380086,42.7739897
-7.3381179,42.7740235
-7.3382273,42.7740387
-7.3383142,42.7740459
-7.3384042,42.7740460
-7.3387748,42.7739304
-7.3389757,42.7738877
-7.3392416,42.7738221
-7.3393364,42.7738713
-7.3394197,42.7739137
-7.3396635,42.7740416
-7.3398514,42.7741243
-7.3398978,42.7742005
-7.3399640,42.7743077
-7.3399822,42.7743341
-7.3400614,42.7744164
-7.3401531,42.7744714
-7.3402347,42.7744999
-7.3407405,42.7746104
-7.3408022,42.7746224
-7.3413235,42.7748205
-7.3414675,42.7748595
-7.3416186,42.7748781
-7.3419473,42.7748699
-7.3423644,42.7748512
-7.3425257,42.7748248
-7.3427356,42.7747645
-7.3430559,42.7746878
-7.3435412,42.7746073
-7.3441666,42.7744992
-7.3446569,42.7744190
-7.3449027,42.7743781
-7.3451551,42.7743186
-7.3463098,42.7740181
-7.3464699,42.7740211
-7.3468138,42.7740083
-7.3473822,42.7740064
-7.3479625,42.7740199
-7.3482940,42.7740144
-7.3485837,42.7739899
-7.3490538,42.7739753
-7.3492415,42.7739374
-7.3495576,42.7738612
-7.3498431,42.7738381
-7.3499394,42.7738331
-7.3500357,42.7738413
-7.3505514,42.7738911
-7.3508385,42.7738857
-7.3510481,42.7738640
-7.3511837,42.7738561
-7.3513846,42.7738515
-7.3514900,42.7738393
-7.3517966,42.7737456
-7.3519514,42.7737120
-7.3521358,42.7737157
-7.3523340,42.7737530
-7.3524670,42.7737030
-7.3525502,42.7736934
-7.3528254,42.7735641
-7.3529704,42.7735244
-7.3530649,42.7735206
-7.3532919,42.7734099
-7.3534357,42.7733780
-7.3536262,42.7733506
-7.3537477,42.7733913
-7.3538587,42.7734269
-7.3539668,42.7734553
-7.3541661,42.7734793
-7.3542994,42.7735122
-7.3544245,42.7735503
-7.3548785,42.7736897
-7.3550070,42.7737549
-7.3550549,42.7737527
-7.3551442,42.7737384
-7.3553218,42.7737874
-7.3553623,42.7738362
-7.3559329,42.7738606
-7.3561513,42.7738643
-7.3566032,42.7738589
-7.3576911,42.7738228
-7.3581502,42.7737677
-7.3584830,42.7737109
-7.3587414,42.7736425
-7.3589456,42.7736319
-7.3589885,42.7736528
-7.3590889,42.7736972
-7.3592518,42.7737125
-7.3595083,42.7737462
-7.3599168,42.7737994
-7.3601019,42.7738345
-7.3602114,42.7738373
-7.3602848,42.7738386
-7.3603673,42.7738334
-7.3605226,42.7738245
-7.3607369,42.7738104
-7.3609378,42.7737904
-7.3611627,42.7737598
-7.3615044,42.7736537
-7.3616070,42.7736329
-7.3617982,42.7736337
-7.3622898,42.7736359
-7.3624008,42.7736619
-7.3624822,42.7736528
-7.3625464,42.7736365
-7.3627063,42.7735638
-7.3628257,42.7735213
-7.3629703,42.7734541
-7.3632341,42.7733878
-7.3634401,42.7733392
-7.3639021,42.7732474
-7.3643635,42.7731618
-7.3644785,42.7731603
-7.3645719,42.7731734
-7.3646582,42.7731907
-7.3649665,42.7732633
-7.3652352,42.7733450
-7.3653537,42.7733702
-7.3654187,42.7733809
-7.3656720,42.7734090
-7.3657613,42.7734088
-7.3659321,42.7733973
-7.3661278,42.7733620
-7.3665523,42.7732680
-7.3667741,42.7732268
-7.3669326,42.7732073
-7.3671480,42.7731893
-7.3673382,42.7731816
-7.3682311,42.7731423
-7.3683810,42.7731404
-7.3687849,42.7731661
-7.3692520,42.7732218
-7.3696623,42.7732457
-7.3704154,42.7732597
-7.3708024,42.7732777
-7.3708840,42.7732763
-7.3710139,42.7732830
-7.3716640,42.7733214
-7.3718349,42.7733439
-7.3721181,42.7734016
-7.3727967,42.7735574
-7.3730987,42.7735989
-7.3732822,42.7736060
-7.3734692,42.7735886
-7.3739018,42.7735345
-7.3741271,42.7735261
-7.3743127,42.7735412
-7.3744705,42.7735675
-7.3747063,42.7736351
-7.3751812,42.7737950
-7.3752425,42.7738162
-7.3753010,42.7738425
-7.3755379,42.7739051
-7.3757589,42.7739407
-7.3760422,42.7739748
-7.3763909,42.7740097
-7.3766790,42.7740292
-7.3767218,42.7740357
-7.3768922,42.7740617
-7.3774894,42.7741308
-7.3777414,42.7741546
-7.3778713,42.7741883
-7.3780260,42.7742405
-7.3783547,42.7743790
-7.3787687,42.7745160
-7.3790368,42.7746336
-7.3796576,42.7748638
-7.3798506,42.7749304
-7.3799706,42.7749661
-7.3805423,42.7751263
-7.3809722,42.7752313
-7.3814396,42.7753452
-7.3818012,42.7754381
-7.3821543,42.7755351
-7.3825623,42.7756212
-7.3827332,42.7756682
-7.3829602,42.7757477
-7.3832244,42.7758587
-7.3833100,42.7759073
-7.3834466,42.7760107
-7.3835798,42.7761271
-7.3836813,42.7762311
-7.3838001,42.7763261
-7.3838850,42.7763940
-7.3840917,42.7765244
-7.3841801,42.7765790
-7.3842422,42.7766183
-7.3842815,42.7766387
-7.3843196,42.7766516
-7.3843576,42.7766542
-7.3844062,42.7766561
-7.3844654,42.7766496
-7.3848311,42.7765702
-7.3853780,42.7764168
-7.3856218,42.7763658
-7.3858403,42.7763291
-7.3860906,42.7763005
-7.3864057,42.7762742
-7.3866609,42.7762689
-7.3868870,42.7762587
-7.3869890,42.7762511
-7.3871023,42.7762518
-7.3872759,42.7762428
-7.3873720,42.7762411
-7.3875847,42.7762167
-7.3878045,42.7761944
-7.3881055,42.7761717
-7.3883908,42.7761510
-7.3884922,42.7761406
-7.3888715,42.7761311
-7.3893024,42.7761244
-7.3896353,42.7761365
-7.3896457,42.7761368
-7.3900384,42.7761662
-7.3906427,42.7762206
-7.3907609,42.7762341
-7.3909829,42.7762509
-7.3912226,42.7762855
-7.3919930,42.7763233
-7.3924018,42.7763511
-7.3930757,42.7764063
-7.3932880,42.7764140
-7.3934786,42.7764075
-7.3937978,42.7763884
-7.3949271,42.7763003
-7.3951933,42.7762820
-7.3955458,42.7762595
-7.3961574,42.7762204
-7.3963924,42.7762054
-7.3965709,42.7761978
-7.3968227,42.7761872
-7.3969796,42.7761945
-7.3975023,42.7762181
-7.3978101,42.7762140
-7.3982687,42.7761795
-7.3985163,42.7761495
-7.3985380,42.7761441
-7.3987444,42.7760928
-7.3991393,42.7759859
-7.3994643,42.7758847
-7.3998317,42.7757630
-7.4001404,42.7756699
-7.4003055,42.7756497
-7.4003840,42.7756333
-7.4004825,42.7756278
-7.4006606,42.7756295
-7.4007307,42.7756391
-7.4007737,42.7756554
-7.4013596,42.7757132
-7.4024760,42.7757990
-7.4029727,42.7758138
-7.4031465,42.7757776
-7.4034399,42.7757203
-7.4036943,42.7756710
-7.4039129,42.7756355
-7.4040721,42.7756309
-7.4041969,42.7756584
-7.4044139,42.7757134
-7.4046855,42.7757924
-7.4048290,42.7758360
-7.4049792,42.7758445
-7.4050398,42.7758486
-7.4051927,42.7758875
-7.4052989,42.7759196
-7.4054534,42.7759586
-7.4055056,42.7759603
-7.4055236,42.7759609
-7.4055441,42.7759605
-7.4056330,42.7759589
-7.4058494,42.7759324
-7.4059187,42.7759417
-7.4059718,42.7759478
-7.4062929,42.7758191
-7.4063542,42.7758068
-7.4065020,42.7759070
-7.4065541,42.7758606
-7.4066055,42.7758150
-7.4065730,42.7757915
-7.4065671,42.7757761
-7.4065806,42.7757533
-7.4065952,42.7757469
-7.4066158,42.7757379
-7.4072120,42.7756080
-7.4072916,42.7756087
-7.4073679,42.7756327
-7.4073828,42.7756462
-7.4074425,42.7756143
-7.4074945,42.7755865
-7.4074761,42.7755422
-7.4074694,42.7755009
-7.4075004,42.7754252
-7.4076362,42.7752948
-7.4078341,42.7751323
-7.4079180,42.7750713
-7.4080421,42.7750086
-7.4081176,42.7749784
-7.4082089,42.7749562
-7.4083163,42.7749347
-7.4084169,42.7749255
-7.4086576,42.7749384
-7.4087632,42.7749655
-7.4088881,42.7750049
-7.4089879,42.7750510
-7.4090382,42.7750880
-7.4090869,42.7751384
-7.4091841,42.7753095
-7.4092386,42.7753895
-7.4092848,42.7754449
-7.4093418,42.7754800
-7.4094273,42.7755194
-7.4094961,42.7755379
-7.4096922,42.7755739
-7.4098181,42.7755865
-7.4103244,42.7756548
-7.4104905,42.7756782
-7.4106155,42.7756930
-7.4106916,42.7757200
-7.4107009,42.7757484
-7.4107725,42.7757612
-7.4108277,42.7757408
-7.4109218,42.7757318
-7.4109630,42.7757068
-7.4110435,42.7756976
-7.4111375,42.7757102
-7.4112492,42.7757351
-7.4112498,42.7757807
-7.4113427,42.7758075
-7.4113583,42.7760059
-7.4113850,42.7762163
-7.4113636,42.7762596
-7.4112920,42.7762948
-7.4112158,42.7763892
-7.4111646,42.7764526
-7.4110618,42.7765932
-7.4110437,42.7766196
-7.4110212,42.7766514
-7.4114641,42.7767958
-7.4114906,42.7767431
-7.4115513,42.7766531
-7.4118721,42.7761846
-7.4118813,42.7761698
-7.4120103,42.7761243
-7.4120555,42.7760911
-7.4121129,42.7760800
-7.4121946,42.7760792
-7.4123344,42.7761535
-7.4125356,42.7762692
-7.4127724,42.7763956
-7.4128205,42.7764261
-7.4127862,42.7765112
-7.4127079,42.7767147
-7.4127827,42.7767308
-7.4128502,42.7767473
-7.4128417,42.7767649
-7.4130835,42.7768881
-7.4131314,42.7769113
-7.4136038,42.7771338
-7.4137533,42.7771938
-7.4138321,42.7772255
-7.4139240,42.7771721
-7.4139742,42.7771686
-7.4140559,42.7771862
-7.4142115,42.7772294
-7.4143506,42.7772857
-7.4146168,42.7773962
-7.4147097,42.7774231
-7.4148620,42.7774436
-7.4149128,42.7774469
-7.4151770,42.7774640
-7.4154174,42.7774499
-7.4155461,42.7774288
-7.4157187,42.7773896
-7.4160166,42.7773086
-7.4164609,42.7771738
-7.4165407,42.7771497
-7.4167032,42.7771006
-7.4167562,42.7770812
-7.4169850,42.7770123
-7.4172962,42.7769196
-7.4173722,42.7768994
-7.4173893,42.7768949
-7.4175923,42.7768319
-7.4176228,42.7768950
-7.4176340,42.7769181
-7.4176864,42.7771217
-7.4177022,42.7771785
-7.4177320,42.7772353
-7.4178379,42.7774029
-7.4178769,42.7774373
-7.4179265,42.7774644
-7.4181337,42.7775610
-7.4183209,42.7776461
-7.4185405,42.7777283
-7.4187462,42.7777724
-7.4190001,42.7777996
-7.4190762,42.7778052
-7.4191344,42.7778095
-7.4193614,42.7778466
-7.4196112,42.7778987
-7.4198309,42.7779662
-7.4199789,42.7780167
-7.4201246,42.7780818
-7.4202962,42.7781906
-7.4208340,42.7785151
-7.4208676,42.7784924
-7.4217066,42.7774836
-7.4224096,42.7766703
-7.4225751,42.7768176
-7.4227295,42.7769573
-7.4227744,42.7770242
-7.4228637,42.7771571
-7.4230105,42.7774818
-7.4231188,42.7777497
-7.4232604,42.7780375
-7.4233413,42.7781700
-7.4233963,42.7782649
-7.4234285,42.7783763
-7.4236267,42.7784016
-7.4238793,42.7784117
-7.4244564,42.7781478
-7.4250892,42.7779862
-7.4251751,42.7779530
-7.4253358,42.7777816
-7.4255133,42.7775611
-7.4255865,42.7774954
-7.4260037,42.7771212
-7.4268261,42.7766151
-7.4268481,42.7765825
-7.4268346,42.7765464
-7.4266429,42.7764528
-7.4265572,42.7763907
-7.4265575,42.7763352
-7.4265950,42.7762721
-7.4267631,42.7761483
-7.4269371,42.7759957
-7.4271109,42.7757275
-7.4272708,42.7755673
-7.4275278,42.7753814
-7.4276819,42.7752876
-7.4281252,42.7750178
-7.4282344,42.7749082
-7.4283466,42.7747273
-7.4284242,42.7746764
-7.4287872,42.7745206
-7.4290064,42.7744559
-7.4291513,42.7744230
-7.4300579,42.7742175
-7.4302523,42.7741588
-7.4302932,42.7741438
-7.4303717,42.7740546
-7.4305526,42.7737455
-7.4306617,42.7735290
-7.4306856,42.7734201
-7.4310846,42.7727969
-7.4311406,42.7727169
-7.4312704,42.7726967
-7.4323065,42.7726508
-7.4330083,42.7726222
-7.4333060,42.7725375
-7.4335390,42.7724618
-7.4339708,42.7724503
-7.4343427,42.7723270
-7.4346128,42.7723157
-7.4355438,42.7723764
-7.4360832,42.7724045
-7.4363647,42.7723804
-7.4363984,42.7723537
-7.4363741,42.7723383
-7.4361144,42.7722594
-7.4358699,42.7721715
-7.4357794,42.7720466
-7.4358081,42.7718268
-7.4358605,42.7715484
-7.4359806,42.7714037
-7.4360658,42.7713476
-7.4361728,42.7712926
-7.4375562,42.7708377
-7.4376869,42.7707878
-7.4383135,42.7703702
-7.4384286,42.7703012
-7.4386073,42.7702166
-7.4389407,42.7700858
-7.4395535,42.7698372
-7.4396408,42.7698021
-7.4396782,42.7697976
-7.4397159,42.7698170
-7.4397746,42.7698634
-7.4398618,42.7699772
-7.4399895,42.7701549
-7.4400505,42.7702306
-7.4401364,42.7703000
-7.4402769,42.7703676
-7.4406193,42.7704427
-7.4409806,42.7705312
-7.4412528,42.7705741
-7.4414604,42.7705970
-7.4416420,42.7706006
-7.4418012,42.7706185
-7.4420088,42.7706639
-7.4423265,42.7707517
-7.4425606,42.7708084
-7.4428002,42.7708425
-7.4430296,42.7708923
-7.4432039,42.7709122
-7.4432851,42.7709072
-7.4433334,42.7708899
-7.4433766,42.7708365
-7.4434755,42.7705793
-7.4436160,42.7703316
-7.4437254,42.7701762
-7.4438956,42.7699926
-7.4440822,42.7698788
-7.4442227,42.7697807
-7.4443187,42.7696733
-7.4444157,42.7695529
-7.4444107,42.7694241
-7.4443944,42.7692946
-7.4443758,42.7691964
-7.4443200,42.7690957
-7.4442692,42.7690534
-7.4442098,42.7689933
-7.4441663,42.7689391
-7.4441371,42.7688628
-7.4441407,42.7687967
-7.4442273,42.7687129
-7.4443542,42.7686407
-7.4445205,42.7685819
-7.4446212,42.7685341
-7.4446711,42.7685244
-7.4448706,42.7685852
-7.4449340,42.7685892
-7.4451103,42.7685906
-7.4452824,42.7685654
-7.4453846,42.7685125
-7.4454495,42.7684510
-7.4457014,42.7681577
-7.4458812,42.7679619
-7.4460226,42.7678538
-7.4462398,42.7676904
-7.4465681,42.7673541
-7.4466422,42.7672996
-7.4468173,42.7671593
-7.4470268,42.7670043
-7.4471262,42.7669334
-7.4472945,42.7668603
-7.4476133,42.7667575
-7.4479139,42.7666515
-7.4480705,42.7666167
-7.4482299,42.7665898
-7.4483869,42.7665798
-7.4487780,42.7665617
-7.4489263,42.7665545
-7.4490408,42.7665339
-7.4492969,42.7664492
-7.4494888,42.7663706
-7.4497295,42.7662603
-7.4499148,42.7661678
-7.4500791,42.7660618
-7.4502275,42.7659440
-7.4502872,42.7659096
-7.4503604,42.7658951
-7.4503981,42.7659234
-7.4508158,42.7662238
-7.4510100,42.7663624
-7.4512781,42.7666237
-7.4517373,42.7670924
-7.4521823,42.7676250
-7.4525453,42.7680879
-7.4528632,42.7685940
-7.4529264,42.7686451
-7.4534988,42.7689896
-7.4537147,42.7691127
-7.4539276,42.7692011
-7.4541785,42.7692839
-7.4543841,42.7693332
-7.4546746,42.7693959
-7.4548588,42.7694199
-7.4551914,42.7694444
-7.4553367,42.7694589
-7.4554901,42.7694853
-7.4558377,42.7695714
-7.4560062,42.7695810
-7.4561064,42.7695551
-7.4562257,42.7695276
-7.4563880,42.7694550
-7.4564994,42.7693791
-7.4566223,42.7692570
-7.4569142,42.7689599
-7.4570355,42.7688795
-7.4571571,42.7688224
-7.4572837,42.7687782
-7.4574516,42.7687687
-7.4578568,42.7685659
-7.4580827,42.7684880
-7.4584441,42.7683612
-7.4584868,42.7683385
-7.4586294,42.7682654
-7.4587837,42.7682068
-7.4588681,42.7681425
-7.4589598,42.7680604
-7.4589988,42.7680485
-7.4590451,42.7680525
-7.4590864,42.7680795
-7.4591814,42.7681386
-7.4592759,42.7681774
-7.4593737,42.7682436
-7.4594597,42.7683302
-7.4595413,42.7684518
-7.4595686,42.7685379
-7.4596296,42.7686252
-7.4596585,42.7686495
-7.4597050,42.7686849
-7.4600357,42.7688160
-7.4600569,42.7688517
-7.4602225,42.7689281
-7.4603096,42.7689525
-7.4605199,42.7690207
-7.4607988,42.7691407
-7.4609277,42.7691861
-7.4610158,42.7691939
-7.4611039,42.7691967
-7.4612962,42.7691852
-7.4614565,42.7691680
-7.4615114,42.7691702
-7.4616515,42.7691757
-7.4618122,42.7691930
-7.4620663,42.7692416
-7.4624866,42.7693361
-7.4626176,42.7693434
-7.4627683,42.7693341
-7.4630172,42.7692879
-7.4631661,42.7692735
-7.4633139,42.7692921
-7.4634331,42.7693337
-7.4635535,42.7694197
-7.4637195,42.7695538
-7.4638508,42.7696290
-7.4639703,42.7696600
-7.4641103,42.7696778
-7.4644843,42.7696883
-7.4648280,42.7696993
-7.4649274,42.7697147
-7.4650027,42.7697436
-7.4651999,42.7699281
-7.4652945,42.7699969
-7.4654328,42.7700551
-7.4656453,42.7700836
-7.4658634,42.7701085
-7.4661834,42.7701527
-7.4663291,42.7701803
-7.4664346,42.7702106
-7.4665030,42.7702577
-7.4665494,42.7703268
-7.4665937,42.7704566
-7.4666797,42.7707013
-7.4667497,42.7708360
-7.4668160,42.7709303
-7.4669341,42.7708552
-7.4670447,42.7709248
-7.4671914,42.7710142
-7.4672738,42.7710754
-7.4673005,42.7711314
-7.4673153,42.7711892
-7.4673003,42.7712191
-7.4672802,42.7712804
-7.4671966,42.7714299
-7.4671659,42.7715815
-7.4672557,42.7716876
-7.4673737,42.7717988
-7.4677375,42.7721394
-7.4680759,42.7724687
-7.4685729,42.7727474
-7.4687163,42.7728583
-7.4689880,42.7730951
-7.4691113,42.7731771
-7.4693399,42.7733025
-7.4695532,42.7734098
-7.4697597,42.7734766
-7.4699003,42.7735511
-7.4700860,42.7737164
-7.4702656,42.7738255
-7.4704801,42.7739802
-7.4707111,42.7740880
-7.4708681,42.7741939
-7.4710262,42.7743148
-7.4712352,42.7746287
-7.4715035,42.7748475
-7.4718720,42.7750012
-7.4720865,42.7750018
-7.4721433,42.7749867
-7.4726829,42.7748097
-7.4733720,42.7745915
-7.4738545,42.7744450
-7.4750217,42.7741008
-7.4755060,42.7739488
-7.4757075,42.7738866
-7.4759779,42.7738087
-7.4762152,42.7736612
-7.4763448,42.7735886
-7.4764260,42.7735502
-7.4765398,42.7735170
-7.4766453,42.7735054
-7.4767371,42.7734788
-7.4768735,42.7733844
-7.4770246,42.7732617
-7.4772344,42.7731652
-7.4774360,42.7731615
-7.4775894,42.7731587
-7.4780518,42.7731367
-7.4782848,42.7730845
-7.4783657,42.7730528
-7.4786583,42.7728651
-7.4787166,42.7728401
-7.4789984,42.7728000
-7.4792849,42.7727214
-7.4794906,42.7726571
-7.4797015,42.7725814
-7.4798472,42.7725651
-7.4799339,42.7726285
-7.4799842,42.7727191
-7.4800217,42.7728240
-7.4800257,42.7728660
-7.4800278,42.7729394
-7.4800049,42.7729677
-7.4799683,42.7730037
-7.4799330,42.7730871
-7.4798318,42.7732022
-7.4797897,42.7733279
-7.4798164,42.7734831
-7.4798470,42.7735578
-7.4798748,42.7736090
-7.4799072,42.7736684
-7.4799720,42.7739031
-7.4800470,42.7741747
-7.4800959,42.7743358
-7.4801358,42.7744155
-7.4803856,42.7747266
-7.4804240,42.7747861
-7.4804495,42.7748861
-7.4805098,42.7749521
-7.4806405,42.7750169
-7.4807034,42.7750477
-7.4807264,42.7750660
-7.4807366,42.7750918
-7.4807246,42.7751862
-7.4807368,42.7752856
-7.4807813,42.7754216
-7.4809039,42.7757109
-7.4809476,42.7758493
-7.4809884,42.7759318
-7.4810344,42.7760125
-7.4811845,42.7763849
-7.4812579,42.7765617
-7.4813436,42.7766882
-7.4815703,42.7769652
-7.4816058,42.7770200
-7.4816274,42.7770738
-7.4818671,42.7778237
-7.4819435,42.7780499
-7.4819516,42.7780727
-7.4820036,42.7781724
-7.4820426,42.7782260
-7.4824772,42.7788211
-7.4826391,42.7790787
-7.4827492,42.7792468
-7.4829480,42.7795912
-7.4831166,42.7799435
-7.4832347,42.7801732
-7.4832630,42.7802112
-7.4832427,42.7803323
-7.4832528,42.7803759
-7.4833565,42.7806032
-7.4834169,42.7806892
-7.4836014,42.7808614
-7.4837811,42.7809872
-7.4840179,42.7811162
-7.4842203,42.7811590
-7.4843459,42.7811641
-7.4844994,42.7811586
-7.4847016,42.7811509
-7.4849066,42.7811329
-7.4854005,42.7810576
-7.4859780,42.7809733
-7.4862219,42.7809567
-7.4863753,42.7809555
-7.4865411,42.7809557
-7.4867402,42.7809727
-7.4868690,42.7809875
-7.4869772,42.7809966
-7.4871749,42.7809931
-7.4873716,42.7809811
-7.4875001,42.7809840
-7.4879350,42.7810807
-7.4881874,42.7811113
-7.4884797,42.7811185
-7.4891211,42.7810958
-7.4896470,42.7810535
-7.4898433,42.7810370
-7.4899142,42.7810278
-7.4905651,42.7810379
-7.4908427,42.7810284
-7.4909902,42.7810170
-7.4911377,42.7810001
-7.4913978,42.7809614
-7.4914924,42.7809410
-7.4915906,42.7809139
-7.4917243,42.7808711
-7.4921897,42.7807465
-7.4925640,42.7806546
-7.4928226,42.7805869
-7.4928976,42.7805795
-7.4930335,42.7805803
-7.4933216,42.7805408
-7.4934673,42.7805198
-7.4935584,42.7804706
-7.4935954,42.7804143
-7.4938184,42.7803004
-7.4939907,42.7802396
-7.4941061,42.7802152
-7.4942645,42.7802060
-7.4943756,42.7802035
-7.4944581,42.7802134
-7.4945021,42.7802350
-7.4945240,42.7802567
-7.4945537,42.7803196
-7.4946079,42.7804058
-7.4946926,42.7804905
-7.4947953,42.7805532
-7.4953833,42.7808527
-7.4954644,42.7809113
-7.4956208,42.7809649
-7.4956497,42.7809559
-7.4957228,42.7808924
-7.4957977,42.7808344
-7.4958933,42.7807449
-7.4959445,42.7806889
-7.4959643,42.7806117
-7.4959734,42.7804997
-7.4959679,42.7803705
-7.4959514,42.7803010
-7.4959330,42.7802668
-7.4958776,42.7801429
-7.4958499,42.7800683
-7.4958461,42.7800056
-7.4958597,42.7798699
-7.4958802,42.7798045
-7.4959217,42.7797266
-7.4960149,42.7796230
-7.4960783,42.7795550
-7.4961500,42.7795226
-7.4962602,42.7794902
-7.4964160,42.7794714
-7.4965626,42.7794686
-7.4968453,42.7794640
-7.4968552,42.7794626
-7.4969407,42.7794501
-7.4971137,42.7794023
-7.4972406,42.7793815
-7.4975343,42.7793526
-7.4979952,42.7793101
-7.4981888,42.7792838
-7.4984167,42.7792359
-7.4986923,42.7791670
-7.4991133,42.7790398
-7.4992437,42.7789919
-7.4993580,42.7789318
-7.4994090,42.7788712
-7.4994047,42.7788087
-7.4994271,42.7787537
-7.4994709,42.7786998
-7.4995531,42.7786231
-7.4998015,42.7784010
-7.5001014,42.7781325
-7.5002277,42.7780135
-7.5003408,42.7778996
-7.5003959,42.7778770
-7.5005513,42.7778214
-7.5006016,42.7778044
-7.5006519,42.7778024
-7.5007244,42.7778131
-7.5008982,42.7778194
-7.5011462,42.7777724
-7.5013187,42.7777381
-7.5015573,42.7776507
-7.5017636,42.7775730
-7.5019831,42.7774768
-7.5020521,42.7774461
-7.5021837,42.7774251
-7.5023181,42.7774024
-7.5024556,42.7773942
-7.5026527,42.7773551
-7.5028297,42.7772957
-7.5029625,42.7772856
-7.5032901,42.7772993
-7.5033972,42.7773310
-7.5035000,42.7773571
-7.5035654,42.7773785
-7.5036405,42.7774641
-7.5037378,42.7774973
-7.5038396,42.7775137
-7.5040461,42.7775132
-7.5043514,42.7775070
-7.5045921,42.7775075
-7.5046808,42.7774859
-7.5048512,42.7774060
-7.5050186,42.7773111
-7.5051906,42.7772590
-7.5053451,42.7772241
-7.5055525,42.7771857
-7.5057242,42.7771675
-7.5059060,42.7771644
-7.5060890,42.7771926
-7.5063314,42.7772968
-7.5067440,42.7774847
-7.5069877,42.7776631
-7.5073850,42.7779240
-7.5077560,42.7781692
-7.5079152,42.7782481
-7.5080244,42.7783207
-7.5081050,42.7783776
-7.5081788,42.7784780
-7.5082726,42.7786527
-7.5083576,42.7787396
-7.5084112,42.7787837
-7.5084717,42.7788140
-7.5085028,42.7788192
-7.5085724,42.7788117
-7.5086557,42.7787673
-7.5087688,42.7787239
-7.5088622,42.7787056
-7.5090114,42.7786706
-7.5090953,42.7786457
-7.5091727,42.7786109
-7.5094795,42.7784321
-7.5096369,42.7783606
-7.5098507,42.7783468
-7.5105131,42.7785029
-7.5109664,42.7786267
-7.5111003,42.7786625
-7.5112120,42.7787193
-7.5113291,42.7787649
-7.5114113,42.7787779
-7.5115365,42.7787782
-7.5118110,42.7787833
-7.5120656,42.7787697
-7.5121811,42.7787428
-7.5125133,42.7786862
-7.5125659,42.7786884
-7.5126391,42.7787102
-7.5129306,42.7787711
-7.5131496,42.7788257
-7.5132975,42.7788801
-7.5134465,42.7789461
-7.5136201,42.7789898
-7.5137675,42.7790049
-7.5139883,42.7790073
-7.5142917,42.7789527
-7.5143905,42.7789488
-7.5144892,42.7789562
-7.5145858,42.7790054
-7.5147811,42.7791634
-7.5148784,42.7792088
-7.5149359,42.7792190
-7.5149934,42.7792268
-7.5151806,42.7792161
-7.5152320,42.7792080
-7.5155991,42.7794969
-7.5156660,42.7795505
-7.5157098,42.7795775
-7.5157587,42.7795895
-7.5160768,42.7796522
-7.5161995,42.7796680
-7.5163353,42.7796835
-7.5166238,42.7796910
-7.5167208,42.7796904
-7.5167954,42.7797049
-7.5168716,42.7797291
-7.5169978,42.7797819
-7.5173771,42.7799344
-7.5175862,42.7800352
-7.5177726,42.7801033
-7.5183900,42.7802313
-7.5187536,42.7803018
-7.5190416,42.7803748
-7.5191439,42.7804063
-7.5192611,42.7804424
-7.5193797,42.7805318
-7.5194910,42.7806273
-7.5195567,42.7806933
-7.5195824,42.7807357
-7.5196010,42.7807723
-7.5196386,42.7808227
-7.5199571,42.7811050
-7.5200173,42.7811497
-7.5203747,42.7812875
-7.5206273,42.7813900
-7.5207101,42.7814301
-7.5207591,42.7814854
-7.5207722,42.7815426
-7.5207530,42.7816604
-7.5207205,42.7817436
-7.5207365,42.7818228
-7.5208082,42.7819094
-7.5208615,42.7819481
-7.5209184,42.7819804
-7.5211101,42.7820710
-7.5211821,42.7821169
-7.5212035,42.7821717
-7.5212120,42.7822636
-7.5212038,42.7823167
-7.5211811,42.7823805
-7.5211395,42.7824405
-7.5211077,42.7824894
-7.5210983,42.7825396
-7.5210972,42.7826010
-7.5210765,42.7827668
-7.5210863,42.7828118
-7.5211201,42.7828529
-7.5211745,42.7829005
-7.5212315,42.7829763
-7.5212350,42.7830278
-7.5212161,42.7831003
-7.5212196,42.7832094
-7.5212775,42.7833377
-7.5213802,42.7834750
-7.5213974,42.7835344
-7.5213687,42.7836006
-7.5212981,42.7836999
-7.5211796,42.7838380
-7.5210520,42.7839945
-7.5210344,42.7840345
-7.5210339,42.7840782
-7.5211697,42.7842884
-7.5214414,42.7848040
-7.5214901,42.7848720
-7.5215637,42.7849375
-7.5216036,42.7849786
-7.5216667,42.7850234
-7.5219511,42.7851927
-7.5220631,42.7852595
-7.5221235,42.7852770
-7.5222405,42.7852775
-7.5223145,42.7852679
-7.5224298,42.7852430
-7.5225605,42.7852031
-7.5228867,42.7851067
-7.5230530,42.7850394
-7.5236020,42.7847863
-7.5238270,42.7846695
-7.5241732,42.7845433
-7.5247668,42.7843744
-7.5251518,42.7842636
-7.5253510,42.7841804
-7.5256328,42.7840467
-7.5257085,42.7840240
-7.5257918,42.7840181
-7.5258777,42.7840249
-7.5261169,42.7840539
-7.5262504,42.7840631
-7.5264053,42.7840488
-7.5265108,42.7840240
-7.5266388,42.7839711
-7.5268474,42.7838712
-7.5271123,42.7837500
-7.5273260,42.7836682
-7.5274288,42.7836436
-7.5275592,42.7836279
-7.5279331,42.7836260
-7.5280380,42.7836285
-7.5281446,42.7836449
-7.5283175,42.7836851
-7.5284057,42.7837056
-7.5285877,42.7837361
-7.5288526,42.7837560
-7.5290850,42.7837735
-7.5291633,42.7837814
-7.5292983,42.7838057
-7.5293331,42.7838054
-7.5295261,42.7838038
-7.5295841,42.7838029
-7.5296171,42.7838721
-7.5296372,42.7838879
-7.5296545,42.7839015
-7.5297358,42.7839180
-7.5298449,42.7839151
-7.5303978,42.7839226
-7.5306723,42.7838959
-7.5307578,42.7838726
-7.5308433,42.7838417
-7.5309347,42.7837840
-7.5310932,42.7836544
-7.5311717,42.7835961
-7.5313267,42.7835143
-7.5314898,42.7834765
-7.5316723,42.7834735
-7.5319699,42.7834675
-7.5324088,42.7834982
-7.5329556,42.7835717
-7.5332331,42.7836121
-7.5333657,42.7836347
-7.5333938,42.7836033
-7.5334173,42.7835532
-7.5334285,42.7834964
-7.5335452,42.7835016
-7.5338063,42.7834898
-7.5339606,42.7834965
-7.5341161,42.7835039
-7.5345171,42.7835148
-7.5347172,42.7835215
-7.5348867,42.7835414
-7.5352550,42.7835820
-7.5356232,42.7836494
-7.5359948,42.7837320
-7.5365100,42.7838129
-7.5365787,42.7838231
-7.5368787,42.7838546
-7.5373239,42.7838833
-7.5375813,42.7839277
-7.5379877,42.7840244
-7.5385780,42.7841869
-7.5388670,42.7842374
-7.5390700,42.7842539
-7.5391604,42.7842679
-7.5395454,42.7842342
-7.5397072,42.7842294
-7.5402974,42.7843146
-7.5404455,42.7843399
-7.5405345,42.7843651
-7.5407711,42.7844665
-7.5410869,42.7846396
-7.5413170,42.7847877
-7.5414718,42.7848713
-7.5415849,42.7849103
-7.5416831,42.7849392
-7.5418987,42.7849851
-7.5421061,42.7850398
-7.5422945,42.7850997
-7.5423471,42.7851126
-7.5424008,42.7850301
-7.5424156,42.7849858
-7.5424351,42.7849293
-7.5425062,42.7848432
-7.5426021,42.7847576
-7.5426548,42.7847372
-7.5426939,42.7847402
-7.5427768,42.7847576
-7.5429095,42.7847854
-7.5430487,42.7847533
-7.5430846,42.7847137
-7.5431593,42.7847859
-7.5432526,42.7848408
-7.5433897,42.7848937
-7.5435310,42.7849300
-7.5437303,42.7849446
-7.5442419,42.7849176
-7.5446504,42.7849041
-7.5447769,42.7848678
-7.5449030,42.7848122
-7.5449062,42.7848108
-7.5449557,42.7847641
-7.5451535,42.7845950
-7.5453344,42.7845131
-7.5455931,42.7843855
-7.5456765,42.7843730
-7.5459068,42.7843813
-7.5460141,42.7843937
-7.5460329,42.7844291
-7.5461670,42.7846693
-7.5462336,42.7847735
-7.5462690,42.7849213
-7.5463354,42.7850967
-7.5463902,42.7851455
-7.5464792,42.7850931
-7.5467452,42.7849986
-7.5468161,42.7849595
-7.5469221,42.7849011
-7.5470193,42.7848244
-7.5471081,42.7847119
-7.5471968,42.7846167
-7.5472675,42.7845795
-7.5473402,42.7845466
-7.5477437,42.7844590
-7.5479166,42.7843876
-7.5481013,42.7842846
-7.5482840,42.7841775
-7.5484096,42.7841342
-7.5487258,42.7840657
-7.5490293,42.7840201
-7.5492830,42.7839904
-7.5495347,42.7839707
-7.5499834,42.7839633
-7.5501160,42.7839774
-7.5502320,42.7840123
-7.5504036,42.7840782
-7.5504217,42.7840851
-7.5508445,42.7842331
-7.5510178,42.7842770
-7.5511979,42.7842886
-7.5514364,42.7842639
-7.5515390,42.7842442
-7.5517214,42.7841945
-7.5519066,42.7842152
-7.5521020,42.7842310
-7.5522841,42.7842163
-7.5524546,42.7842073
-7.5529203,42.7840847
-7.5532837,42.7840296
-7.5536561,42.7839576
-7.5539464,42.7839156
-7.5542886,42.7838015
-7.5546123,42.7835865
-7.5548682,42.7833565
-7.5551126,42.7831243
-7.5551792,42.7830597
-7.5554032,42.7828964
-7.5554113,42.7828736
-7.5554246,42.7828421
-7.5554632,42.7828235
-7.5556146,42.7827954
-7.5556616,42.7827940
-7.5556988,42.7828026
-7.5557964,42.7828347
-7.5559701,42.7829196
-7.5562187,42.7829644
-7.5564296,42.7830001
-7.5566440,42.7831457
-7.5567252,42.7832204
-7.5568668,42.7833823
-7.5570642,42.7837500
-7.5572027,42.7839738
-7.5573887,42.7842418
-7.5575192,42.7843410
-7.5576751,42.7844223
-7.5579396,42.7845452
-7.5582114,42.7846184
-7.5584859,42.7846480
-7.5587054,42.7846024
-7.5588699,42.7845566
-7.5590678,42.7845532
-7.5591739,42.7846184
-7.5592778,42.7847640
-7.5594618,42.7849350
-7.5596867,42.7850491
-7.5600506,42.7853822
-7.5604881,42.7857573
-7.5606969,42.7858941
-7.5609011,42.7860123
-7.5610271,42.7860544
-7.5612212,42.7860721
-7.5614408,42.7860753
-7.5617556,42.7861384
-7.5620050,42.7862374
-7.5620901,42.7862582
-7.5625529,42.7865705
-7.5627492,42.7867535
-7.5628998,42.7869159
-7.5629848,42.7869569
-7.5630798,42.7869873
-7.5631631,42.7869921
-7.5632375,42.7869718
-7.5633187,42.7869599
-7.5634161,42.7869510
-7.5634377,42.7869534
-7.5634653,42.7869646
-7.5635502,42.7870131
-7.5636545,42.7870558
-7.5637530,42.7870858
-7.5638299,42.7871212
-7.5639416,42.7872147
-7.5640101,42.7872622
-7.5640636,42.7872923
-7.5641114,42.7873192
-7.5642603,42.7873793
-7.5646639,42.7874973
-7.5650094,42.7875917
-7.5652650,42.7876789
-7.5654010,42.7877385
-7.5655025,42.7877882
-7.5656321,42.7878703
-7.5656884,42.7879156
-7.5657237,42.7879517
-7.5658915,42.7879661
-7.5659868,42.7879821
-7.5661337,42.7880198
-7.5664760,42.7881057
-7.5665418,42.7881212
-7.5665961,42.7881438
-7.5666868,42.7882064
-7.5667699,42.7882705
-7.5670041,42.7884681
-7.5670756,42.7885047
-7.5671577,42.7885195
-7.5675678,42.7884967
-7.5676559,42.7885259
-7.5679866,42.7887263
-7.5684010,42.7887062
-7.5686916,42.7886837
-7.5687801,42.7887192
-7.5688935,42.7887537
-7.5691324,42.7887907
-7.5693886,42.7888530
-7.5696688,42.7890018
-7.5700485,42.7891748
-7.5703305,42.7892911
-7.5705041,42.7893999
-7.5708108,42.7895700
-7.5708315,42.7895951
-7.5708410,42.7896158
-7.5708559,42.7896490
-7.5709464,42.7897805
-7.5710417,42.7898571
-7.5711203,42.7899203
-7.5713291,42.7901145
-7.5714793,42.7902817
-7.5716254,42.7904044
-7.5720638,42.7907270
-7.5721216,42.7907672
-7.5722575,42.7908314
-7.5725132,42.7909061
-7.5728316,42.7909491
-7.5729662,42.7909578
-7.5735218,42.7909863
-7.5736238,42.7910139
-7.5737123,42.7910484
-7.5740005,42.7909890
-7.5742614,42.7909647
-7.5746734,42.7909327
-7.5749692,42.7909560
-7.5752589,42.7909974
-7.5755919,42.7910520
-7.5757342,42.7910723
-7.5758937,42.7910785
-7.5761809,42.7910790
-7.5766820,42.7910566
-7.5769592,42.7910208
-7.5773139,42.7909601
-7.5779166,42.7908545
-7.5783206,42.7908096
-7.5785046,42.7907954
-7.5786906,42.7907897
-7.5788588,42.7907883
-7.5790269,42.7907926
-7.5793311,42.7908118
-7.5798935,42.7908722
-7.5800466,42.7908915
-7.5806007,42.7909611
-7.5825509,42.7912159
-7.5827632,42.7912826
-7.5828818,42.7913436
-7.5829520,42.7913605
-7.5830345,42.7913676
-7.5831567,42.7913804
-7.5832440,42.7914044
-7.5833122,42.7914355
-7.5833938,42.7914455
-7.5834415,42.7914581
-7.5835121,42.7915239
-7.5836092,42.7916275
-7.5839309,42.7919559
-7.5839599,42.7920050
-7.5839661,42.7920514
-7.5839705,42.7921641
-7.5839533,42.7922573
-7.5839925,42.7923388
-7.5841266,42.7924650
-7.5842277,42.7925561
-7.5843189,42.7926433
-7.5843576,42.7926904
-7.5843877,42.7927466
-7.5845388,42.7929805
-7.5846514,42.7931120
-7.5847378,42.7931771
-7.5847999,42.7932092
-7.5849720,42.7932705
-7.5851178,42.7933133
-7.5852655,42.7933659
-7.5854516,42.7934497
-7.5857878,42.7935707
-7.5858796,42.7935894
-7.5861343,42.7936481
-7.5862947,42.7936964
-7.5863634,42.7937395
-7.5864379,42.7937924
-7.5864912,42.7938439
-7.5868054,42.7940098
-7.5869012,42.7940352
-7.5870282,42.7940540
-7.5871061,42.7940624
-7.5871813,42.7940661
-7.5872296,42.7940556
-7.5873017,42.7940195
-7.5874906,42.7939533
-7.5875684,42.7939327
-7.5876401,42.7939214
-7.5877072,42.7939165
-7.5877779,42.7939171
-7.5878286,42.7939260
-7.5878541,42.7939305
-7.5880846,42.7939777
-7.5881822,42.7940685
-7.5882783,42.7940875
-7.5883387,42.7941312
-7.5888215,42.7941860
-7.5890962,42.7942297
-7.5893355,42.7942579
-7.5898834,42.7943303
-7.5903256,42.7943765
-7.5905415,42.7943844
-7.5907145,42.7943764
-7.5910058,42.7943353
-7.5912273,42.7942833
-7.5914088,42.7943219
-7.5917545,42.7944250
-7.5921662,42.7945108
-7.5923314,42.7945657
-7.5926265,42.7946774
-7.5928168,42.7947163
-7.5931943,42.7948064
-7.5936143,42.7948854
-7.5938190,42.7949050
-7.5940361,42.7949084
-7.5942346,42.7949196
-7.5943370,42.7949340
-7.5953341,42.7951744
-7.5954428,42.7951927
-7.5961711,42.7952886
-7.5962655,42.7953000
-7.5968521,42.7952256
-7.5970082,42.7951995
-7.5975674,42.7953727
-7.5977867,42.7954211
-7.5984217,42.7955559
-7.5985058,42.7955618
-7.5986882,42.7955658
-7.5988707,42.7955516
-7.5989883,42.7955266
-7.5991486,42.7955030
-7.5993557,42.7955020
-7.5998250,42.7955343
-7.6001311,42.7955599
-7.6003791,42.7955893
-7.6006252,42.7956257
-7.6007112,42.7956359
-7.6007625,42.7956328
-7.6008933,42.7955984
-7.6010575,42.7955486
-7.6011989,42.7955320
-7.6018082,42.7954699
-7.6018826,42.7954656
-7.6019627,42.7954697
-7.6019971,42.7954760
-7.6021025,42.7955029
-7.6022001,42.7955535
-7.6022503,42.7955986
-7.6022851,42.7956423
-7.6023669,42.7956794
-7.6026280,42.7956715
-7.6027955,42.7956749
-7.6029186,42.7956750
-7.6031853,42.7956622
-7.6033111,42.7956431
-7.6034368,42.7956129
-7.6034987,42.7955936
-7.6035480,42.7955523
-7.6036044,42.7954359
-7.6036260,42.7953885
-7.6038122,42.7953318
-7.6040898,42.7951309
-7.6041461,42.7951067
-7.6043239,42.7950847
-7.6046905,42.7950975
-7.6054095,42.7952791
-7.6055151,42.7953068
-7.6058055,42.7954283
-7.6059052,42.7954556
-7.6061816,42.7955024
-7.6064259,42.7955521
-7.6067766,42.7956167
-7.6072644,42.7956734
-7.6074855,42.7956979
-7.6077047,42.7957070
-7.6078876,42.7957357
-7.6080126,42.7957579
-7.6081453,42.7958040
-7.6083713,42.7958975
-7.6085035,42.7959294
-7.6086566,42.7959515
-7.6090318,42.7960142
-7.6091255,42.7960475
-7.6091871,42.7960991
-7.6092539,42.7962145
-7.6092765,42.7962630
-7.6092934,42.7963172
-7.6091771,42.7964317
-7.6091025,42.7964983
-7.6090081,42.7965764
-7.6093974,42.7965748
-7.6096750,42.7965613
-7.6098066,42.7965394
-7.6102568,42.7964335
-7.6104113,42.7964149
-7.6104914,42.7964148
-7.6105795,42.7964250
-7.6107181,42.7964760
-7.6108497,42.7965558
-7.6111461,42.7968204
-7.6118925,42.7975347
-7.6123229,42.7979246
-7.6124232,42.7979766
-7.6124974,42.7980079
-7.6124995,42.7980357
-7.6125368,42.7981140
-7.6126494,42.7982771
-7.6127362,42.7984185
-7.6128248,42.7985447
-7.6129580,42.7987427
-7.6130727,42.7988442
-7.6131789,42.7989438
-7.6132430,42.7989939
-7.6133155,42.7990298
-7.6134226,42.7990781
-7.6135247,42.7991301
-7.6136537,42.7991827
-7.6137701,42.7992192
-7.6138797,42.7992439
-7.6139733,42.7992520
-7.6140300,42.7992499
-7.6140741,42.7992652
-7.6141463,42.7993083
-7.6142296,42.7993828
-7.6142945,42.7994439
-7.6143496,42.7995104
-7.6144646,42.7996389
-7.6145858,42.7997907
-7.6146789,42.7998778
-7.6147499,42.7999362
-7.6148454,42.7999991
-7.6149800,42.8000718
-7.6151147,42.8001221
-7.6152163,42.8001571
-7.6153534,42.8001967
-7.6154710,42.8002272
-7.6155395,42.8002272
-7.6156277,42.8002398
-7.6156974,42.8002685
-7.6159374,42.8004419
-7.6160818,42.8005703
-7.6162067,42.8006197
-7.6163365,42.8006503
-7.6164993,42.8006889
-7.6166291,42.8007141
-7.6167160,42.8007168
-7.6167980,42.8007221
-7.6168213,42.8007239
-7.6169107,42.8007482
-7.6170184,42.8007850
-7.6171188,42.8008218
-7.6172270,42.8008643
-7.6165546,42.8012834
-7.6163550,42.8014130
-7.6161528,42.8015476
-7.6161850,42.8015826
-7.6157277,42.8019437
-7.6156371,42.8020048
-7.6155331,42.8020479
-7.6154302,42.8020758
-7.6153017,42.8020982
-7.6152172,42.8021117
-7.6151658,42.8021333
-7.6151352,42.8021692
-7.6151181,42.8022078
-7.6152821,42.8024342
-7.6155318,42.8028123
-7.6158918,42.8033818
-7.6164978,42.8043096
-7.6166190,42.8045027
-7.6167500,42.8047165
-7.6168087,42.8048135
-7.6167678,42.8048274
-7.6167287,42.8048376
-7.6167361,42.8049404
-7.6167310,42.8049526
-7.6167643,42.8049615
-7.6168319,42.8049681
-7.6168887,42.8050041
-7.6169338,42.8050765
-7.6169882,42.8051638
-7.6170057,42.8051920
-7.6170280,42.8052277
-7.6171675,42.8054522
-7.6171839,42.8055119
-7.6171601,42.8055775
-7.6171120,42.8056242
-7.6170302,42.8056797
-7.6169430,42.8057418
-7.6168498,42.8058223
-7.6168311,42.8058384
-7.6166269,42.8060147
-7.6165956,42.8060599
-7.6165892,42.8061072
-7.6165912,42.8061432
-7.6167353,42.8062485
-7.6168538,42.8063431
-7.6170444,42.8064843
-7.6172033,42.8063825
-7.6173653,42.8063057
-7.6176582,42.8062186
-7.6178665,42.8061843
-7.6179775,42.8061809
-7.6181094,42.8061965
-7.6182033,42.8062236
-7.6182461,42.8061921
-7.6184241,42.8062485
-7.6187724,42.8063557
-7.6189389,42.8064046
-7.6190491,42.8064325
-7.6192277,42.8064745
-7.6194156,42.8064984
-7.6194961,42.8065105
-7.6195887,42.8065162
-7.6197529,42.8065202
-7.6198918,42.8065186
-7.6200715,42.8065065
-7.6202457,42.8064911
-7.6205201,42.8064596
-7.6206579,42.8064555
-7.6208420,42.8064580
-7.6209340,42.8064570
-7.6209419,42.8064445
-7.6209284,42.8064305
-7.6209386,42.8063899
-7.6209682,42.8063325
-7.6208207,42.8063187
-7.6201904,42.8063069
-7.6199436,42.8063029
-7.6198260,42.8062955
-7.6195283,42.8062069
-7.6194176,42.8061713
-7.6193185,42.8061251
-7.6192736,42.8060998
-7.6192204,42.8060612
-7.6191672,42.8060093
-7.6191112,42.8059458
-7.6190801,42.8059008
-7.6190537,42.8058628
-7.6190281,42.8058138
-7.6190194,42.8057841
-7.6190241,42.8057606
-7.6190481,42.8057326
-7.6190891,42.8057153
-7.6198967,42.8053740
-7.6199244,42.8053653
-7.6199612,42.8053650
-7.6199875,42.8053754
-7.6200092,42.8053895
-7.6201090,42.8054097
-7.6202379,42.8054595
-7.6202978,42.8054654
-7.6204198,42.8054671
-7.6205293,42.8054574
-7.6206263,42.8054386
-7.6211370,42.8052660
-7.6213463,42.8052335
-7.6215185,42.8052873
-7.6217192,42.8052153
-7.6220742,42.8051768
-7.6223410,42.8050620
-7.6229142,42.8049310
-7.6238330,42.8046500
-7.6239083,42.8046422
-7.6240971,42.8046511
-7.6245734,42.8047192
-7.6246583,42.8047274
-7.6248527,42.8047037
-7.6249670,42.8046811
-7.6251259,42.8046742
-7.6253068,42.8047256
-7.6254525,42.8048222
-7.6256619,42.8049336
-7.6258440,42.8049830
-7.6267920,42.8051150
-7.6278130,42.8053540
-7.6283360,42.8054230
-7.6286453,42.8055261
-7.6295991,42.8058702
-7.6301968,42.8059890
-7.6304873,42.8060026
-7.6307236,42.8060712
-7.6310824,42.8062346
-7.6314749,42.8064557
-7.6317622,42.8066514
-7.6320475,42.8068918
-7.6321078,42.8069423
-7.6323783,42.8071141
-7.6326908,42.8072369
-7.6327766,42.8072667
-7.6328603,42.8073029
-7.6330110,42.8073782
-7.6335151,42.8075322
-7.6337336,42.8075774
-7.6339061,42.8075836
-7.6340172,42.8075803
-7.6341610,42.8075530
-7.6348761,42.8072568
-7.6352835,42.8071064
-7.6355211,42.8070364
-7.6357325,42.8069935
-7.6360540,42.8068913
-7.6366077,42.8066660
-7.6367331,42.8066221
-7.6368512,42.8065944
-7.6369800,42.8065866
-7.6371328,42.8065836
-7.6373846,42.8065879
-7.6375898,42.8066030
-7.6378116,42.8066439
-7.6381103,42.8067342
-7.6382804,42.8067750
-7.6386777,42.8068371
-7.6390640,42.8069887
-7.6392215,42.8070555
-7.6394240,42.8072260
-7.6394729,42.8072825
-7.6395030,42.8073460
-7.6395425,42.8075878
-7.6395465,42.8076124
-7.6395649,42.8077049
-7.6395858,42.8077846
-7.6396424,42.8078714
-7.6397301,42.8079458
-7.6400337,42.8081251
-7.6403961,42.8083330
-7.6410254,42.8076017
-7.6411931,42.8074815
-7.6414482,42.8073737
-7.6423437,42.8072947
-7.6427693,42.8072572
-7.6432518,42.8082038
-7.6434347,42.8085071
-7.6436517,42.8088999
-7.6446187,42.8107134
-7.6446191,42.8108439
-7.6445844,42.8109080
-7.6455674,42.8114464
-7.6456888,42.8115051
-7.6457607,42.8115310
-7.6460026,42.8116257
-7.6461651,42.8116733
-7.6464995,42.8117161
-7.6468448,42.8117445
-7.6475764,42.8117589
-7.6486820,42.8117940
-7.6507489,42.8118591
-7.6508370,42.8118617
-7.6509033,42.8118707
-7.6516527,42.8118804
-7.6522870,42.8119087
-7.6527908,42.8119178
-7.6535914,42.8119375
-7.6545612,42.8119781
-7.6560649,42.8120157
-7.6573284,42.8120566
-7.6579490,42.8120950
-7.6586470,42.8121731
-7.6587840,42.8121305
-7.6588834,42.8121008
-7.6589821,42.8120853
-7.6590787,42.8120872
-7.6595468,42.8121622
-7.6597573,42.8122008
-7.6598395,42.8122346
-7.6599603,42.8122686
-7.6601021,42.8122873
-7.6602519,42.8122729
-7.6604850,42.8123076
-7.6615993,42.8125014
-7.6627470,42.8126500
-7.6630704,42.8127177
-7.6631068,42.8127407
-7.6631812,42.8127580
-7.6633077,42.8127545
-7.6636228,42.8127195
-7.6636969,42.8127210
-7.6637667,42.8127289
-7.6638325,42.8127424
-7.6638983,42.8127654
-7.6640013,42.8128427
-7.6642697,42.8131305
-7.6643641,42.8132173
-7.6647468,42.8134511
-7.6649475,42.8135677
-7.6651790,42.8136752
-7.6656636,42.8138582
-7.6662526,42.8140590
-7.6665622,42.8142302
-7.6667397,42.8143170
-7.6671796,42.8145246
-7.6676904,42.8147288
-7.6680627,42.8148412
-7.6681950,42.8148754
-7.6684657,42.8149264
-7.6688248,42.8150959
-7.6690050,42.8151625
-7.6691098,42.8151785
-7.6691353,42.8151824
-7.6692727,42.8152229
-7.6696677,42.8153630
-7.6697409,42.8153939
-7.6698566,42.8154406
-7.6699846,42.8155256
-7.6701113,42.8155805
-7.6703792,42.8156564
-7.6706378,42.8157165
-7.6709456,42.8158209
-7.6715095,42.8160287
-7.6720636,42.8162110
-7.6721969,42.8162289
-7.6723232,42.8162486
-7.6726357,42.8162140
-7.6735185,42.8163001
-7.6737861,42.8163642
-7.6740876,42.8164771
-7.6742733,42.8165822
-7.6744328,42.8166925
-7.6747062,42.8169421
-7.6749821,42.8171758
-7.6750750,42.8172817
-7.6753950,42.8176790
-7.6755860,42.8180617
-7.6760943,42.8187359
-7.6763237,42.8189647
-7.6766332,42.8191687
-7.6766916,42.8192513
-7.6767130,42.8193271
-7.6766571,42.8193814
-7.6765962,42.8194551
-7.6765459,42.8195568
-7.6765508,42.8196078
-7.6775623,42.8201518
-7.6776375,42.8201769
-7.6777162,42.8201827
-7.6777889,42.8201837
-7.6778580,42.8201950
-7.6781179,42.8202892
-7.6782510,42.8203667
-7.6784016,42.8204803
-7.6784313,42.8205096
-7.6784519,42.8205543
-7.6786942,42.8207153
-7.6790580,42.8209274
-7.6793275,42.8210224
-7.6797210,42.8211166
-7.6808238,42.8212972
-7.6809159,42.8213195
-7.6810132,42.8213573
-7.6816480,42.8214650
-7.6841735,42.8218548
-7.6846211,42.8219196
-7.6847854,42.8219307
-7.6852787,42.8220102
-7.6857798,42.8220936
-7.6859133,42.8221210
-7.6860459,42.8221587
-7.6863350,42.8222503
-7.6865191,42.8223269
-7.6867092,42.8224218
-7.6874162,42.8228292
-7.6878469,42.8230810
-7.6884740,42.8233983
-7.6886748,42.8235071
-7.6890650,42.8237232
-7.6892961,42.8238010
-7.6894996,42.8238925
-7.6895448,42.8239188
-7.6895830,42.8239592
-7.6896652,42.8239901
-7.6897510,42.8240082
-7.6897837,42.8240648
-7.6898128,42.8240919
-7.6898799,42.8241305
-7.6901524,42.8243506
-7.6902324,42.8244175
-7.6903142,42.8244612
-7.6904582,42.8245363
-7.6906073,42.8246034
-7.6908767,42.8247013
-7.6917028,42.8249622
-7.6924137,42.8251816
-7.6926687,42.8252603
-7.6928862,42.8253274
-7.6933108,42.8254578
-7.6936023,42.8255473
-7.6946447,42.8258684
-7.6951877,42.8260352
-7.6956467,42.8261713
-7.6962405,42.8264362
-7.6963287,42.8264795
-7.6963794,42.8264566
-7.6965228,42.8265456
-7.6965392,42.8265735
-7.6965413,42.8266034
-7.6971610,42.8269704
-7.6972484,42.8269532
-7.6975934,42.8269360
-7.6977596,42.8268903
-7.6979464,42.8268225
-7.6980719,42.8267818
-7.6981641,42.8267420
-7.6982414,42.8267659
-7.6984945,42.8268785
-7.6986665,42.8269319
-7.6987491,42.8269765
-7.6989990,42.8271305
-7.6991427,42.8272765
-7.6992722,42.8274082
-7.6993907,42.8274791
-7.6996341,42.8276149
-7.7000700,42.8279387
-7.7004468,42.8282185
-7.7008372,42.8284199
-7.7010346,42.8285449
-7.7011924,42.8286664
-7.7013501,42.8287730
-7.7014329,42.8288369
-7.7015436,42.8289475
-7.7017499,42.8291574
-7.7019097,42.8293622
-7.7020835,42.8295670
-7.7021504,42.8296250
-7.7021930,42.8296413
-7.7022407,42.8296483
-7.7025282,42.8296423
-7.7027345,42.8296721
-7.7028723,42.8297259
-7.7029743,42.8297935
-7.7030930,42.8298382
-7.7032284,42.8298592
-7.7033336,42.8298546
-7.7036804,42.8299250
-7.7041010,42.8300729
-7.7048429,42.8304112
-7.7053283,42.8306420
-7.7054593,42.8307323
-7.7055263,42.8308565
-7.7058351,42.8309095
-7.7061439,42.8309761
-7.7065707,42.8311098
-7.7070231,42.8312303
-7.7076852,42.8314289
-7.7079507,42.8314898
-7.7081678,42.8315153
-7.7082986,42.8315119
-7.7083739,42.8315198
-7.7085110,42.8315466
-7.7085436,42.8315571
-7.7085542,42.8315628
-7.7086458,42.8316861
-7.7086899,42.8317165
-7.7087512,42.8317343
-7.7088689,42.8317290
-7.7089366,42.8317161
-7.7089831,42.8317130
-7.7090322,42.8317210
-7.7092080,42.8317827
-7.7095696,42.8318930
-7.7097222,42.8319850
-7.7097796,42.8320352
-7.7098622,42.8320955
-7.7099162,42.8321133
-7.7100608,42.8321280
-7.7101694,42.8321539
-7.7102235,42.8321851
-7.7103537,42.8322573
-7.7104899,42.8323496
-7.7109021,42.8326030
-7.7119802,42.8332091
-7.7121301,42.8331953
-7.7122345,42.8332132
-7.7123892,42.8332888
-7.7127126,42.8334176
-7.7130878,42.8335674
-7.7133337,42.8336326
-7.7134683,42.8336624
-7.7136131,42.8336624
-7.7136386,42.8336959
-7.7136820,42.8337275
-7.7137611,42.8337555
-7.7138603,42.8337704
-7.7140141,42.8337742
-7.7141090,42.8337641
-7.7141698,42.8337577
-7.7144983,42.8336832
-7.7150576,42.8335740
-7.7154151,42.8335261
-7.7157586,42.8334907
-7.7165841,42.8334920
-7.7168736,42.8334917
-7.7170324,42.8334842
-7.7171253,42.8335045
-7.7172131,42.8335398
-7.7173503,42.8336599
-7.7173809,42.8337007
-7.7174242,42.8337358
-7.7175988,42.8338219
-7.7176996,42.8338539
-7.7177987,42.8338825
-7.7179979,42.8339372
-7.7181891,42.8339966
-7.7183851,42.8340758
-7.7186069,42.8341253
-7.7187592,42.8341402
-7.7188776,42.8341473
-7.7189939,42.8341579
-7.7191869,42.8341921
-7.7195007,42.8342144
-7.7198447,42.8342263
-7.7200588,42.8342343
-7.7202635,42.8342215
-7.7206838,42.8341808
-7.7208436,42.8341479
-7.7210035,42.8341046
-7.7211712,42.8340398
-7.7213547,42.8339935
-7.7215619,42.8341413
-7.7217304,42.8343079
-7.7218712,42.8344774
-7.7222543,42.8348147
-7.7223632,42.8349447
-7.7225070,42.8350372
-7.7228385,42.8352016
-7.7231967,42.8354207
-7.7232850,42.8354938
-7.7233654,42.8355742
-7.7234855,42.8357302
-7.7236305,42.8358251
-7.7238384,42.8359137
-7.7240665,42.8360115
-7.7242350,42.8360488
-7.7243445,42.8360831
-7.7244104,42.8361313
-7.7243178,42.8362048
-7.7243006,42.8362381
-7.7244482,42.8362819
-7.7246194,42.8363410
-7.7246206,42.8363820
-7.7271728,42.8372181
-7.7288491,42.8377714
-7.7291085,42.8378639
-7.7293769,42.8379763
-7.7294151,42.8379897
-7.7294611,42.8379964
-7.7295375,42.8379670
-7.7296640,42.8379645
-7.7297401,42.8379877
-7.7297910,42.8380069
-7.7298409,42.8380087
-7.7299056,42.8380209
-7.7299565,42.8380433
-7.7303997,42.8382523
-7.7306223,42.8383670
-7.7308276,42.8384678
-7.7309098,42.8385205
-7.7310986,42.8386675
-7.7312924,42.8388287
-7.7314688,42.8389866
-7.7316313,42.8391489
-7.7318397,42.8393772
-7.7320484,42.8395536
-7.7322394,42.8397217
-7.7323159,42.8397776
-7.7323974,42.8398158
-7.7325563,42.8399074
-7.7327275,42.8399933
-7.7328766,42.8400440
-7.7330826,42.8401292
-7.7331862,42.8401763
-7.7332621,42.8402173
-7.7332917,42.8402501
-7.7333221,42.8402880
-7.7333495,42.8403100
-7.7333964,42.8403309
-7.7334647,42.8403512
-7.7335177,42.8403815
-7.7336450,42.8404543
-7.7336603,42.8404863
-7.7336895,42.8405195
-7.7338353,42.8406015
-7.7339261,42.8406633
-7.7340042,42.8407436
-7.7340782,42.8408358
-7.7341601,42.8408994
-7.7342458,42.8409579
-7.7343934,42.8410505
-7.7344277,42.8410825
-7.7345310,42.8411789
-7.7346321,42.8412981
-7.7347006,42.8414133
-7.7347271,42.8414885
-7.7347249,42.8415266
-7.7347134,42.8415590
-7.7346635,42.8416010
-7.7346051,42.8416140
-7.7345482,42.8416229
-7.7342990,42.8416465
-7.7341911,42.8416599
-7.7341071,42.8416719
-7.7340557,42.8416832
-7.7340432,42.8417159
-7.7339486,42.8417589
-7.7339435,42.8417856
-7.7339406,42.8418108
-7.7338641,42.8418251
-7.7338007,42.8418451
-7.7337505,42.8418772
-7.7337275,42.8419183
-7.7337188,42.8419685
-7.7337390,42.8420038
-7.7338351,42.8420506
-7.7338838,42.8420743
-7.7341838,42.8422433
-7.7343386,42.8423305
-7.7343643,42.8423370
-7.7344008,42.8423334
-7.7344783,42.8422891
-7.7345630,42.8422107
-7.7347873,42.8420729
-7.7349630,42.8419805
-7.7351174,42.8419212
-7.7352670,42.8418637
-7.7355047,42.8418106
-7.7355387,42.8418464
-7.7355879,42.8419129
-7.7356483,42.8419380
-7.7358871,42.8420053
-7.7361468,42.8420789
-7.7363017,42.8421151
-7.7366470,42.8421766
-7.7368677,42.8422369
-7.7370763,42.8423175
-7.7374718,42.8424641
-7.7376077,42.8424971
-7.7377124,42.8425142
-7.7378154,42.8425269
-7.7380300,42.8425485
-7.7390288,42.8426119
-7.7397627,42.8426640
-7.7401366,42.8426843
-7.7404663,42.8426995
-7.7406844,42.8427166
-7.7408575,42.8427465
-7.7410237,42.8427953
-7.7411881,42.8428537
-7.7414158,42.8429387
-7.7415595,42.8429996
-7.7417163,42.8430643
-7.7418147,42.8431014
-7.7419774,42.8431491
-7.7421557,42.8431862
-7.7421990,42.8432096
-7.7423008,42.8432178
-7.7424260,42.8432258
-7.7427008,42.8432346
-7.7429279,42.8432531
-7.7432818,42.8432922
-7.7434809,42.8433058
-7.7443455,42.8433558
-7.7450795,42.8433947
-7.7454556,42.8434455
-7.7454829,42.8434492
-7.7458865,42.8435196
-7.7462944,42.8436160
-7.7473891,42.8439993
-7.7474458,42.8439944
-7.7475174,42.8439824
-7.7475644,42.8439799
-7.7477599,42.8439455
-7.7479598,42.8438947
-7.7480151,42.8438903
-7.7480744,42.8438901
-7.7482202,42.8439048
-7.7485653,42.8440390
-7.7487550,42.8441005
-7.7488183,42.8441290
-7.7490070,42.8441996
-7.7490285,42.8442077
-7.7490644,42.8442368
-7.7491455,42.8442581
-7.7492771,42.8443204
-7.7493651,42.8443638
-7.7494989,42.8444267
-7.7496283,42.8444815
-7.7497949,42.8445550
-7.7498663,42.8445809
-7.7504253,42.8447480
-7.7505969,42.8447993
-7.7506193,42.8448067
-7.7508133,42.8448712
-7.7510332,42.8449383
-7.7511573,42.8449706
-7.7513289,42.8450097
-7.7515078,42.8450467
-7.7516650,42.8450806
-7.7518410,42.8451308
-7.7519607,42.8451668
-7.7524410,42.8453185
-7.7526062,42.8453619
-7.7527555,42.8453931
-7.7528290,42.8454021
-7.7528910,42.8454089
-7.7529704,42.8454121
-7.7531990,42.8454126
-7.7534781,42.8454042
-7.7539460,42.8454119
-7.7540514,42.8454269
-7.7543104,42.8454687
-7.7547128,42.8455470
-7.7548386,42.8455736
-7.7548630,42.8455788
-7.7553135,42.8456846
-7.7555232,42.8457318
-7.7556525,42.8457690
-7.7557641,42.8458074
-7.7558761,42.8458620
-7.7560414,42.8459580
-7.7562223,42.8460881
-7.7563876,42.8462069
-7.7565397,42.8463306
-7.7566823,42.8464420
-7.7567583,42.8465039
-7.7568393,42.8465759
-7.7569369,42.8466650
-7.7570190,42.8467463
-7.7570723,42.8468041
-7.7572426,42.8469932
-7.7574696,42.8472812
-7.7575572,42.8473992
-7.7576945,42.8475664
-7.7578446,42.8477386
-7.7579320,42.8478369
-7.7580220,42.8479060
-7.7581999,42.8480559
-7.7583625,42.8481741
-7.7585397,42.8482978
-7.7588147,42.8484880
-7.7588353,42.8485023
-7.7591743,42.8487613
-7.7592918,42.8488508
-7.7597259,42.8491796
-7.7599893,42.8493839
-7.7601330,42.8494809
-7.7604265,42.8496431
-7.7605665,42.8496984
-7.7606755,42.8497309
-7.7607617,42.8497517
-7.7608303,42.8497628
-7.7610395,42.8498018
-7.7612959,42.8498688
-7.7615703,42.8499514
-7.7621754,42.8501730
-7.7626245,42.8503394
-7.7626387,42.8503448
-7.7635620,42.8506986
-7.7638274,42.8507950
-7.7639132,42.8508166
-7.7642480,42.8509016
-7.7645052,42.8509501
-7.7657767,42.8512524
-7.7659417,42.8512985
-7.7663214,42.8514128
-7.7668106,42.8515398
-7.7672042,42.8516026
-7.7672450,42.8516068
-7.7673523,42.8516198
-7.7675159,42.8516519
-7.7676837,42.8516969
-7.7680478,42.8518080
-7.7690194,42.8521493
-7.7696166,42.8523625
-7.7698740,42.8524660
-7.7699308,42.8524830
-7.7701898,42.8525127
-7.7703025,42.8525228
-7.7706967,42.8525310
-7.7715014,42.8524887
-7.7719377,42.8524641
-7.7721089,42.8524799
-7.7723034,42.8525089
-7.7724917,42.8525687
-7.7726924,42.8526578
-7.7728370,42.8527651
-7.7733422,42.8531512
-7.7734575,42.8532584
-7.7736356,42.8534345
-7.7739283,42.8536938
-7.7740419,42.8537695
-7.7743069,42.8539095
-7.7745178,42.8540237
-7.7747596,42.8541537
-7.7750763,42.8543398
-7.7751918,42.8544024
-7.7755154,42.8545832
-7.7758185,42.8547165
-7.7760302,42.8548018
-7.7766499,42.8549886
-7.7768323,42.8550536
-7.7770897,42.8551535
-7.7771111,42.8551652
-7.7772309,42.8552176
-7.7772575,42.8552281
-7.7772983,42.8552442
-7.7773879,42.8553101
-7.7774888,42.8553678
-7.7775395,42.8554072
-7.7775607,42.8554425
-7.7775888,42.8554777
-7.7777094,42.8556655
-7.7777581,42.8557580
-7.7778343,42.8560053
-7.7778602,42.8561359
-7.7778737,42.8561811
-7.7779393,42.8563094
-7.7780730,42.8564779
-7.7782545,42.8567125
-7.7782419,42.8567179
-7.7783727,42.8568977
-7.7784953,42.8570655
-7.7785113,42.8570888
-7.7785586,42.8571613
-7.7786341,42.8572501
-7.7787885,42.8573739
-7.7789608,42.8575011
-7.7790223,42.8575573
-7.7790551,42.8576041
-7.7791163,42.8577376
-7.7791918,42.8579292
-7.7792553,42.8581044
-7.7792797,42.8581731
-7.7793011,42.8582243
-7.7793650,42.8583336
-7.7794611,42.8584477
-7.7795043,42.8584870
-7.7795243,42.8585088
-7.7795503,42.8585253
-7.7795724,42.8585476
-7.7795889,42.8585637
-7.7796416,42.8586309
-7.7796932,42.8586940
-7.7797664,42.8588005
-7.7798481,42.8588870
-7.7799411,42.8589608
-7.7800260,42.8590164
-7.7802763,42.8591893
-7.7807937,42.8595437
-7.7814402,42.8599884
-7.7814847,42.8600268
-7.7814884,42.8600709
-7.7814675,42.8601034
-7.7814651,42.8602213
-7.7814640,42.8602680
-7.7814860,42.8603051
-7.7815880,42.8604120
-7.7818939,42.8606841
-7.7822410,42.8610383
-7.7826226,42.8614058
-7.7826920,42.8614254
-7.7827525,42.8614359
-7.7828886,42.8614727
-7.7829419,42.8614892
-7.7829832,42.8615132
-7.7831447,42.8617140
-7.7832380,42.8618881
-7.7832888,42.8619984
-7.7833607,42.8621310
-7.7833855,42.8621558
-7.7835161,42.8622146
-7.7836745,42.8622771
-7.7837469,42.8623027
-7.7838409,42.8623259
-7.7841540,42.8624164
-7.7845238,42.8625198
-7.7849018,42.8626487
-7.7849654,42.8626731
-7.7850599,42.8627274
-7.7851261,42.8628230
-7.7851891,42.8630319
-7.7852438,42.8632245
-7.7852884,42.8633495
-7.7853450,42.8634587
-7.7853991,42.8635268
-7.7854563,42.8635809
-7.7855970,42.8637160
-7.7857101,42.8638106
-7.7858043,42.8638874
-7.7860776,42.8640955
-7.7862211,42.8642041
-7.7863659,42.8643021
-7.7863452,42.8643322
-7.7864357,42.8644118
-7.7865112,42.8644999
-7.7866428,42.8646535
-7.7867376,42.8647571
-7.7867488,42.8647703
-7.7868401,42.8648031
-7.7869157,42.8649054
-7.7870513,42.8650673
-7.7872664,42.8653216
-7.7873331,42.8653688
-7.7874021,42.8654096
-7.7875140,42.8654595
-7.7876017,42.8654892
-7.7878498,42.8655275
-7.7879695,42.8655475
-7.7880804,42.8655659
-7.7884323,42.8656227
-7.7886222,42.8656334
-7.7888224,42.8656369
-7.7900881,42.8655346
-7.7902451,42.8655332
-7.7904079,42.8655559
-7.7905455,42.8655971
-7.7911443,42.8658230
-7.7914893,42.8659608
-7.7917083,42.8660020
-7.7918459,42.8660190
-7.7921230,42.8660119
-7.7923168,42.8660133
-7.7926269,42.8660275
-7.7930591,42.8660659
-7.7931812,42.8660872
-7.7933420,42.8661241
-7.7934951,42.8661696
-7.7937277,42.8662676
-7.7944796,42.8666255
-7.7954335,42.8671074
-7.7957615,42.8672667
-7.7960382,42.8674028
-7.7963032,42.8675363
-7.7965313,42.8676583
-7.7967270,42.8677713
-7.7971123,42.8679893
-7.7974282,42.8681711
-7.7975530,42.8682423
-7.7976886,42.8682728
-7.7978000,42.8683430
-7.7978895,42.8683993
-7.7980199,42.8685258
-7.7981948,42.8686635
-7.7983376,42.8687878
-7.7984686,42.8688938
-7.7986201,42.8690195
-7.7988259,42.8691886
-7.7990693,42.8693816
-7.7992947,42.8695591
-7.7994956,42.8697225
-7.7998813,42.8700287
-7.8000206,42.8701394
-7.8002633,42.8703321
-7.8004676,42.8704961
-7.8011111,42.8709963
-7.8012347,42.8710751
-7.8013370,42.8711247
-7.8018557,42.8713340
-7.8021981,42.8714572
-7.8029276,42.8717328
-7.8033551,42.8718991
-7.8035023,42.8719451
-7.8036982,42.8720365
-7.8039298,42.8721752
-7.8041267,42.8723642
-7.8045635,42.8727249
-7.8051119,42.8731948
-7.8053669,42.8734057
-7.8057072,42.8736956
-7.8057794,42.8737362
-7.8058966,42.8737602
-7.8059959,42.8737656
-7.8060978,42.8737601
-7.8063475,42.8737327
-7.8065856,42.8736936
-7.8067025,42.8737145
-7.8068536,42.8736907
-7.8069076,42.8736669
-7.8070489,42.8735709
-7.8070742,42.8735617
-7.8070915,42.8735140
-7.8072437,42.8734951
-7.8074432,42.8734794
-7.8075562,42.8734741
-7.8079117,42.8735380
-7.8080011,42.8735600
-7.8082333,42.8736501
-7.8083399,42.8736861
-7.8084903,42.8737144
-7.8086726,42.8737182
-7.8087689,42.8737075
-7.8088970,42.8736810
-7.8091162,42.8736218
-7.8095169,42.8734662
-7.8103775,42.8731209
-7.8107841,42.8729048
-7.8114049,42.8725343
-7.8115889,42.8724328
-7.8116697,42.8723975
-7.8118167,42.8723484
-7.8119663,42.8723150
-7.8122027,42.8722835
-7.8127478,42.8722457
-7.8136540,42.8721606
-7.8139016,42.8721455
-7.8140168,42.8721392
-7.8140792,42.8721468
-7.8141063,42.8721705
-7.8141341,42.8721711
-7.8141867,42.8721865
-7.8142316,42.8722077
-7.8143935,42.8723683
-7.8145525,42.8725376
-7.8145924,42.8725840
-7.8146363,42.8726069
-7.8147054,42.8726138
-7.8147803,42.8726121
-7.8149491,42.8725998
-7.8150566,42.8726294
-7.8151593,42.8726941
-7.8154457,42.8729491
-7.8156367,42.8731139
-7.8156963,42.8731501
-7.8157696,42.8731791
-7.8159096,42.8732151
-7.8163572,42.8733098
-7.8165316,42.8733280
-7.8168565,42.8733335
-7.8169189,42.8732865
-7.8170824,42.8732786
-7.8171496,42.8733000
-7.8172440,42.8733378
-7.8173297,42.8733792
-7.8174777,42.8735576
-7.8176519,42.8738123
-7.8177279,42.8739421
-7.8177727,42.8740156
-7.8178505,42.8740827
-7.8179089,42.8741255
-7.8179790,42.8741462
-7.8180413,42.8741583
-7.8181105,42.8741497
-7.8182468,42.8741190
-7.8184531,42.8740456
-7.8186284,42.8739878
-7.8187491,42.8739478
-7.8193887,42.8738123
-7.8197742,42.8737309
-7.8199767,42.8736874
-7.8203310,42.8735875
-7.8205247,42.8735176
-7.8210991,42.8732743
-7.8213191,42.8731802
-7.8215606,42.8731138
-7.8216404,42.8731024
-7.8216920,42.8731274
-7.8217284,42.8731236
-7.8222502,42.8731164
-7.8223382,42.8730811
-7.8225014,42.8730225
-7.8226871,42.8729600
-7.8229034,42.8729611
-7.8229616,42.8729591
-7.8235747,42.8730282
-7.8236019,42.8730013
-7.8239140,42.8729717
-7.8240989,42.8729471
-7.8243829,42.8729105
-7.8244935,42.8729043
-7.8247205,42.8729143
-7.8249578,42.8729440
-7.8251589,42.8729717
-7.8252888,42.8729988
-7.8254934,42.8730511
-7.8259043,42.8731758
-7.8261872,42.8732703
-7.8263454,42.8733434
-7.8270504,42.8737964
-7.8271492,42.8738582
-7.8276757,42.8741255
-7.8282170,42.8743622
-7.8287630,42.8746061
-7.8289685,42.8747018
-7.8290544,42.8747510
-7.8291198,42.8748014
-7.8291705,42.8748437
-7.8292373,42.8749127
-7.8292928,42.8749699
-7.8293989,42.8750884
-7.8295068,42.8751442
-7.8295998,42.8751831
-7.8300245,42.8753105
-7.8303675,42.8754145
-7.8306605,42.8754864
-7.8308236,42.8755223
-7.8314003,42.8756207
-7.8316936,42.8756679
-7.8320640,42.8757291
-7.8328457,42.8758530
-7.8330672,42.8758775
-7.8339361,42.8759363
-7.8345138,42.8759649
-7.8347468,42.8759719
-7.8350161,42.8759628
-7.8352529,42.8759461
-7.8356176,42.8759223
-7.8357627,42.8759013
-7.8358687,42.8758754
-7.8359919,42.8758383
-7.8361609,42.8757931
-7.8362198,42.8757900
-7.8364076,42.8758072
-7.8366589,42.8758054
-7.8370397,42.8757297
-7.8371746,42.8757062
-7.8373019,42.8756691
-7.8378371,42.8754212
-7.8380655,42.8752950
-7.8385283,42.8750311
-7.8387773,42.8749057
-7.8390250,42.8747912
-7.8392713,42.8746606
-7.8394203,42.8745379
-7.8395373,42.8744918
-7.8397101,42.8744586
-7.8398917,42.8744458
-7.8399915,42.8744388
-7.8406821,42.8744476
-7.8409154,42.8744486
-7.8414076,42.8743927
-7.8417333,42.8743216
-7.8418602,42.8743079
-7.8420810,42.8742981
-7.8435001,42.8743429
-7.8440526,42.8743401
-7.8450856,42.8743549
-7.8457819,42.8743309
-7.8468368,42.8742729
-7.8469480,42.8742894
-7.8470320,42.8743209
-7.8479804,42.8742856
-7.8484705,42.8742861
-7.8486988,42.8742979
-7.8489363,42.8743207
-7.8491069,42.8743530
-7.8494675,42.8744292
-7.8508839,42.8748658
-7.8510128,42.8748997
-7.8511049,42.8748782
-7.8514353,42.8748351
-7.8516419,42.8747922
-7.8517692,42.8747527
-7.8518830,42.8746920
-7.8519701,42.8745539
-7.8520053,42.8745314
-7.8520562,42.8745277
-7.8520997,42.8745266
-7.8522018,42.8745088
-7.8525172,42.8743884
-7.8527369,42.8743208
-7.8529222,42.8742599
-7.8530000,42.8742696
-7.8531308,42.8742532
-7.8532792,42.8742363
-7.8534815,42.8742198
-7.8538307,42.8741855
-7.8543941,42.8741214
-7.8545560,42.8740936
-7.8547980,42.8740310
-7.8551875,42.8740180
-7.8562531,42.8739685
-7.8567209,42.8739189
-7.8569119,42.8739027
-7.8571211,42.8738968
-7.8573516,42.8739064
-7.8575262,42.8739089
-7.8577162,42.8738996
-7.8580454,42.8738402
-7.8582771,42.8737988
-7.8588236,42.8737448
-7.8592392,42.8737003
-7.8593404,42.8736937
-7.8594011,42.8736895
-7.8605260,42.8735954
-7.8607531,42.8735865
-7.8613095,42.8735651
-7.8615036,42.8735416
-7.8618516,42.8734680
-7.8622670,42.8733689
-7.8625545,42.8733069
-7.8626879,42.8733012
-7.8628087,42.8733139
-7.8630720,42.8733484
-7.8635121,42.8734245
-7.8637704,42.8734128
-7.8639872,42.8733826
-7.8642902,42.8733053
-7.8644730,42.8732201
-7.8649773,42.8729478
-7.8652057,42.8728413
-7.8654297,42.8728014
-7.8658670,42.8727665
-7.8663997,42.8727393
-7.8665624,42.8728488
-7.8666608,42.8728869
-7.8667657,42.8728984
-7.8668898,42.8728790
-7.8672237,42.8727934
-7.8672848,42.8727809
-7.8674010,42.8727561
-7.8674837,42.8727607
-7.8675230,42.8727467
-7.8678157,42.8726106
-7.8680535,42.8725091
-7.8680645,42.8724316
-7.8681030,42.8724120
-7.8681385,42.8724126
-7.8681622,42.8724228
-7.8681464,42.8725138
-7.8681851,42.8725472
-7.8682029,42.8725790
-7.8682770,42.8726916
-7.8683315,42.8727783
-7.8684282,42.8728562
-7.8684008,42.8729849
-7.8685705,42.8730504
-7.8690843,42.8732526
-7.8691607,42.8732441
-7.8692287,42.8732383
-7.8692306,42.8732869
-7.8692514,42.8732853
-7.8693108,42.8732807
-7.8694469,42.8732702
-7.8695430,42.8732628
-7.8699065,42.8732347
-7.8698982,42.8732954
-7.8699498,42.8732980
-7.8700820,42.8733073
-7.8701239,42.8733088
-7.8703255,42.8733284
-7.8703703,42.8733069
-7.8704211,42.8732826
-7.8705538,42.8734307
-7.8706871,42.8734356
-7.8707680,42.8734312
-7.8708641,42.8734182
-7.8711814,42.8733432
-7.8717543,42.8732914
-7.8720293,42.8732899
-7.8722596,42.8733118
-7.8724649,42.8733408
-7.8725288,42.8733497
-7.8725854,42.8733659
-7.8726332,42.8734051
-7.8728298,42.8738307
-7.8728851,42.8738187
-7.8729096,42.8738900
-7.8729360,42.8739538
-7.8729023,42.8739601
-7.8729468,42.8740578
-7.8730035,42.8741408
-7.8731045,42.8742189
-7.8731562,42.8741958
-7.8732603,42.8741786
-7.8733754,42.8741659
-7.8734933,42.8741659
-7.8739193,42.8742180
-7.8740607,42.8742318
-7.8743343,42.8742677
-7.8744503,42.8742756
-7.8745645,42.8742537
-7.8747160,42.8742160
-7.8747747,42.8742034
-7.8749432,42.8741143
-7.8750155,42.8740572
-7.8751752,42.8738896
-7.8752338,42.8738485
-7.8753069,42.8738128
-7.8754676,42.8737399
-7.8756153,42.8737044
-7.8756697,42.8736757
-7.8756994,42.8735752
-7.8756913,42.8734284
-7.8761843,42.8733312
-7.8778302,42.8730176
-7.8778597,42.8730215
-7.8779563,42.8729993
-7.8780903,42.8729724
-7.8781399,42.8729572
-7.8786748,42.8728583
-7.8789165,42.8728115
-7.8790036,42.8727783
-7.8792394,42.8727369
-7.8795967,42.8726897
-7.8799096,42.8726577
-7.8802254,42.8726363
-7.8806384,42.8726127
-7.8809925,42.8725871
-7.8811937,42.8725655
-7.8813183,42.8725415
-7.8814702,42.8725930
-7.8816903,42.8726704
-7.8817950,42.8726945
-7.8819311,42.8726967
-7.8821032,42.8726590
-7.8822068,42.8725898
-7.8822860,42.8724970
-7.8824417,42.8722006
-7.8824848,42.8720971
-7.8826403,42.8719923
-7.8826893,42.8719416
-7.8831109,42.8716681
-7.8838530,42.8715908
-7.8843297,42.8715390
-7.8844274,42.8715188
-7.8845344,42.8714806
-7.8847561,42.8713759
-7.8848401,42.8713418
-7.8849346,42.8713169
-7.8850723,42.8713111
-7.8852534,42.8713270
-7.8854317,42.8713260
-7.8854864,42.8713327
-7.8855476,42.8713437
-7.8857883,42.8713785
-7.8860638,42.8713804
-7.8862722,42.8713648
-7.8864020,42.8713724
-7.8866335,42.8714585
-7.8868105,42.8714994
-7.8870755,42.8715375
-7.8873362,42.8715593
-7.8879530,42.8715952
-7.8881822,42.8715706
-7.8883867,42.8716024
-7.8885775,42.8716115
-7.8888727,42.8715994
-7.8890348,42.8716046
-7.8892315,42.8716466
-7.8893799,42.8716547
-7.8895345,42.8716889
-7.8898344,42.8717707
-7.8900055,42.8718013
-7.8901744,42.8718047
-7.8902456,42.8717444
-7.8902291,42.8716730
-7.8901065,42.8715517
-7.8898765,42.8713457
-7.8895723,42.8710228
-7.8895155,42.8709066
-7.8894892,42.8707316
-7.8894831,42.8705053
-7.8894710,42.8702408
-7.8894819,42.8701908
-7.8906053,42.8702108
-7.8909015,42.8702316
-7.8912361,42.8702887
-7.8914723,42.8703609
-7.8917694,42.8703777
-7.8919466,42.8704574
-7.8922267,42.8705181
-7.8928030,42.8705735
-7.8931862,42.8706308
-7.8932814,42.8706674
-7.8935388,42.8707612
-7.8936010,42.8707726
-7.8936985,42.8707881
-7.8939218,42.8708005
-7.8944364,42.8708421
-7.8947653,42.8708723
-7.8950376,42.8709128
-7.8956003,42.8710634
-7.8959164,42.8711374
-7.8960956,42.8712041
-7.8962978,42.8712720
-7.8963790,42.8713037
-7.8964762,42.8712979
-7.8966947,42.8713616
-7.8967692,42.8713736
-7.8968940,42.8714046
-7.8969911,42.8714159
-7.8971027,42.8714427
-7.8974986,42.8715726
-7.8975811,42.8715989
-7.8976368,42.8716263
-7.8976825,42.8716504
-7.8977461,42.8717031
-7.8977966,42.8717333
-7.8979931,42.8718426
-7.8981999,42.8720317
-7.8982844,42.8721213
-7.8983035,42.8721658
-7.8984126,42.8722553
-7.8985982,42.8723638
-7.8987322,42.8724726
-7.8988247,42.8725855
-7.8989005,42.8726895
-7.8989671,42.8727936
-7.8990679,42.8729245
-7.8992354,42.8730855
-7.8994890,42.8733049
-7.8997853,42.8735040
-7.8999380,42.8736104
-7.9000915,42.8736963
-7.9003075,42.8737814
-7.9007503,42.8739488
-7.9008329,42.8739736
-7.9009259,42.8740211
-7.9012263,42.8741808
-7.9013014,42.8742027
-7.9016224,42.8744766
-7.9016591,42.8745267
-7.9017341,42.8745396
-7.9018422,42.8745259
-7.9020380,42.8744905
-7.9021889,42.8745001
-7.9023422,42.8745334
-7.9025695,42.8745564
-7.9026860,42.8745628
-7.9027928,42.8745387
-7.9030119,42.8744398
-7.9031046,42.8744151
-7.9032221,42.8744113
-7.9035005,42.8745335
-7.9036518,42.8745393
-7.9037558,42.8744958
-7.9038942,42.8744152
-7.9039625,42.8743968
-7.9039650,42.8743967
-7.9040776,42.8743925
-7.9041899,42.8744107
-7.9042763,42.8744397
-7.9043371,42.8744942
-7.9043810,42.8745594
-7.9044633,42.8747179
-7.9045295,42.8748099
-7.9045618,42.8748479
-7.9045960,42.8748737
-7.9048561,42.8749679
-7.9051218,42.8750471
-7.9053504,42.8751236
-7.9054092,42.8751476
-7.9054714,42.8751563
-7.9056362,42.8751621
-7.9064592,42.8752361
-7.9069142,42.8753417
-7.9070425,42.8753686
-7.9071526,42.8753883
-7.9072789,42.8753977
-7.9074294,42.8754074
-7.9075414,42.8754207
-7.9077523,42.8754654
-7.9079138,42.8755053
-7.9082022,42.8756004
-7.9086526,42.8757434
-7.9088124,42.8758527
-7.9088824,42.8758944
-7.9089709,42.8759379
-7.9089873,42.8759459
-7.9090523,42.8759942
-7.9094757,42.8764037
-7.9097855,42.8766519
-7.9099326,42.8767291
-7.9100321,42.8767656
-7.9101428,42.8768052
-7.9105022,42.8769324
-7.9107370,42.8770076
-7.9111659,42.8771159
-7.9116445,42.8772652
-7.9117128,42.8772820
-7.9118020,42.8773295
-7.9120804,42.8774814
-7.9121437,42.8775318
-7.9122231,42.8775974
-7.9123171,42.8776730
-7.9123949,42.8777474
-7.9124375,42.8777676
-7.9126186,42.8778168
-7.9129048,42.8778989
-7.9129656,42.8779155
-7.9130283,42.8779255
-7.9130863,42.8779284
-7.9131423,42.8779266
-7.9131830,42.8779102
-7.9132198,42.8778821
-7.9132617,42.8778685
-7.9133116,42.8778636
-7.9134149,42.8778822
-7.9135036,42.8779127
-7.9136786,42.8780000
-7.9138163,42.8780707
-7.9138413,42.8780823
-7.9138892,42.8780852
-7.9139954,42.8780823
-7.9140612,42.8780796
-7.9141061,42.8780879
-7.9141380,42.8780962
-7.9141673,42.8781125
-7.9142064,42.8781582
-7.9142604,42.8782379
-7.9143126,42.8783428
-7.9144178,42.8784777
-7.9144635,42.8785423
-7.9144956,42.8786356
-7.9145180,42.8786710
-7.9145493,42.8787063
-7.9146727,42.8787992
-7.9148746,42.8788933
-7.9150728,42.8789947
-7.9151862,42.8790388
-7.9154225,42.8790826
-7.9156901,42.8790762
-7.9158885,42.8790596
-7.9159782,42.8790598
-7.9161289,42.8790689
-7.9164021,42.8791237
-7.9169342,42.8792757
-7.9172147,42.8793846
-7.9173304,42.8794276
-7.9177657,42.8795997
-7.9180459,42.8796879
-7.9183168,42.8797467
-7.9186336,42.8798061
-7.9191000,42.8799359
-7.9191819,42.8800063
-7.9192900,42.8800211
-7.9194236,42.8800246
-7.9197327,42.8800628
-7.9200401,42.8799782
-7.9203539,42.8799713
-7.9208033,42.8799941
-7.9211655,42.8800216
-7.9212531,42.8800342
-7.9213769,42.8800276
-7.9217019,42.8799978
-7.9220752,42.8799113
-7.9226840,42.8797119
-7.9230930,42.8795664
-7.9233010,42.8795182
-7.9233818,42.8795148
-7.9236605,42.8794468
-7.9238924,42.8793770
-7.9242507,42.8793175
-7.9246965,42.8792728
-7.9248752,42.8792603
-7.9251307,42.8792531
-7.9258385,42.8792630
-7.9258800,42.8792284
-7.9259530,42.8791903
-7.9261799,42.8790962
-7.9264425,42.8789737
-7.9265753,42.8789241
-7.9267699,42.8788695
-7.9269833,42.8788154
-7.9271646,42.8787699
-7.9272899,42.8787417
-7.9274322,42.8787240
-7.9275745,42.8787191
-7.9278834,42.8787351
-7.9280508,42.8787401
-7.9282884,42.8787297
-7.9285941,42.8787329
-7.9287992,42.8787513
-7.9289106,42.8787671
-7.9290179,42.8787918
-7.9292081,42.8788389
-7.9300112,42.8790712
-7.9303328,42.8791263
-7.9304192,42.8791339
-7.9305069,42.8791346
-7.9308392,42.8791284
-7.9308954,42.8791328
-7.9309515,42.8791469
-7.9310557,42.8792027
-7.9311681,42.8792838
-7.9314224,42.8795144
-7.9317873,42.8798866
-7.9319681,42.8799932
-7.9322620,42.8801163
-7.9328587,42.8802947
-7.9335375,42.8804748
-7.9340836,42.8805908
-7.9343812,42.8807476
-7.9345961,42.8807994
-7.9348933,42.8807963
-7.9351674,42.8807544
-7.9354100,42.8807386
-7.9357140,42.8806914
-7.9361409,42.8806486
-7.9364743,42.8806023
-7.9366230,42.8805631
-7.9367686,42.8805035
-7.9368551,42.8804535
-7.9369895,42.8804531
-7.9370523,42.8804498
-7.9371094,42.8804549
-7.9375567,42.8807168
-7.9378751,42.8808943
-7.9380294,42.8809743
-7.9381617,42.8810483
-7.9383367,42.8811257
-7.9385209,42.8811774
-7.9386710,42.8812080
-7.9387789,42.8811954
-7.9389743,42.8811475
-7.9392334,42.8810762
-7.9395497,42.8810312
-7.9397829,42.8810327
-7.9401229,42.8809982
-7.9403666,42.8809638
-7.9406960,42.8808902
-7.9409753,42.8808166
-7.9412452,42.8807384
-7.9415308,42.8806484
-7.9416785,42.8806270
-7.9418086,42.8806012
-7.9421290,42.8805444
-7.9422770,42.8804875
-7.9424369,42.8803923
-7.9425801,42.8803051
-7.9426616,42.8802553
-7.9427651,42.8802455
-7.9428484,42.8802277
-7.9429090,42.8802267
-7.9429519,42.8802323
-7.9431488,42.8802926
-7.9436392,42.8804471
-7.9439066,42.8805319
-7.9441983,42.8806299
-7.9442601,42.8806385
-7.9443890,42.8806199
-7.9445717,42.8805831
-7.9447404,42.8805625
-7.9449102,42.8805690
-7.9450196,42.8806199
-7.9451405,42.8807428
-7.9453730,42.8808569
-7.9455311,42.8809315
-7.9457003,42.8810890
-7.9457708,42.8811512
-7.9458027,42.8811956
-7.9458523,42.8812564
-7.9459018,42.8813058
-7.9461372,42.8814525
-7.9463449,42.8815917
-7.9465532,42.8816615
-7.9468391,42.8817164
-7.9473009,42.8817663
-7.9474671,42.8817864
-7.9476222,42.8817839
-7.9477430,42.8817877
-7.9478637,42.8818109
-7.9481207,42.8818556
-7.9482312,42.8818646
-7.9483583,42.8818630
-7.9485939,42.8818487
-7.9488375,42.8817965
-7.9496080,42.8815860
-7.9498108,42.8815284
-7.9499232,42.8814853
-7.9500100,42.8814731
-7.9503261,42.8814890
-7.9506400,42.8814920
-7.9515975,42.8815330
-7.9522555,42.8815581
-7.9523645,42.8815545
-7.9526106,42.8815348
-7.9527903,42.8815658
-7.9529754,42.8816070
-7.9532003,42.8816793
-7.9533265,42.8817729
-7.9535014,42.8818999
-7.9537530,42.8820958
-7.9539567,42.8822296
-7.9541690,42.8823536
-7.9548387,42.8825902
-7.9552309,42.8827511
-7.9554575,42.8828542
-7.9556259,42.8829664
-7.9559827,42.8832480
-7.9564797,42.8836110
-7.9569644,42.8839851
-7.9574727,42.8842685
-7.9581552,42.8845520
-7.9583000,42.8846378
-7.9584051,42.8847381
-7.9585814,42.8847539
-7.9586960,42.8847682
-7.9588084,42.8847922
-7.9589410,42.8848300
-7.9590714,42.8848775
-7.9593650,42.8850033
-7.9594416,42.8849833
-7.9595522,42.8849842
-7.9596756,42.8850125
-7.9599272,42.8851049
-7.9602831,42.8852471
-7.9606982,42.8854475
-7.9608596,42.8855229
-7.9610970,42.8856454
-7.9612726,42.8857210
-7.9624280,42.8860900
-7.9625283,42.8861280
-7.9627279,42.8862104
-7.9629549,42.8862981
-7.9631268,42.8863757
-7.9634100,42.8865614
-7.9635025,42.8865989
-7.9636302,42.8866098
-7.9639925,42.8866524
-7.9641347,42.8866836
-7.9642287,42.8867284
-7.9644086,42.8868607
-7.9646877,42.8870124
-7.9647499,42.8871040
-7.9649510,42.8871964
-7.9650457,42.8873287
-7.9651406,42.8874125
-7.9654035,42.8875877
-7.9655522,42.8876794
-7.9656280,42.8877435
-7.9657340,42.8878279
-7.9659263,42.8879721
-7.9661803,42.8881261
-7.9662972,42.8881981
-7.9663484,42.8882430
-7.9663948,42.8883032
-7.9666138,42.8887360
-7.9668260,42.8891747
-7.9669753,42.8894334
-7.9670963,42.8895987
-7.9671259,42.8896277
-7.9671667,42.8896580
-7.9672892,42.8897277
-7.9675335,42.8898327
-7.9677087,42.8899021
-7.9677841,42.8899201
-7.9679191,42.8899339
-7.9679968,42.8899362
-7.9680747,42.8899462
-7.9682253,42.8899740
-7.9683368,42.8899893
-7.9684553,42.8900138
-7.9685183,42.8900187
-7.9685611,42.8900127
-7.9686294,42.8899954
-7.9686960,42.8899993
-7.9687339,42.8900087
-7.9687945,42.8900466
-7.9688855,42.8900852
-7.9689864,42.8901502
-7.9690617,42.8902134
-7.9692834,42.8904318
-7.9694190,42.8905461
-7.9694798,42.8906042
-7.9695710,42.8907193
-7.9696268,42.8908459
-7.9696673,42.8908735
-7.9697240,42.8909109
-7.9706541,42.8916095
-7.9710516,42.8919116
-7.9712813,42.8920904
-7.9713714,42.8921646
-7.9717862,42.8925727
-7.9718552,42.8926014
-7.9721898,42.8928546
-7.9722889,42.8929265
-7.9725407,42.8930947
-7.9730286,42.8933846
-7.9732548,42.8935287
-7.9733237,42.8935943
-7.9733511,42.8936482
-7.9733582,42.8936883
-7.9733576,42.8937239
-7.9733403,42.8937885
-7.9733483,42.8938180
-7.9734489,42.8938828
-7.9740072,42.8941664
-7.9742006,42.8942201
-7.9743357,42.8942474
-7.9744082,42.8942546
-7.9744753,42.8942496
-7.9745438,42.8942276
-7.9746085,42.8941961
-7.9748823,42.8940247
-7.9750911,42.8939031
-7.9753371,42.8937767
-7.9754441,42.8937359
-7.9755269,42.8937180
-7.9759763,42.8935648
-7.9760642,42.8935555
-7.9761017,42.8935516
-7.9761438,42.8935633
-7.9762058,42.8935944
-7.9763652,42.8937271
-7.9766357,42.8939681
-7.9768280,42.8941288
-7.9772900,42.8944973
-7.9777368,42.8948803
-7.9780881,42.8952492
-7.9784489,42.8955819
-7.9786258,42.8957510
-7.9787861,42.8959223
-7.9789604,42.8960597
-7.9793682,42.8963516
-7.9797671,42.8966405
-7.9798989,42.8967503
-7.9802760,42.8971347
-7.9805178,42.8973966
-7.9805820,42.8974738
-7.9806492,42.8975540
-7.9806897,42.8975840
-7.9807377,42.8976117
-7.9809118,42.8977064
-7.9816445,42.8980943
-7.9817252,42.8981403
-7.9819255,42.8982317
-7.9824981,42.8984497
-7.9825684,42.8984880
-7.9830363,42.8987269
-7.9831023,42.8987610
-7.9838464,42.8991459
-7.9844549,42.8994723
-7.9859333,42.9002421
-7.9860100,42.9002872
-7.9860706,42.9003312
-7.9860985,42.9003545
-7.9861886,42.9004767
-7.9862545,42.9005587
-7.9863058,42.9006166
-7.9863440,42.9006410
-7.9866907,42.9008190
-7.9868007,42.9008760
-7.9873371,42.9011538
-7.9887507,42.9018953
-7.9890939,42.9020596
-7.9894391,42.9022323
-7.9900391,42.9025743
-7.9901391,42.9026254
-7.9902296,42.9026677
-7.9903288,42.9027006
-7.9904306,42.9027182
-7.9909241,42.9028071
-7.9910049,42.9027476
-7.9910865,42.9027153
-7.9911669,42.9027134
-7.9912799,42.9027335
-7.9914899,42.9028253
-7.9920315,42.9030357
-7.9922096,42.9031463
-7.9924023,42.9032632
-7.9925922,42.9033754
-7.9927647,42.9034973
-7.9929740,42.9036275
-7.9931095,42.9036941
-7.9932903,42.9037513
-7.9936971,42.9038866
-7.9942778,42.9041167
-7.9943536,42.9041365
-7.9944127,42.9041446
-7.9945585,42.9041351
-7.9946232,42.9041334
-7.9946889,42.9041497
-7.9947651,42.9042342
-7.9948137,42.9042735
-7.9950211,42.9044558
-7.9952377,42.9046466
-7.9955923,42.9049528
-7.9958367,42.9052375
-7.9959211,42.9053436
-7.9961301,42.9055788
-7.9963917,42.9060015
-7.9966406,42.9062580
-7.9967446,42.9065546
-7.9968192,42.9069181
-7.9970225,42.9072962
-7.9972413,42.9075924
-7.9975094,42.9078469
-7.9977638,42.9080653
-7.9979478,42.9081686
-7.9981874,42.9081757
-7.9982722,42.9081727
-7.9984134,42.9081583
-7.9985132,42.9081552
-7.9986830,42.9081600
-7.9987692,42.9081690
-7.9987660,42.9082434
-7.9987541,42.9086309
-7.9987554,42.9087360
-7.9987673,42.9087531
-7.9989153,42.9088248
-7.9990017,42.9088858
-7.9990362,42.9089015
-7.9991330,42.9089034
-7.9991586,42.9089124
-7.9992116,42.9089639
-7.9992072,42.9090376
-7.9992093,42.9090469
-7.9992162,42.9090562
-7.9994313,42.9091152
-7.9995787,42.9091576
-7.9996893,42.9092042
-7.9998909,42.9092620
-7.9999479,42.9092740
-8.0000872,42.9092746
-8.0003076,42.9092454
-8.0004397,42.9092312
-8.0005692,42.9092259
-8.0009389,42.9092033
-8.0009757,42.9092208
-8.0009990,42.9092500
-8.0010342,42.9092610
-8.0011217,42.9092612
-8.0012840,42.9092543
-8.0013458,42.9092465
-8.0015632,42.9091841
-8.0018235,42.9090816
-8.0018907,42.9090611
-8.0019683,42.9090533
-8.0021345,42.9090557
-8.0022294,42.9090738
-8.0023967,42.9091278
-8.0025693,42.9092024
-8.0026407,42.9092475
-8.0026895,42.9092861
-8.0027356,42.9093463
-8.0027771,42.9094054
-8.0029316,42.9095411
-8.0031350,42.9097009
-8.0034855,42.9099341
-8.0036343,42.9100254
-8.0042116,42.9103130
-8.0048435,42.9105776
-8.0054846,42.9108326
-8.0067235,42.9113158
-8.0075000,42.9115812
-8.0082600,42.9118548
-8.0083815,42.9118969
-8.0084579,42.9119213
-8.0091941,42.9120038
-8.0094895,42.9120339
-8.0095775,42.9120648
-8.0102564,42.9123310
-8.0109041,42.9126162
-8.0109145,42.9126205
-8.0110262,42.9126689
-8.0110767,42.9127013
-8.0111109,42.9127346
-8.0111623,42.9128168
-8.0112998,42.9129984
-8.0114993,42.9132369
-8.0115603,42.9133466
-8.0118425,42.9133997
-8.0123200,42.9134848
-8.0124488,42.9135066
-8.0125849,42.9135298
-8.0127785,42.9135633
-8.0131035,42.9136194
-8.0133945,42.9136680
-8.0134818,42.9136820
-8.0139021,42.9137569
-8.0144005,42.9138607
-8.0145420,42.9138941
-8.0146134,42.9139109
-8.0146294,42.9139338
-8.0146545,42.9139518
-8.0146861,42.9139630
-8.0148049,42.9140886
-8.0149066,42.9142600
-8.0149953,42.9144057
-8.0150925,42.9143956
-8.0151653,42.9143881
-8.0156614,42.9143158
-8.0157526,42.9143025
-8.0161012,42.9142670
-8.0164064,42.9142337
-8.0165499,42.9142183
-8.0165586,42.9142172
-8.0166114,42.9142089
-8.0171736,42.9141210
-8.0171833,42.9141195
-8.0172916,42.9141000
-8.0175321,42.9140566
-8.0180700,42.9139597
-8.0182410,42.9139225
-8.0187532,42.9138230
-8.0188751,42.9137993
-8.0191202,42.9137398
-8.0191389,42.9137358
-8.0191525,42.9137383
-8.0191637,42.9137444
-8.0191789,42.9137569
-8.0192003,42.9137595
-8.0192978,42.9137326
-8.0197135,42.9135886
-8.0199999,42.9133934
-8.0200258,42.9133746
-8.0200803,42.9133383
-8.0203211,42.9132450
-8.0205624,42.9131216
-8.0209320,42.9129630
-8.0213517,42.9127843
-8.0214368,42.9127510
-8.0214781,42.9127214
-8.0215414,42.9126935
-8.0216429,42.9126726
-8.0217676,42.9126344
-8.0220942,42.9125070
-8.0221359,42.9125036
-8.0221947,42.9125091
-8.0222022,42.9124609
-8.0222118,42.9124079
-8.0222754,42.9124165
-8.0223213,42.9124169
-8.0223813,42.9123985
-8.0224872,42.9123344
-8.0229071,42.9120569
-8.0233735,42.9117503
-8.0238944,42.9114086
-8.0243055,42.9111350
-8.0243560,42.9111693
-8.0244018,42.9112004
-8.0244334,42.9111792
-8.0245036,42.9111354
-8.0246424,42.9111752
-8.0247895,42.9112155
-8.0250826,42.9113289
-8.0252410,42.9113772
-8.0255679,42.9114579
-8.0256375,42.9114956
-8.0257481,42.9115343
-8.0260667,42.9116056
-8.0263708,42.9116507
-8.0265602,42.9117147
-8.0271089,42.9119315
-8.0271658,42.9119524
-8.0272859,42.9119954
-8.0273978,42.9120086
-8.0275258,42.9120175
-8.0278433,42.9120158
-8.0280858,42.9120257
-8.0284630,42.9120750
-8.0286466,42.9120925
-8.0288230,42.9121244
-8.0289651,42.9121532
-8.0291109,42.9121712
-8.0292223,42.9121812
-8.0294226,42.9121840
-8.0297190,42.9121831
-8.0300144,42.9121836
-8.0306029,42.9121880
-8.0306723,42.9121790
-8.0308661,42.9121685
-8.0312489,42.9121130
-8.0314629,42.9120706
-8.0316390,42.9120279
-8.0317173,42.9120127
-8.0318089,42.9120072
-8.0318793,42.9120068
-8.0319658,42.9120089
-8.0322573,42.9120519
-8.0323725,42.9120639
-8.0324877,42.9120628
-8.0325609,42.9120604
-8.0326394,42.9120436
-8.0327271,42.9120088
-8.0327656,42.9120003
-8.0331657,42.9120128
-8.0335084,42.9120206
-8.0336201,42.9120284
-8.0341148,42.9120978
-8.0342988,42.9121363
-8.0351071,42.9123312
-8.0354777,42.9124322
-8.0358998,42.9125487
-8.0360489,42.9125720
-8.0361358,42.9125772
-8.0362904,42.9125654
-8.0365628,42.9125528
-8.0366456,42.9125586
-8.0369355,42.9126067
-8.0369718,42.9126137
-8.0371497,42.9126605
-8.0374357,42.9127540
-8.0375197,42.9127917
-8.0380263,42.9130342
-8.0381757,42.9130892
-8.0384298,42.9131660
-8.0388790,42.9133387
-8.0391304,42.9134752
-8.0393620,42.9136524
-8.0396868,42.9139820
-8.0398793,42.9141532
-8.0400597,42.9143338
-8.0403312,42.9146155
-8.0407648,42.9149691
-8.0411328,42.9151954
-8.0413430,42.9152705
-8.0415296,42.9153101
-8.0417830,42.9153554
-8.0419065,42.9154435
-8.0419952,42.9154903
-8.0421212,42.9156131
-8.0422371,42.9158128
-8.0423629,42.9159975
-8.0424645,42.9161266
-8.0425402,42.9162044
-8.0426141,42.9162561
-8.0426897,42.9162802
-8.0427941,42.9162639
-8.0429755,42.9162706
-8.0431874,42.9162946
-8.0434182,42.9163278
-8.0436062,42.9163091
-8.0437638,42.9163030
-8.0439347,42.9163079
-8.0440907,42.9163488
-8.0444954,42.9163793
-8.0447195,42.9163843
-8.0449727,42.9163539
-8.0453340,42.9163018
-8.0456827,42.9162123
-8.0459926,42.9161213
-8.0462151,42.9160338
-8.0463661,42.9160031
-8.0465132,42.9160071
-8.0467350,42.9160901
-8.0468730,42.9161912
-8.0470750,42.9163427
-8.0472701,42.9164611
-8.0475396,42.9165860
-8.0477388,42.9166709
-8.0478525,42.9167058
-8.0479677,42.9167253
-8.0480749,42.9167378
-8.0481829,42.9167464
-8.0482671,42.9167495
-8.0483324,42.9167434
-8.0483880,42.9167277
-8.0484436,42.9167046
-8.0487236,42.9166041
-8.0488436,42.9165619
-8.0488999,42.9165779
-8.0489079,42.9166221
-8.0489319,42.9166643
-8.0490360,42.9167842
-8.0491701,42.9169190
-8.0493835,42.9170915
-8.0497948,42.9173393
-8.0498788,42.9173968
-8.0501805,42.9174301
-8.0503154,42.9174488
-8.0504618,42.9174753
-8.0509092,42.9175264
-8.0509820,42.9175443
-8.0514350,42.9175982
-8.0516469,42.9176167
-8.0516974,42.9176004
-8.0517648,42.9174362
-8.0519368,42.9171954
-8.0520929,42.9170320
-8.0523284,42.9168922
-8.0525740,42.9168116
-8.0527894,42.9167750
-8.0530599,42.9166750
-8.0533675,42.9165092
-8.0538624,42.9162774
-8.0539819,42.9162229
-8.0547220,42.9159389
-8.0549380,42.9158671
-8.0552903,42.9157641
-8.0560052,42.9156106
-8.0561251,42.9156023
-8.0562894,42.9156009
-8.0564480,42.9155844
-8.0566190,42.9155593
-8.0567232,42.9155152
-8.0569965,42.9154497
-8.0573352,42.9153847
-8.0575121,42.9153748
-8.0577806,42.9153683
-8.0580535,42.9153741
-8.0588257,42.9154341
-8.0589756,42.9154319
-8.0591255,42.9154118
-8.0592599,42.9153744
-8.0595191,42.9154015
-8.0597219,42.9154149
-8.0600502,42.9154744
-8.0606447,42.9156522
-8.0608398,42.9157107
-8.0610851,42.9158050
-8.0613474,42.9158958
-8.0617629,42.9160823
-8.0619493,42.9161711
-8.0620884,42.9162183
-8.0623514,42.9162703
-8.0626857,42.9163494
-8.0632826,42.9164534
-8.0636622,42.9165646
-8.0639878,42.9167639
-8.0640771,42.9168748
-8.0641797,42.9169922
-8.0642979,42.9170420
-8.0645837,42.9169922
-8.0648979,42.9169077
-8.0652953,42.9167773
-8.0655293,42.9166759
-8.0656771,42.9166258
-8.0664482,42.9164398
-8.0666502,42.9164127
-8.0667481,42.9163999
-8.0668515,42.9163951
-8.0670283,42.9163449
-8.0671374,42.9162929
-8.0672195,42.9162567
-8.0673196,42.9162355
-8.0675032,42.9162196
-8.0682694,42.9161405
-8.0686880,42.9160718
-8.0690345,42.9159959
-8.0693743,42.9158705
-8.0694919,42.9158370
-8.0695698,42.9158166
-8.0699326,42.9157532
-8.0700727,42.9157332
-8.0702157,42.9157293
-8.0702235,42.9157303
-8.0703489,42.9157413
-8.0704414,42.9157528
-8.0705894,42.9157820
-8.0707421,42.9157990
-8.0709311,42.9158077
-8.0710415,42.9158091
-8.0711380,42.9158004
-8.0712750,42.9157828
-8.0713869,42.9157684
-8.0715180,42.9157684
-8.0716420,42.9157787
-8.0717883,42.9158070
-8.0718818,42.9158433
-8.0720072,42.9159030
-8.0721139,42.9159408
-8.0722249,42.9159701
-8.0723866,42.9159434
-8.0726714,42.9158656
-8.0727692,42.9158299
-8.0728451,42.9157926
-8.0729225,42.9157446
-8.0734111,42.9155335
-8.0734530,42.9155264
-8.0734883,42.9155190
-8.0735920,42.9155221
-8.0737273,42.9155734
-8.0738213,42.9156241
-8.0739573,42.9157356
-8.0741079,42.9158514
-8.0742194,42.9159143
-8.0743422,42.9159569
-8.0750651,42.9159929
-8.0754823,42.9159960
-8.0758287,42.9160136
-8.0759775,42.9160307
-8.0763246,42.9160738
-8.0763653,42.9160813
-8.0764509,42.9160970
-8.0765592,42.9160885
-8.0766783,42.9161093
-8.0767313,42.9161093
-8.0770792,42.9160976
-8.0772812,42.9161018
-8.0776214,42.9160833
-8.0776523,42.9160816
-8.0779494,42.9160572
-8.0779524,42.9161069
-8.0779559,42.9161643
-8.0779586,42.9162366
-8.0780261,42.9162582
-8.0780236,42.9163566
-8.0780359,42.9163840
-8.0780520,42.9164063
-8.0781706,42.9164277
-8.0782039,42.9164583
-8.0782052,42.9164901
-8.0782269,42.9165166
-8.0786206,42.9166406
-8.0788228,42.9167240
-8.0788880,42.9167614
-8.0789481,42.9168069
-8.0789849,42.9168581
-8.0790127,42.9169115
-8.0790253,42.9169601
-8.0790288,42.9170109
-8.0790489,42.9173103
-8.0790479,42.9173643
-8.0790526,42.9175085
-8.0790708,42.9175677
-8.0791126,42.9176343
-8.0792833,42.9178029
-8.0793440,42.9178502
-8.0794111,42.9178898
-8.0794932,42.9179194
-8.0796768,42.9179726
-8.0800622,42.9180628
-8.0803133,42.9181022
-8.0805795,42.9181829
-8.0808802,42.9182679
-8.0811169,42.9183320
-8.0813794,42.9183367
-8.0816567,42.9183677
-8.0817218,42.9183903
-8.0817421,42.9184242
-8.0817631,42.9184436
-8.0817799,42.9184514
-8.0818084,42.9184469
-8.0820132,42.9183693
-8.0821620,42.9183430
-8.0824109,42.9183515
-8.0827752,42.9184207
-8.0829110,42.9184542
-8.0830791,42.9184650
-8.0832217,42.9184287
-8.0835391,42.9182937
-8.0839385,42.9180573
-8.0841006,42.9179973
-8.0842794,42.9179551
-8.0845133,42.9179820
-8.0849053,42.9180511
-8.0851894,42.9181256
-8.0854751,42.9182145
-8.0856061,42.9182676
-8.0857354,42.9183284
-8.0859009,42.9183880
-8.0859686,42.9184246
-8.0860342,42.9184716
-8.0861125,42.9185092
-8.0861921,42.9185234
-8.0864842,42.9185569
-8.0867250,42.9185952
-8.0869666,42.9186103
-8.0871621,42.9186327
-8.0873080,42.9186578
-8.0874150,42.9186781
-8.0875203,42.9187063
-8.0875692,42.9187084
-8.0876258,42.9187074
-8.0876799,42.9186933
-8.0879422,42.9186069
-8.0881731,42.9185329
-8.0882630,42.9185129
-8.0883490,42.9185136
-8.0886603,42.9185337
-8.0889356,42.9185383
-8.0891331,42.9185306
-8.0892003,42.9185574
-8.0892394,42.9185901
-8.0892339,42.9186768
-8.0891121,42.9188261
-8.0888809,42.9189723
-8.0888167,42.9190216
-8.0888196,42.9190593
-8.0888485,42.9190996
-8.0889257,42.9191579
-8.0890982,42.9192206
-8.0893003,42.9192607
-8.0896011,42.9193203
-8.0899834,42.9194008
-8.0903855,42.9194632
-8.0906902,42.9194832
-8.0907875,42.9194848
-8.0909382,42.9195096
-8.0911331,42.9195990
-8.0912164,42.9196593
-8.0914424,42.9198560
-8.0917133,42.9200309
-8.0922332,42.9203809
-8.0922681,42.9204302
-8.0923294,42.9204438
-8.0923720,42.9204619
-8.0924225,42.9205012
-8.0924734,42.9205560
-8.0925243,42.9206325
-8.0926259,42.9208141
-8.0927612,42.9211182
-8.0930079,42.9217270
-8.0930714,42.9218755
-8.0931918,42.9220904
-8.0934459,42.9224599
-8.0941624,42.9233244
-8.0944837,42.9236981
-8.0946719,42.9238775
-8.0948437,42.9239958
-8.0950306,42.9241148
-8.0952652,42.9242285
-8.0954662,42.9242990
-8.0961559,42.9244853
-8.0972704,42.9247764
-8.0975889,42.9246449
-8.0977641,42.9246008
-8.0979466,42.9245681
-8.0981992,42.9245547
-8.0982992,42.9245494
-8.0986051,42.9245725
-8.0987862,42.9246176
-8.0989415,42.9246808
-8.0989870,42.9246943
-8.0990362,42.9247037
-8.0990859,42.9247137
-8.0991374,42.9247168
-8.0992419,42.9247117
-8.0994508,42.9246835
-8.0995876,42.9246675
-8.0998119,42.9246529
-8.1013712,42.9246428
-8.1015790,42.9246515
-8.1016768,42.9246649
-8.1017652,42.9246878
-8.1021994,42.9248116
-8.1026202,42.9249516
-8.1029632,42.9250585
-8.1032768,42.9251460
-8.1034170,42.9251972
-8.1035535,42.9252552
-8.1036166,42.9252891
-8.1036722,42.9253291
-8.1037702,42.9254067
-8.1038874,42.9255311
-8.1040009,42.9256637
-8.1040776,42.9257794
-8.1041358,42.9258952
-8.1041694,42.9260164
-8.1041862,42.9261465
-8.1042104,42.9264690
-8.1041913,42.9266250
-8.1041392,42.9267311
-8.1042495,42.9267057
-8.1044152,42.9267046
-8.1045135,42.9267186
-8.1045791,42.9267280
-8.1047519,42.9267682
-8.1048301,42.9267863
-8.1072662,42.9274822
-8.1078188,42.9276439
-8.1087263,42.9278904
-8.1094700,42.9281083
-8.1095724,42.9281277
-8.1096767,42.9281389
-8.1097859,42.9281435
-8.1098676,42.9281470
-8.1099187,42.9281456
-8.1100026,42.9281437
-8.1100755,42.9281392
-8.1104561,42.9281159
-8.1107219,42.9281108
-8.1108419,42.9280997
-8.1109646,42.9280689
-8.1114382,42.9278430
-8.1117472,42.9276505
-8.1119079,42.9275281
-8.1123441,42.9272359
-8.1125114,42.9271046
-8.1125562,42.9270957
-8.1125937,42.9270961
-8.1126292,42.9271087
-8.1126777,42.9272097
-8.1127797,42.9273214
-8.1129135,42.9274014
-8.1129805,42.9274732
-8.1130111,42.9275253
-8.1130250,42.9276102
-8.1129978,42.9277517
-8.1129997,42.9278128
-8.1130454,42.9278759
-8.1131654,42.9279705
-8.1132528,42.9280530
-8.1135557,42.9283724
-8.1136817,42.9284680
-8.1137704,42.9285200
-8.1140295,42.9286219
-8.1142584,42.9286749
-8.1146512,42.9287507
-8.1161566,42.9290519
-8.1176675,42.9293033
-8.1183016,42.9294143
-8.1185887,42.9294582
-8.1190162,42.9295047
-8.1192192,42.9295067
-8.1194524,42.9294885
-8.1195351,42.9294907
-8.1196160,42.9294998
-8.1196919,42.9295171
-8.1197735,42.9295249
-8.1200302,42.9295191
-8.1200824,42.9295177
-8.1201244,42.9294938
-8.1201915,42.9294255
-8.1202118,42.9293969
-8.1202421,42.9293874
-8.1202699,42.9293921
-8.1204615,42.9295559
-8.1205392,42.9296001
-8.1205757,42.9296150
-8.1206732,42.9296520
-8.1207410,42.9296671
-8.1209616,42.9297144
-8.1214632,42.9298424
-8.1218933,42.9299178
-8.1221581,42.9299349
-8.1223985,42.9299846
-8.1226481,42.9300748
-8.1228504,42.9301399
-8.1228971,42.9301494
-8.1229567,42.9301510
-8.1231298,42.9301242
-8.1233616,42.9301082
-8.1235341,42.9300995
-8.1239160,42.9301048
-8.1240158,42.9301067
-8.1241165,42.9301151
-8.1250205,42.9302359
-8.1250862,42.9302541
-8.1251498,42.9302775
-8.1257296,42.9305807
-8.1260848,42.9307501
-8.1263281,42.9308661
-8.1265178,42.9309130
-8.1270363,42.9310139
-8.1272846,42.9310361
-8.1275238,42.9310450
-8.1276558,42.9310447
-8.1277898,42.9310401
-8.1278178,42.9310372
-8.1282351,42.9309946
-8.1286118,42.9309591
-8.1289835,42.9309573
-8.1291104,42.9309616
-8.1292131,42.9309824
-8.1293588,42.9310175
-8.1294457,42.9310418
-8.1295395,42.9310514
-8.1296152,42.9310413
-8.1296909,42.9310201
-8.1301437,42.9308783
-8.1303048,42.9308082
-8.1304059,42.9307635
-8.1304812,42.9307191
-8.1306610,42.9306496
-8.1310849,42.9305052
-8.1311756,42.9304766
-8.1312591,42.9304599
-8.1315369,42.9304508
-8.1317223,42.9304506
-8.1318543,42.9304644
-8.1322948,42.9305315
-8.1323179,42.9305350
-8.1331118,42.9306902
-8.1346252,42.9309884
-8.1348251,42.9308095
-8.1352143,42.9305232
-8.1352320,42.9304616
-8.1352460,42.9303082
-8.1352374,42.9300078
-8.1352399,42.9299249
-8.1352511,42.9298666
-8.1352640,42.9298155
-8.1353710,42.9295668
-8.1354927,42.9293302
-8.1355644,42.9292212
-8.1356253,42.9291938
-8.1356573,42.9291910
-8.1356910,42.9291953
-8.1358566,42.9292577
-8.1359099,42.9292616
-8.1359489,42.9292479
-8.1359813,42.9292198
-8.1362972,42.9288663
-8.1363453,42.9288482
-8.1363917,42.9288699
-8.1363802,42.9289128
-8.1362201,42.9295074
-8.1361408,42.9298729
-8.1361363,42.9299871
-8.1361360,42.9300658
-8.1361536,42.9302357
-8.1361900,42.9303651
-8.1362406,42.9304606
-8.1363380,42.9305824
-8.1364594,42.9306558
-8.1366121,42.9307189
-8.1368850,42.9307828
-8.1374608,42.9308939
-8.1376964,42.9309235
-8.1379394,42.9309281
-8.1396969,42.9307879
-8.1399285,42.9307559
-8.1400255,42.9307345
-8.1401280,42.9307091
-8.1403557,42.9306286
-8.1405520,42.9305391
-8.1407218,42.9304471
-8.1407209,42.9303991
-8.1408019,42.9303590
-8.1409868,42.9302708
-8.1412253,42.9301656
-8.1415470,42.9300349
-8.1416632,42.9300038
-8.1417903,42.9299803
-8.1419816,42.9299462
-8.1420603,42.9299360
-8.1424134,42.9299191
-8.1434545,42.9299324
-8.1445592,42.9299418
-8.1475553,42.9299585
-8.1479637,42.9299661
-8.1482109,42.9299814
-8.1496647,42.9300036
-8.1497217,42.9299804
-8.1497954,42.9299788
-8.1498704,42.9299828
-8.1499328,42.9300319
-8.1501908,42.9300391
-8.1507016,42.9300526
-8.1513212,42.9300545
-8.1516178,42.9300507
-8.1518881,42.9300275
-8.1520417,42.9300063
-8.1523141,42.9299785
-8.1525842,42.9299449
-8.1528996,42.9298927
-8.1531041,42.9298470
-8.1534220,42.9297668
-8.1537201,42.9296709
-8.1537930,42.9296477
-8.1538868,42.9296178
-8.1539621,42.9295718
-8.1547960,42.9292661
-8.1548635,42.9292634
-8.1558991,42.9288602
-8.1566144,42.9285937
-8.1566894,42.9285762
-8.1567650,42.9285586
-8.1568170,42.9285381
-8.1573080,42.9283440
-8.1577050,42.9281961
-8.1577581,42.9281799
-8.1578215,42.9281606
-8.1578698,42.9281425
-8.1584044,42.9279421
-8.1588888,42.9277577
-8.1591768,42.9276547
-8.1594016,42.9275743
-8.1595709,42.9275214
-8.1596336,42.9275001
-8.1596816,42.9274853
-8.1597262,42.9274714
-8.1602571,42.9272870
-8.1603036,42.9272539
-8.1603230,42.9272123
-8.1603902,42.9271660
-8.1604544,42.9271396
-8.1611375,42.9268591
-8.1612207,42.9268236
-8.1615689,42.9266748
-8.1616033,42.9266629
-8.1619928,42.9265160
-8.1621124,42.9264748
-8.1624235,42.9263768
-8.1625128,42.9263589
-8.1628648,42.9262792
-8.1630401,42.9262470
-8.1632100,42.9262224
-8.1633387,42.9262149
-8.1634342,42.9262151
-8.1638330,42.9262235
-8.1640866,42.9262249
-8.1642143,42.9262255
-8.1643970,42.9262265
-8.1644407,42.9262267
-8.1646964,42.9262281
-8.1647309,42.9262449
-8.1649264,42.9263401
-8.1649814,42.9263334
-8.1651059,42.9263182
-8.1653149,42.9262926
-8.1655132,42.9263072
-8.1656879,42.9263601
-8.1658302,42.9264176
-8.1659152,42.9264520
-8.1661939,42.9265874
-8.1665561,42.9267090
-8.1668163,42.9267754
-8.1671095,42.9268067
-8.1674666,42.9267961
-8.1677273,42.9267876
-8.1679775,42.9267836
-8.1684595,42.9268733
-8.1690055,42.9269794
-8.1694560,42.9270745
-8.1696769,42.9271212
-8.1698996,42.9271595
-8.1700404,42.9271605
-8.1701999,42.9271311
-8.1703698,42.9270897
-8.1705919,42.9270466
-8.1710251,42.9270106
-8.1715053,42.9270328
-8.1718033,42.9270840
-8.1725511,42.9272890
-8.1726010,42.9273041
-8.1727546,42.9273507
-8.1730498,42.9274122
-8.1732692,42.9274829
-8.1734358,42.9275012
-8.1735167,42.9274808
-8.1736421,42.9274491
-8.1738460,42.9273594
-8.1740084,42.9271745
-8.1740627,42.9270941
-8.1741045,42.9269364
-8.1741474,42.9266927
-8.1741877,42.9265848
-8.1742429,42.9264992
-8.1744599,42.9263566
-8.1747759,42.9262282
-8.1755615,42.9259350
-8.1760651,42.9257366
-8.1765938,42.9255596
-8.1772550,42.9253463
-8.1773830,42.9253140
-8.1775796,42.9253043
-8.1783336,42.9252683
-8.1787771,42.9252614
-8.1791468,42.9252822
-8.1793238,42.9253076
-8.1797158,42.9254281
-8.1800801,42.9255716
-8.1801443,42.9256169
-8.1802335,42.9256253
-8.1803258,42.9255950
-8.1803949,42.9255368
-8.1804427,42.9253818
-8.1804569,42.9251693
-8.1804954,42.9250022
-8.1805953,42.9248864
-8.1808408,42.9247810
-8.1810890,42.9247296
-8.1811684,42.9247166
-8.1812639,42.9247009
-8.1813259,42.9246907
-8.1818992,42.9246327
-8.1823283,42.9245801
-8.1825402,42.9245663
-8.1827402,42.9245444
-8.1829730,42.9244457
-8.1832211,42.9243179
-8.1833934,42.9242507
-8.1836840,42.9242239
-8.1840255,42.9242358
-8.1843367,42.9241707
-8.1845523,42.9240505
-8.1846633,42.9239874
-8.1847199,42.9238709
-8.1848141,42.9236688
-8.1848816,42.9234521
-8.1849624,42.9231585
-8.1850176,42.9230216
-8.1850493,42.9229593
-8.1850943,42.9228989
-8.1851428,42.9228363
-8.1852072,42.9227795
-8.1852636,42.9227512
-8.1853101,42.9227302
-8.1854872,42.9226505
-8.1856247,42.9226158
-8.1857316,42.9226198
-8.1858325,42.9226433
-8.1860706,42.9226747
-8.1862856,42.9226811
-8.1865918,42.9226298
-8.1868514,42.9225864
-8.1869186,42.9225917
-8.1869825,42.9226076
-8.1870934,42.9226835
-8.1872025,42.9227277
-8.1873965,42.9227637
-8.1876360,42.9227712
-8.1877824,42.9227885
-8.1878640,42.9228306
-8.1879633,42.9229800
-8.1879911,42.9230146
-8.1880269,42.9230395
-8.1880988,42.9230717
-8.1882844,42.9231718
-8.1883152,42.9231795
-8.1883487,42.9231579
-8.1884529,42.9230570
-8.1885357,42.9230195
-8.1885724,42.9230184
-8.1886038,42.9230328
-8.1887129,42.9232538
-8.1893250,42.9246230
-8.1899186,42.9259510
-8.1900077,42.9260702
-8.1900758,42.9261279
-8.1901776,42.9261633
-8.1903417,42.9261726
-8.1909815,42.9261638
-8.1916213,42.9261611
-8.1926985,42.9261482
-8.1928939,42.9261486
-8.1939542,42.9264268
-8.1940470,42.9264522
-8.1941482,42.9264735
-8.1944108,42.9265305
-8.1946074,42.9265617
-8.1948180,42.9265786
-8.1949129,42.9266067
-8.1949853,42.9266635
-8.1950543,42.9266796
-8.1951954,42.9266717
-8.1957460,42.9265914
-8.1958774,42.9266074
-8.1960131,42.9265818
-8.1962188,42.9264728
-8.1964859,42.9262933
-8.1968448,42.9261330
-8.1975934,42.9259118
-8.1978087,42.9258897
-8.1979597,42.9259248
-8.1980389,42.9260045
-8.1982454,42.9261871
-8.1985839,42.9263973
-8.1987994,42.9265814
-8.1990317,42.9268190
-8.1993356,42.9270632
-8.1999027,42.9272936
-8.2008470,42.9276638
-8.2009664,42.9277028
-8.2010232,42.9276995
-8.2011221,42.9276489
-8.2013003,42.9276320
-8.2014488,42.9276676
-8.2016801,42.9277562
-8.2017927,42.9277930
-8.2019053,42.9278215
-8.2020707,42.9278293
-8.2022248,42.9278247
-8.2026692,42.9277513
-8.2033372,42.9276186
-8.2037189,42.9275340
-8.2040446,42.9274853
-8.2044095,42.9274631
-8.2050847,42.9274622
-8.2055323,42.9274401
-8.2060364,42.9274758
-8.2062389,42.9275107
-8.2065624,42.9275135
-8.2068511,42.9275300
-8.2071103,42.9275715
-8.2073751,42.9275904
-8.2077712,42.9275758
-8.2078490,42.9275559
-8.2079562,42.9275935
-8.2083660,42.9277621
-8.2089269,42.9280375
-8.2096387,42.9283356
-8.2101840,42.9285183
-8.2105182,42.9285910
-8.2108659,42.9286427
-8.2120734,42.9287189
-8.2133583,42.9287932
-8.2136547,42.9288010
-8.2140187,42.9287643
-8.2141584,42.9287299
-8.2143098,42.9286776
-8.2148746,42.9283647
-8.2150910,42.9282939
-8.2155200,42.9281062
-8.2158261,42.9279861
-8.2163003,42.9278114
-8.2167978,42.9276188
-8.2171083,42.9275068
-8.2174705,42.9273602
-8.2176807,42.9272752
-8.2178271,42.9272152
-8.2178908,42.9271875
-8.2179568,42.9271396
-8.2180055,42.9270678
-8.2180339,42.9269900
-8.2185967,42.9268666
-8.2196015,42.9265929
-8.2217228,42.9259937
-8.2220366,42.9259049
-8.2222349,42.9258867
-8.2223168,42.9258792
-8.2225741,42.9258935
-8.2227840,42.9259046
-8.2228539,42.9259015
-8.2229072,42.9258991
-8.2230514,42.9258640
-8.2231514,42.9258294
-8.2238907,42.9255735
-8.2240630,42.9255194
-8.2244967,42.9252864
-8.2247281,42.9251894
-8.2252277,42.9250054
-8.2257791,42.9247864
-8.2260980,42.9246512
-8.2263824,42.9245244
-8.2265271,42.9244003
-8.2267409,42.9241909
-8.2269269,42.9240129
-8.2272358,42.9238438
-8.2278410,42.9235404
-8.2281217,42.9234265
-8.2283343,42.9233222
-8.2287472,42.9229733
-8.2290078,42.9228328
-8.2292394,42.9227242
-8.2293864,42.9226723
-8.2298112,42.9225488
-8.2300642,42.9224594
-8.2303013,42.9223583
-8.2306960,42.9222269
-8.2309632,42.9221520
-8.2314096,42.9220199
-8.2319045,42.9218246
-8.2324916,42.9215715
-8.2330830,42.9212971
-8.2334702,42.9210897
-8.2336285,42.9209952
-8.2339881,42.9208647
-8.2342320,42.9208351
-8.2343712,42.9208311
-8.2344949,42.9208015
-8.2346266,42.9207952
-8.2351824,42.9205587
-8.2356232,42.9203854
-8.2359645,42.9203793
-8.2362807,42.9203872
-8.2364441,42.9203786
-8.2367001,42.9203782
-8.2369975,42.9203757
-8.2371161,42.9203511
-8.2372553,42.9202672
-8.2374223,42.9200977
-8.2375117,42.9199356
-8.2376359,42.9198154
-8.2377290,42.9197649
-8.2390434,42.9192331
-8.2396774,42.9189335
-8.2398778,42.9188016
-8.2400553,42.9186338
-8.2403157,42.9184051
-8.2403253,42.9183652
-8.2403388,42.9183268
-8.2403680,42.9182861
-8.2403993,42.9182468
-8.2405430,42.9181338
-8.2406005,42.9181113
-8.2407965,42.9180504
-8.2409800,42.9180044
-8.2413185,42.9178569
-8.2414842,42.9177745
-8.2415675,42.9177312
-8.2418210,42.9177503
-8.2419783,42.9178156
-8.2420873,42.9178547
-8.2421597,42.9178569
-8.2422743,42.9178632
-8.2425463,42.9179674
-8.2426978,42.9180167
-8.2429495,42.9180963
-8.2429922,42.9181468
-8.2430629,42.9181838
-8.2431863,42.9182320
-8.2432325,42.9182440
-8.2433029,42.9182244
-8.2433676,42.9181628
-8.2434376,42.9179771
-8.2434750,42.9179240
-8.2435135,42.9179106
-8.2435579,42.9178842
-8.2436000,42.9178480
-8.2436480,42.9177620
-8.2436716,42.9176528
-8.2437152,42.9176393
-8.2438467,42.9176357
-8.2440033,42.9176395
-8.2441073,42.9176382
-8.2443005,42.9176013
-8.2443874,42.9175891
-8.2444688,42.9175857
-8.2444935,42.9176173
-8.2446431,42.9176162
-8.2446633,42.9176341
-8.2446723,42.9176892
-8.2447076,42.9177622
-8.2447170,42.9177849
-8.2447362,42.9178085
-8.2448027,42.9178081
-8.2450345,42.9178139
-8.2451267,42.9178066
-8.2452895,42.9177825
-8.2453953,42.9177792
-8.2455414,42.9177586
-8.2456925,42.9177507
-8.2459086,42.9177974
-8.2461429,42.9178852
-8.2462426,42.9179179
-8.2463249,42.9179371
-8.2465222,42.9179722
-8.2472489,42.9180692
-8.2478344,42.9181685
-8.2479731,42.9181898
-8.2480837,42.9182038
-8.2489937,42.9184153
-8.2492377,42.9184625
-8.2497190,42.9185260
-8.2501810,42.9186080
-8.2505342,42.9186830
-8.2508632,42.9187438
-8.2509421,42.9187672
-8.2512978,42.9189265
-8.2517706,42.9191539
-8.2518455,42.9192101
-8.2519169,42.9192676
-8.2520264,42.9193200
-8.2521071,42.9193448
-8.2521867,42.9193676
-8.2522610,42.9193996
-8.2524154,42.9194901
-8.2526806,42.9196175
-8.2528161,42.9197069
-8.2528758,42.9197884
-8.2529266,42.9198738
-8.2530507,42.9201350
-8.2532191,42.9203863
-8.2533170,42.9205231
-8.2534080,42.9206023
-8.2539340,42.9210007
-8.2541302,42.9211560
-8.2542555,42.9211699
-8.2553225,42.9215868
-8.2556673,42.9217125
-8.2559977,42.9218514
-8.2560638,42.9218803
-8.2567426,42.9222152
-8.2568519,42.9222534
-8.2569390,42.9222767
-8.2570260,42.9222921
-8.2573030,42.9223249
-8.2576825,42.9223726
-8.2581536,42.9224152
-8.2588188,42.9224167
-8.2588459,42.9223137
-8.2591113,42.9223004
-8.2593223,42.9223060
-8.2601408,42.9222922
-8.2610484,42.9224199
-8.2613153,42.9224501
-8.2615970,42.9224781
-8.2617521,42.9225192
-8.2618570,42.9226106
-8.2620172,42.9227437
-8.2622371,42.9228312
-8.2629801,42.9229944
-8.2632806,42.9230818
-8.2641023,42.9232825
-8.2645395,42.9233950
-8.2649065,42.9234901
-8.2650022,42.9235266
-8.2650817,42.9235763
-8.2651353,42.9235816
-8.2653142,42.9235918
-8.2658703,42.9235840
-8.2664079,42.9234633
-8.2667905,42.9234661
-8.2670222,42.9235173
-8.2672368,42.9235855
-8.2675110,42.9236760
-8.2677742,42.9238619
-8.2683260,42.9242722
-8.2686359,42.9246854
-8.2687049,42.9247458
-8.2690135,42.9248928
-8.2696744,42.9250122
-8.2707640,42.9251979
-8.2715149,42.9252914
-8.2722108,42.9254394
-8.2723747,42.9254587
-8.2725278,42.9254899
-8.2728536,42.9255778
-8.2731435,42.9256369
-8.2735610,42.9257017
-8.2737103,42.9257352
-8.2738652,42.9257901
-8.2740199,42.9258552
-8.2741479,42.9259333
-8.2742139,42.9260158
-8.2742572,42.9260712
-8.2743245,42.9260959
-8.2744977,42.9261510
-8.2746672,42.9262058
-8.2748506,42.9262584
-8.2751243,42.9263199
-8.2752077,42.9263654
-8.2752498,42.9263740
-8.2753186,42.9263827
-8.2755261,42.9264249
-8.2756168,42.9264289
-8.2757182,42.9264250
-8.2761804,42.9264581
-8.2762911,42.9264582
-8.2765815,42.9264728
-8.2768218,42.9264714
-8.2769094,42.9264629
-8.2769916,42.9264413
-8.2772243,42.9263885
-8.2774762,42.9263512
-8.2775675,42.9263166
-8.2776432,42.9262307
-8.2795495,42.9264284
-8.2799689,42.9264396
-8.2802915,42.9264233
-8.2803604,42.9264186
-8.2804813,42.9264021
-8.2807763,42.9263473
-8.2810135,42.9262913
-8.2815178,42.9261387
-8.2819985,42.9259513
-8.2826919,42.9256435
-8.2827334,42.9256325
-8.2828675,42.9256031
-8.2836841,42.9254152
-8.2838225,42.9254048
-8.2838810,42.9254065
-8.2840617,42.9254268
-8.2843870,42.9254766
-8.2844714,42.9254872
-8.2845676,42.9254783
-8.2852147,42.9253375
-8.2859065,42.9252128
-8.2861733,42.9251619
-8.2863852,42.9251482
-8.2867868,42.9251832
-8.2869182,42.9251944
-8.2871084,42.9251609
-8.2874747,42.9250847
-8.2879284,42.9249906
-8.2883465,42.9248718
-8.2885403,42.9248042
-8.2886131,42.9247769
-8.2891846,42.9244953
-8.2893687,42.9244605
-8.2896444,42.9243899
-8.2899990,42.9242886
-8.2903647,42.9241909
-8.2903240,42.9240983
-8.2904059,42.9240743
-8.2904552,42.9239922
-8.2909377,42.9236805
-8.2912732,42.9235098
-8.2917266,42.9232337
-8.2922547,42.9231084
-8.2924953,42.9230025
-8.2928208,42.9228254
-8.2930651,42.9227300
-8.2933066,42.9226354
-8.2936295,42.9225363
-8.2938743,42.9224246
-8.2942310,42.9222295
-8.2945565,42.9220941
-8.2947030,42.9220124
-8.2952233,42.9216447
-8.2954775,42.9215383
-8.2959131,42.9214187
-8.2960642,42.9213506
-8.2965727,42.9209135
-8.2968952,42.9206472
-8.2972990,42.9204298
-8.2976764,42.9203716
-8.2977949,42.9203375
-8.2981714,42.9202831
-8.2982420,42.9202537
-8.2982849,42.9202366
-8.2986709,42.9202613
-8.2987769,42.9202458
-8.2988761,42.9202118
-8.2989724,42.9201719
-8.2991983,42.9199704
-8.2993820,42.9197819
-8.2996254,42.9195097
-8.2999006,42.9193358
-8.3002232,42.9192172
-8.3007109,42.9191139
-8.3007758,42.9190774
-8.3011080,42.9188269
-8.3011452,42.9188433
-8.3011756,42.9188625
-8.3013236,42.9189558
-8.3014922,42.9189812
-8.3017035,42.9190588
-8.3028038,42.9192284
-8.3031063,42.9192750
-8.3032974,42.9192926
-8.3034673,42.9193041
-8.3036372,42.9193039
-8.3037084,42.9192975
-8.3038300,42.9192536
-8.3039590,42.9192368
-8.3040703,42.9192265
-8.3041878,42.9192117
-8.3046041,42.9191494
-8.3051710,42.9190651
-8.3052715,42.9188110
-8.3054434,42.9188244
-8.3055103,42.9188264
-8.3055854,42.9188484
-8.3056593,42.9189358
-8.3057301,42.9189814
-8.3057866,42.9189950
-8.3059487,42.9189778
-8.3061214,42.9189845
-8.3062580,42.9189933
-8.3064456,42.9190012
-8.3067326,42.9190154
-8.3067954,42.9190168
-8.3068542,42.9190078
-8.3072683,42.9187809
-8.3077566,42.9184986
-8.3078551,42.9184766
-8.3080914,42.9184358
-8.3083942,42.9184005
-8.3085071,42.9183983
-8.3086139,42.9184229
-8.3088194,42.9184888
-8.3088890,42.9184517
-8.3090866,42.9183703
-8.3091534,42.9183483
-8.3095089,42.9183543
-8.3098429,42.9183502
-8.3100988,42.9183928
-8.3104855,42.9183555
-8.3106871,42.9183222
-8.3106744,42.9182157
-8.3106129,42.9180049
-8.3104543,42.9174900
-8.3116736,42.9173559
-8.3124133,42.9172820
-8.3140866,42.9171148
-8.3154651,42.9169816
-8.3154924,42.9168985
-8.3155124,42.9168397
-8.3155706,42.9168065
-8.3156203,42.9167948
-8.3160384,42.9167243
-8.3166355,42.9166236
-8.3167306,42.9166072
-8.3173456,42.9165008
-8.3177706,42.9164328
-8.3179248,42.9164105
-8.3183505,42.9163381
-8.3184326,42.9163197
-8.3185370,42.9162884
-8.3197267,42.9158211
-8.3204968,42.9155613
-8.3210191,42.9154465
-8.3212328,42.9154020
-8.3214688,42.9153621
-8.3218318,42.9153210
-8.3223565,42.9152811
-8.3225627,42.9152728
-8.3233843,42.9152915
-8.3234897,42.9152953
-8.3237634,42.9153378
-8.3237460,42.9154201
-8.3237246,42.9154802
-8.3237075,42.9155395
-8.3235825,42.9157098
-8.3234510,42.9158984
-8.3234215,42.9159492
-8.3234014,42.9160022
-8.3234089,42.9162738
-8.3234135,42.9165591
-8.3239078,42.9164745
-8.3242619,42.9164250
-8.3246789,42.9163663
-8.3249949,42.9163728
-8.3253956,42.9163416
-8.3257763,42.9163988
-8.3262539,42.9165381
-8.3268788,42.9165659
-8.3271072,42.9166257
-8.3272411,42.9166772
-8.3273986,42.9167212
-8.3276414,42.9168032
-8.3278727,42.9168749
-8.3280232,42.9169315
-8.3281908,42.9169759
-8.3284000,42.9170113
-8.3285254,42.9170170
-8.3287228,42.9170675
-8.3288508,42.9170979
-8.3289428,42.9171284
-8.3293726,42.9172622
-8.3300398,42.9173868
-8.3301472,42.9174041
-8.3301945,42.9174240
-8.3302527,42.9174320
-8.3304260,42.9174851
-8.3304767,42.9174909
-8.3304902,42.9174254
-8.3305392,42.9172604
-8.3305537,42.9172399
-8.3306120,42.9171576
-8.3307312,42.9170778
-8.3307952,42.9170196
-8.3308643,42.9168829
-8.3310545,42.9167677
-8.3313427,42.9167595
-8.3316113,42.9167961
-8.3319985,42.9169242
-8.3324088,42.9171598
-8.3328092,42.9174034
-8.3329433,42.9174830
-8.3333700,42.9177320
-8.3334322,42.9178272
-8.3335280,42.9178399
-8.3336984,42.9179180
-8.3338645,42.9179918
-8.3340101,42.9180439
-8.3341817,42.9180861
-8.3345377,42.9181424
-8.3347365,42.9181616
-8.3356786,42.9182765
-8.3358546,42.9182920
-8.3359758,42.9183037
-8.3361609,42.9183163
-8.3364880,42.9183451
-8.3371794,42.9184151
-8.3375647,42.9184436
-8.3381514,42.9184845
-8.3384024,42.9184840
-8.3386919,42.9184393
-8.3388017,42.9184259
-8.3389241,42.9184006
-8.3390248,42.9183808
-8.3391255,42.9183570
-8.3393589,42.9182781
-8.3397087,42.9182215
-8.3399968,42.9181270
-8.3405291,42.9179846
-8.3409784,42.9178540
-8.3411736,42.9177768
-8.3412574,42.9177530
-8.3414132,42.9177372
-8.3415521,42.9177077
-8.3418370,42.9175986
-8.3421175,42.9174825
-8.3423142,42.9174220
-8.3425234,42.9173523
-8.3428597,42.9172356
-8.3430713,42.9171471
-8.3432025,42.9170486
-8.3432719,42.9169751
-8.3432966,42.9168621
-8.3432189,42.9166187
-8.3432414,42.9165815
-8.3433382,42.9165380
-8.3434166,42.9165209
-8.3435120,42.9165150
-8.3436960,42.9165334
-8.3437860,42.9165433
-8.3438266,42.9165344
-8.3438682,42.9165136
-8.3439028,42.9163485
-8.3439459,42.9163270
-8.3439925,42.9163134
-8.3441725,42.9162865
-8.3442302,42.9162819
-8.3443179,42.9163068
-8.3449893,42.9161127
-8.3451469,42.9160678
-8.3454058,42.9159938
-8.3454490,42.9159744
-8.3457876,42.9157870
-8.3458977,42.9157054
-8.3462812,42.9155792
-8.3465758,42.9154117
-8.3467788,42.9152863
-8.3471389,42.9150690
-8.3474303,42.9148878
-8.3478777,42.9146435
-8.3482177,42.9145595
-8.3488578,42.9143528
-8.3489517,42.9143249
-8.3490191,42.9143275
-8.3490829,42.9143459
-8.3491912,42.9144285
-8.3494145,42.9146387
-8.3494992,42.9147097
-8.3497164,42.9146984
-8.3498090,42.9147292
-8.3500964,42.9146742
-8.3501041,42.9146405
-8.3501574,42.9146115
-8.3503791,42.9145373
-8.3504398,42.9145201
-8.3508812,42.9143961
-8.3513052,42.9142593
-8.3515582,42.9141672
-8.3520687,42.9139922
-8.3522622,42.9139177
-8.3526818,42.9137479
-8.3528305,42.9136847
-8.3529675,42.9136209
-8.3530480,42.9135602
-8.3536865,42.9129782
-8.3538539,42.9129226
-8.3543128,42.9127720
-8.3552866,42.9125176
-8.3553934,42.9124787
-8.3555246,42.9124648
-8.3561166,42.9124685
-8.3565987,42.9124643
-8.3568018,42.9124429
-8.3571014,42.9123672
-8.3573736,42.9122718
-8.3575014,42.9122914
-8.3575587,42.9122986
-8.3576567,42.9120408
-8.3582923,42.9116216
-8.3588984,42.9112566
-8.3593779,42.9109928
-8.3597262,42.9107703
-8.3600158,42.9105796
-8.3603413,42.9104190
-8.3604890,42.9103455
-8.3605289,42.9103521
-8.3605747,42.9103521
-8.3606058,42.9103338
-8.3606309,42.9103046
-8.3607904,42.9102311
-8.3611173,42.9101087
-8.3615943,42.9099801
-8.3618967,42.9099144
-8.3621725,42.9098293
-8.3625265,42.9097201
-8.3628547,42.9095586
-8.3630958,42.9094265
-8.3632730,42.9092974
-8.3634094,42.9092050
-8.3635572,42.9091389
-8.3636749,42.9090846
-8.3636995,42.9090476
-8.3636771,42.9089832
-8.3635424,42.9088208
-8.3634566,42.9087726
-8.3632455,42.9087025
-8.3632227,42.9086696
-8.3632146,42.9086346
-8.3633500,42.9082950
-8.3633627,42.9082326
-8.3633840,42.9081507
-8.3635598,42.9077218
-8.3636183,42.9076222
-8.3637049,42.9075064
-8.3640446,42.9071901
-8.3641898,42.9073249
-8.3642121,42.9073456
-8.3643337,42.9074423
-8.3644836,42.9075511
-8.3646335,42.9076598
-8.3647736,42.9077590
-8.3648513,42.9078140
-8.3649290,42.9078691
-8.3650496,42.9079553
-8.3653343,42.9081589
-8.3654162,42.9082275
-8.3654782,42.9082866
-8.3655280,42.9083439
-8.3660378,42.9081686
-8.3663085,42.9080760
-8.3666994,42.9079754
-8.3674995,42.9076399
-8.3680018,42.9074240
-8.3686767,42.9072716
-8.3688852,42.9072161
-8.3693396,42.9069767
-8.3696801,42.9068666
-8.3701342,42.9066516
-8.3702005,42.9066459
-8.3702988,42.9065582
-8.3703790,42.9064008
-8.3704273,42.9063354
-8.3705224,42.9062621
-8.3705731,42.9062650
-8.3706154,42.9062833
-8.3707458,42.9063526
-8.3708943,42.9064249
-8.3710019,42.9064752
-8.3711080,42.9064123
-8.3713859,42.9061760
-8.3715193,42.9060996
-8.3716765,42.9059590
-8.3717651,42.9058262
-8.3718225,42.9057753
-8.3718803,42.9057546
-8.3719585,42.9057598
-8.3720501,42.9058061
-8.3723093,42.9060224
-8.3724074,42.9061090
-8.3724369,42.9061277
-8.3724628,42.9061355
-8.3725688,42.9061185
-8.3727598,42.9060761
-8.3730023,42.9060277
-8.3732092,42.9059854
-8.3734308,42.9059411
-8.3737698,42.9058039
-8.3740684,42.9057243
-8.3744849,42.9055325
-8.3747501,42.9052995
-8.3750338,42.9050122
-8.3754444,42.9046019
-8.3758565,42.9042440
-8.3762845,42.9040716
-8.3766250,42.9039656
-8.3774152,42.9037822
-8.3784591,42.9036529
-8.3791341,42.9036032
-8.3797059,42.9035926
-8.3804578,42.9036832
-8.3811646,42.9037585
-8.3813237,42.9037563
-8.3815613,42.9036951
-8.3815719,42.9036428
-8.3815896,42.9035837
-8.3816346,42.9035446
-8.3820305,42.9036529
-8.3836277,42.9041019
-8.3843908,42.9043145
-8.3846880,42.9044094
-8.3849457,42.9045265
-8.3852921,42.9046561
-8.3856032,42.9047638
-8.3858780,42.9048374
-8.3861008,42.9048389
-8.3861863,42.9048015
-8.3862688,42.9047507
-8.3864332,42.9045849
-8.3865909,42.9043318
-8.3866699,42.9041362
-8.3867269,42.9040145
-8.3869963,42.9034222
-8.3871056,42.9032170
-8.3874243,42.9033043
-8.3885543,42.9036087
-8.3888470,42.9037015
-8.3891028,42.9038029
-8.3892124,42.9038699
-8.3893068,42.9039369
-8.3894637,42.9040787
-8.3895879,42.9041937
-8.3897201,42.9042900
-8.3898579,42.9043439
-8.3900004,42.9043811
-8.3901045,42.9043958
-8.3902064,42.9044013
-8.3906838,42.9043915
-8.3908026,42.9044030
-8.3908808,42.9044187
-8.3910447,42.9045029
-8.3911324,42.9045601
-8.3912113,42.9046027
-8.3911475,42.9046643
-8.3911340,42.9046984
-8.3911290,42.9047430
-8.3911366,42.9047891
-8.3911881,42.9048820
-8.3913547,42.9050611
-8.3914856,42.9051873
-8.3915862,42.9052976
-8.3918289,42.9053999
-8.3930251,42.9058153
-8.3932876,42.9059127
-8.3934311,42.9059636
-8.3934921,42.9059651
-8.3935463,42.9059186
-8.3935703,42.9058883
-8.3937198,42.9058672
-8.3939374,42.9058473
-8.3939834,42.9058593
-8.3940597,42.9059028
-8.3941621,42.9059249
-8.3942804,42.9059478
-8.3945544,42.9059014
-8.3950012,42.9057821
-8.3955274,42.9057061
-8.3962556,42.9056172
-8.3969336,42.9055561
-8.3975556,42.9054832
-8.3977612,42.9054847
-8.3978955,42.9055338
-8.3979824,42.9055899
-8.3980669,42.9057443
-8.3981737,42.9058360
-8.3982694,42.9059023
-8.3983840,42.9059568
-8.3987311,42.9060991
-8.3990461,42.9062122
-8.3994538,42.9063673
-8.3996265,42.9063862
-8.3997974,42.9063740
-8.3999185,42.9063547
-8.4000367,42.9063362
-8.4003430,42.9062398
-8.4007139,42.9062019
-8.4010432,42.9060869
-8.4014618,42.9060382
-8.4018339,42.9060577
-8.4021528,42.9061775
-8.4022458,42.9061718
-8.4022903,42.9061745
-8.4023611,42.9061549
-8.4025187,42.9060784
-8.4026860,42.9059564
-8.4027677,42.9058816
-8.4028927,42.9058344
-8.4029913,42.9058009
-8.4032539,42.9057985
-8.4036493,42.9057415
-8.4039194,42.9057455
-8.4040615,42.9057664
-8.4043189,42.9058598
-8.4044513,42.9059097
-8.4045457,42.9059144
-8.4048351,42.9058995
-8.4053284,42.9058911
-8.4057435,42.9058810
-8.4060026,42.9058602
-8.4062697,42.9058742
-8.4067335,42.9058780
-8.4069727,42.9058287
-8.4073879,42.9058877
-8.4075907,42.9058865
-8.4079104,42.9058576
-8.4080834,42.9058315
-8.4084398,42.9057291
-8.4086763,42.9057223
-8.4088744,42.9058341
-8.4091098,42.9059399
-8.4093493,42.9059831
-8.4095792,42.9061257
-8.4096764,42.9061515
-8.4099117,42.9061665
-8.4101652,42.9062222
-8.4102613,42.9063360
-8.4105096,42.9065072
-8.4106191,42.9066091
-8.4108083,42.9070205
-8.4108873,42.9071684
-8.4110475,42.9072783
-8.4111998,42.9073884
-8.4113994,42.9074675
-8.4118568,42.9075816
-8.4120592,42.9076552
-8.4121872,42.9076877
-8.4125129,42.9077394
-8.4142958,42.9082064
-8.4148218,42.9083549
-8.4148171,42.9086792
-8.4147942,42.9089396
-8.4146876,42.9094037
-8.4146130,42.9096422
-8.4145459,42.9098763
-8.4145050,42.9103196
-8.4144576,42.9108463
-8.4144018,42.9111606
-8.4143632,42.9113702
-8.4142855,42.9116212
-8.4141671,42.9123292
-8.4141464,42.9124978
-8.4141113,42.9131668
-8.4140803,42.9136012
-8.4140735,42.9136461
-8.4141917,42.9136216
-8.4144516,42.9136050
-8.4148737,42.9136117
-8.4172589,42.9136498
-8.4180441,42.9136587
-8.4181901,42.9136285
-8.4183996,42.9135861
-8.4187362,42.9136323
-8.4196464,42.9136669
-8.4199612,42.9136274
-8.4201891,42.9134842
-8.4202713,42.9134638
-8.4203880,42.9134521
-8.4210824,42.9134669
-8.4214269,42.9134588
-8.4214898,42.9134573
-8.4221241,42.9134397
-8.4224881,42.9133582
-8.4229546,42.9130853
-8.4231853,42.9129464
-8.4233435,42.9128176
-8.4235702,42.9125781
-8.4236812,42.9124214
-8.4238938,42.9122176
-8.4239950,42.9120596
-8.4240372,42.9119271
-8.4241259,42.9117785
-8.4241975,42.9115860
-8.4241601,42.9111759
-8.4241940,42.9111232
-8.4242824,42.9110594
-8.4244018,42.9109909
-8.4243884,42.9108408
-8.4242877,42.9105963
-8.4241914,42.9103578
-8.4240788,42.9100315
-8.4239814,42.9098355
-8.4239529,42.9097121
-8.4239191,42.9096266
-8.4237961,42.9092820
-8.4236815,42.9090203
-8.4236435,42.9089376
-8.4236525,42.9088736
-8.4236625,42.9087781
-8.4237207,42.9087407
-8.4238043,42.9087133
-8.4245530,42.9087879
-8.4248849,42.9088340
-8.4250934,42.9088768
-8.4254013,42.9089811
-8.4255340,42.9090070
-8.4257059,42.9089946
-8.4259461,42.9089621
-8.4259907,42.9089484
-8.4260941,42.9088976
-8.4261595,42.9088434
-8.4262089,42.9087826
-8.4262335,42.9086770
-8.4262452,42.9085770
-8.4263062,42.9084907
-8.4264178,42.9084324
-8.4265533,42.9084077
-8.4267080,42.9083441
-8.4267850,42.9083023
-8.4270170,42.9081419
-8.4272134,42.9079770
-8.4275323,42.9075707
-8.4275834,42.9075070
-8.4276051,42.9074800
-8.4279001,42.9071708
-8.4281199,42.9070434
-8.4290595,42.9066696
-8.4294127,42.9065180
-8.4296009,42.9063988
-8.4296644,42.9063643
-8.4297361,42.9063291
-8.4297999,42.9062826
-8.4299770,42.9061098
-8.4300409,42.9060079
-8.4300884,42.9059197
-8.4303385,42.9057095
-8.4307673,42.9055018
-8.4309346,42.9054399
-8.4310083,42.9054195
-8.4312123,42.9054078
-8.4313535,42.9054047
-8.4314253,42.9054032
-8.4314971,42.9053947
-8.4317297,42.9053415
-8.4319658,42.9052553
-8.4324469,42.9050229
-8.4328035,42.9047583
-8.4329452,42.9046565
-8.4331947,42.9045366
-8.4337650,42.9043486
-8.4346396,42.9041533
-8.4348202,42.9041613
-8.4349895,42.9041737
-8.4351173,42.9042020
-8.4351371,42.9041640
-8.4376714,42.9024264
-8.4377711,42.9023482
-8.4382734,42.9020878
-8.4384469,42.9019812
-8.4390198,42.9019407
-8.4395494,42.9019079
-8.4402874,42.9017996
-8.4408722,42.9017392
-8.4410059,42.9017236
-8.4413163,42.9016877
-8.4421564,42.9015845
-8.4425038,42.9015316
-8.4426548,42.9014875
-8.4426918,42.9014684
-8.4429174,42.9013531
-8.4431976,42.9011961
-8.4435369,42.9010725
-8.4438060,42.9009820
-8.4439460,42.9009432
-8.4447747,42.9007208
-8.4448827,42.9007445
-8.4449441,42.9007476
-8.4450558,42.9007164
-8.4457615,42.9005902
-8.4466217,42.9003817
-8.4467401,42.9003314
-8.4468210,42.9002597
-8.4468577,42.9002084
-8.4468850,42.9001554
-8.4468801,42.8999984
-8.4468442,42.8998587
-8.4468106,42.8998227
-8.4467610,42.8998163
-8.4467073,42.8998257
-8.4466535,42.8998264
-8.4466116,42.8998116
-8.4465791,42.8997881
-8.4465744,42.8997625
-8.4465571,42.8996690
-8.4465253,42.8996024
-8.4464947,42.8995435
-8.4461851,42.8994691
-8.4458694,42.8994115
-8.4457029,42.8994025
-8.4454328,42.8994066
-8.4451297,42.8993278
-8.4448843,42.8992595
-8.4448431,42.8992400
-8.4445856,42.8992132
-8.4445924,42.8991684
-8.4445963,42.8991429
-8.4447189,42.8990986
-8.4445876,42.8987299
-8.4444987,42.8985830
-8.4444354,42.8985216
-8.4443129,42.8984802
-8.4441893,42.8983800
-8.4441726,42.8983467
-8.4441623,42.8983263
-8.4444520,42.8983486
-8.4444999,42.8983271
-8.4444869,42.8982673
-8.4445105,42.8982289
-8.4445893,42.8981550
-8.4447054,42.8981833
-8.4448222,42.8981843
-8.4449604,42.8981576
-8.4450079,42.8981425
-8.4450963,42.8981145
-8.4451589,42.8980804
-8.4453626,42.8979260
-8.4455265,42.8978205
-8.4457994,42.8976975
-8.4460894,42.8975809
-8.4464788,42.8974414
-8.4467307,42.8973537
-8.4469869,42.8972951
-8.4472256,42.8972296
-8.4473390,42.8972163
-8.4474382,42.8971786
-8.4475348,42.8971161
-8.4475948,42.8970026
-8.4475876,42.8966936
-8.4475959,42.8964695
-8.4475418,42.8961155
-8.4475501,42.8959950
-8.4475588,42.8959282
-8.4476219,42.8958926
-8.4477306,42.8957830
-8.4478139,42.8956117
-8.4478259,42.8954180
-8.4478232,42.8952077
-8.4478091,42.8951515
-8.4477737,42.8950935
-8.4476791,42.8950179
-8.4475462,42.8949425
-8.4472639,42.8948176
-8.4472036,42.8947811
-8.4471585,42.8947376
-8.4471330,42.8946847
-8.4471256,42.8946296
-8.4471256,42.8945567
-8.4471389,42.8944916
-8.4471620,42.8944319
-8.4472020,42.8943664
-8.4472460,42.8943213
-8.4472998,42.8942798
-8.4473671,42.8942377
-8.4476276,42.8941222
-8.4477099,42.8940763
-8.4477505,42.8940479
-8.4477885,42.8940058
-8.4478441,42.8939213
-8.4479094,42.8938171
-8.4479727,42.8937049
-8.4480237,42.8936052
-8.4481099,42.8934480
-8.4481690,42.8933660
-8.4485144,42.8930506
-8.4490296,42.8926479
-8.4492058,42.8925265
-8.4493132,42.8924859
-8.4497393,42.8921996
-8.4497922,42.8921668
-8.4498369,42.8921256
-8.4498590,42.8920163
-8.4498558,42.8919513
-8.4498338,42.8918899
-8.4497728,42.8917679
-8.4497117,42.8916875
-8.4496600,42.8916324
-8.4496294,42.8916028
-8.4496549,42.8915798
-8.4498039,42.8915516
-8.4501089,42.8915136
-8.4505026,42.8914261
-8.4505758,42.8914057
-8.4506848,42.8914045
-8.4508036,42.8914088
-8.4509273,42.8914227
-8.4509717,42.8914369
-8.4510209,42.8914463
-8.4511282,42.8914518
-8.4512718,42.8914389
-8.4515030,42.8914123
-8.4517587,42.8913940
-8.4521173,42.8913817
-8.4523110,42.8913777
-8.4524873,42.8913697
-8.4525977,42.8913441
-8.4528079,42.8911776
-8.4530322,42.8910149
-8.4530951,42.8909867
-8.4531574,42.8909715
-8.4532984,42.8909536
-8.4540128,42.8909127
-8.4546554,42.8908795
-8.4547398,42.8908651
-8.4548192,42.8908412
-8.4549529,42.8907628
-8.4551950,42.8906052
-8.4555060,42.8904387
-8.4560661,42.8902425
-8.4562720,42.8901758
-8.4564756,42.8901541
-8.4569401,42.8901168
-8.4572220,42.8901320
-8.4574928,42.8901444
-8.4576473,42.8901576
-8.4577880,42.8901733
-8.4580166,42.8902455
-8.4583466,42.8903696
-8.4584351,42.8903859
-8.4585318,42.8903903
-8.4587268,42.8903979
-8.4589866,42.8904419
-8.4596347,42.8905708
-8.4597382,42.8905776
-8.4601333,42.8905905
-8.4603480,42.8905820
-8.4613474,42.8903927
-8.4617630,42.8903724
-8.4626714,42.8903839
-8.4632747,42.8904006
-8.4636275,42.8904288
-8.4656356,42.8907251
-8.4682966,42.8910891
-8.4685531,42.8911242
-8.4692102,42.8912323
-8.4697074,42.8913105
-8.4713901,42.8915434
-8.4716932,42.8915809
-8.4758784,42.8920809
-8.4760923,42.8921180
-8.4762887,42.8921860
-8.4764301,42.8922522
-8.4764855,42.8922877
-8.4765363,42.8923203
-8.4766561,42.8924256
-8.4766200,42.8922870
-8.4766093,42.8922459
-8.4764554,42.8916555
-8.4763235,42.8911428
-8.4761727,42.8905920
-8.4761767,42.8905642
-8.4762102,42.8905452
-8.4762622,42.8905202
-8.4763309,42.8905054
-8.4764050,42.8905041
-8.4794605,42.8905894
-8.4829443,42.8906889
-8.4842280,42.8907252
-8.4855353,42.8907543
-8.4857897,42.8907599
-8.4858897,42.8907600
-8.4859290,42.8907447
-8.4859542,42.8907268
-8.4860174,42.8906424
-8.4860729,42.8906074
-8.4861097,42.8905958
-8.4861554,42.8905950
-8.4862644,42.8905934
-8.4864623,42.8906211
-8.4873374,42.8907925
-8.4873703,42.8907989
-8.4874299,42.8911004
-8.4874433,42.8911640
-8.4874714,42.8912263
-8.4875348,42.8913132
-8.4876734,42.8914486
-8.4877031,42.8914776
-8.4877894,42.8915530
-8.4878779,42.8915152
-8.4880064,42.8914890
-8.4880448,42.8914812
-8.4882695,42.8914514
-8.4883935,42.8914350
-8.4889592,42.8913556
-8.4890280,42.8913427
-8.4890950,42.8913262
-8.4895905,42.8911425
-8.4897547,42.8910885
-8.4903698,42.8909656
-8.4909460,42.8908505
-8.4912020,42.8908032
-8.4912398,42.8907962
-8.4913901,42.8907518
-8.4916324,42.8906439
-8.4925915,42.8902447
-8.4927843,42.8901447
-8.4928255,42.8901233
-8.4928800,42.8900951
-8.4930258,42.8900563
-8.4932573,42.8899946
-8.4934130,42.8899512
-8.4938052,42.8898037
-8.4940154,42.8897310
-8.4941050,42.8897188
-8.4940965,42.8896785
-8.4941737,42.8896597
-8.4943857,42.8896014
-8.4946306,42.8895139
-8.4958753,42.8890661
-8.4961665,42.8889607
-8.4962079,42.8889024
-8.4962505,42.8888634
-8.4968119,42.8886635
-8.4973506,42.8884718
-8.4973769,42.8884625
-8.4978672,42.8883010
-8.4985946,42.8881214
-8.4987697,42.8880659
-8.4988680,42.8880433
-8.4990409,42.8880450
-8.4991463,42.8880225
-8.4994460,42.8879418
-8.4996296,42.8878967
-8.4997693,42.8878498
-8.4998309,42.8878073
-8.4998747,42.8877578
-8.4999257,42.8877240
-8.5003082,42.8877040
-8.5005368,42.8877136
-8.5005649,42.8877181
-8.5010756,42.8878013
-8.5011444,42.8878125
-8.5016715,42.8878819
-8.5017378,42.8878836
-8.5019522,42.8878177
-8.5028937,42.8875461
-8.5031695,42.8874738
-8.5031969,42.8875368
-8.5032090,42.8875645
-8.5035163,42.8874915
-8.5037373,42.8874349
-8.5039843,42.8873619
-8.5042171,42.8873281
-8.5043777,42.8873123
-8.5044018,42.8872990
-8.5045870,42.8870828
-8.5045886,42.8870109
-8.5045417,42.8868339
-8.5045586,42.8868149
-8.5045959,42.8868138
-8.5047779,42.8869607
-8.5048020,42.8869639
-8.5048885,42.8869404
-8.5049715,42.8868956
-8.5050710,42.8868513
-8.5052820,42.8867776
-8.5053609,42.8867644
-8.5055442,42.8867337
-8.5063497,42.8866377
-8.5067748,42.8865892
-8.5068752,42.8865814
-8.5073124,42.8865539
-8.5077259,42.8865345
-8.5082426,42.8865265
-8.5086322,42.8865227
-8.5087864,42.8865188
-8.5088388,42.8865018
-8.5089265,42.8864987
-8.5093241,42.8864878
-8.5094625,42.8864860
-8.5098181,42.8864813
-8.5099571,42.8864615
-8.5100235,42.8864473
-8.5100827,42.8864345
-8.5101361,42.8864171
-8.5102049,42.8863854
-8.5102793,42.8863398
-8.5103446,42.8862871
-8.5103884,42.8862415
-8.5104231,42.8861823
-8.5104896,42.8861832
-8.5105373,42.8861833
-8.5108250,42.8861828
-8.5108907,42.8861812
-8.5109485,42.8861800
-8.5109805,42.8862309
-8.5110299,42.8862833
-8.5110627,42.8863062
-8.5110999,42.8863194
-8.5111814,42.8863281
-8.5114987,42.8863331
-8.5117934,42.8863385
-8.5120618,42.8863435
-8.5126679,42.8863547
-8.5128120,42.8863574
-8.5129086,42.8863591
-8.5129379,42.8863388
-8.5129475,42.8862935
-8.5129795,42.8862923
-8.5130282,42.8862909
-8.5130738,42.8862898
-8.5131073,42.8862897
-8.5131090,42.8863154
-8.5131264,42.8863358
-8.5131702,42.8863353
-8.5133163,42.8863303
-8.5140616,42.8863061
-8.5148750,42.8862796
-8.5151218,42.8862725
-8.5156395,42.8862577
-8.5157802,42.8862866
-8.5166385,42.8862689
-8.5167297,42.8862394
-8.5168165,42.8862379
-8.5169421,42.8862357
-8.5170057,42.8862348
-8.5170770,42.8862333
-8.5171505,42.8862417
-8.5171969,42.8862488
-8.5172418,42.8863105
-8.5172861,42.8863523
-8.5173336,42.8863772
-8.5173974,42.8863996
-8.5174639,42.8864148
-8.5176384,42.8864370
-8.5182370,42.8865146
-8.5188647,42.8865873
-8.5194286,42.8866355
-8.5196415,42.8866537
-8.5202755,42.8867288
-8.5203513,42.8867371
-8.5206940,42.8867897
-8.5207204,42.8868071
-8.5207476,42.8868251
-8.5210173,42.8868730
-8.5210700,42.8868823
-8.5211070,42.8868663
-8.5211927,42.8868851
-8.5213244,42.8869138
-8.5213986,42.8869319
-8.5214441,42.8869548
-8.5216918,42.8870019
-8.5224825,42.8871523
-8.5225259,42.8871611
-8.5225452,42.8871829
-8.5228531,42.8872142
-8.5229041,42.8871965
-8.5234593,42.8872240
-8.5235081,42.8871908
-8.5235403,42.8871535
-8.5236310,42.8871520
-8.5237503,42.8871500
-8.5237308,42.8871829
-8.5237388,42.8872164
-8.5237951,42.8872380
-8.5238515,42.8872380
-8.5250555,42.8872150
-8.5251244,42.8872109
-8.5253969,42.8871454
-8.5256666,42.8870669
-8.5258591,42.8870089
-8.5261227,42.8869304
-8.5262960,42.8868663
-8.5266490,42.8867119
-8.5271071,42.8865061
-8.5273959,42.8863784
-8.5274888,42.8863406
-8.5275266,42.8863052
-8.5275503,42.8862651
-8.5275699,42.8862038
-8.5276439,42.8862116
-8.5277001,42.8862195
-8.5277997,42.8861878
-8.5279556,42.8861575
-8.5289554,42.8860684
-8.5290439,42.8860636
-8.5291077,42.8860600
-8.5291500,42.8860547
-8.5296953,42.8859858
-8.5297576,42.8859788
-8.5298205,42.8859717
-8.5299825,42.8859346
-8.5300247,42.8859249
-8.5300950,42.8859071
-8.5302146,42.8858724
-8.5303195,42.8858337
-8.5303996,42.8857946
-8.5305622,42.8857075
-8.5306241,42.8856661
-8.5306945,42.8856186
-8.5308529,42.8855003
-8.5309663,42.8854127
-8.5310622,42.8853491
-8.5311587,42.8852954
-8.5312133,42.8852400
-8.5313604,42.8851819
-8.5313808,42.8851606
-8.5314083,42.8851338
-8.5317225,42.8850175
-8.5317520,42.8850076
-8.5318274,42.8850180
-8.5318780,42.8850219
-8.5319081,42.8850308
-8.5319490,42.8850354
-8.5320457,42.8850353
-8.5321548,42.8850579
-8.5326430,42.8852241
-8.5327144,42.8852393
-8.5327780,42.8852432
-8.5328583,42.8852381
-8.5329428,42.8852201
-8.5330098,42.8851843
-8.5330594,42.8851344
-8.5333620,42.8848382
-8.5334567,42.8847487
-8.5335498,42.8846425
-8.5336521,42.8845089
-8.5337439,42.8844039
-8.5337873,42.8843378
-8.5338237,42.8842773
-8.5339251,42.8843069
-8.5340262,42.8841418
-8.5340709,42.8840427
-8.5341210,42.8838678
-8.5342093,42.8833705
-8.5343141,42.8828537
-8.5343629,42.8826374
-8.5343918,42.8825391
-8.5344083,42.8824961
-8.5344333,42.8824521
-8.5344768,42.8823929
-8.5348839,42.8819326
-8.5349104,42.8819067
-8.5349266,42.8818928
-8.5349485,42.8818776
-8.5350064,42.8818441
-8.5350742,42.8818189
-8.5352390,42.8817779
-8.5353410,42.8817589
-8.5362031,42.8816124
-8.5363864,42.8815756
-8.5366434,42.8815213
-8.5372323,42.8813968
-8.5378639,42.8812979
-8.5380449,42.8812621
-8.5381579,42.8812722
-8.5382770,42.8812987
-8.5384213,42.8813450
-8.5387605,42.8814858
-8.5392161,42.8816838
-8.5394577,42.8817853
-8.5395870,42.8818350
-8.5396931,42.8818727
-8.5398021,42.8819082
-8.5398936,42.8819352
-8.5399502,42.8819505
-8.5400168,42.8819683
-8.5401504,42.8819897
-8.5401593,42.8819428
-8.5402675,42.8818865
-8.5403258,42.8818583
-8.5403546,42.8818573
-8.5405115,42.8818518
-8.5405651,42.8818530
-8.5408304,42.8818487
-8.5409820,42.8818269
-8.5410760,42.8817920
-8.5411037,42.8817813
-8.5412085,42.8817442
-8.5412291,42.8817389
-8.5415975,42.8816303
-8.5416874,42.8815486
-8.5418266,42.8814892
-8.5419664,42.8814432
-8.5421984,42.8813890
-8.5423054,42.8813777
-8.5423692,42.8812284
-8.5424237,42.8811585
-8.5428622,42.8812020
-8.5429315,42.8812130
-8.5430987,42.8812328
-8.5433228,42.8812414
-8.5437815,42.8812387
-8.5438203,42.8812350
-8.5442241,42.8811791
-8.5443886,42.8811404
-8.5444356,42.8811303
-8.5444920,42.8811181
-8.5445249,42.8811110
-8.5445663,42.8811018
-8.5446223,42.8810859
-8.5447225,42.8810574
-8.5450088,42.8809731
-8.5450175,42.8809714
-8.5450969,42.8809648
-8.5452391,42.8809539
-8.5452947,42.8809501
-8.5453015,42.8809499
-8.5453624,42.8809440
-8.5454273,42.8809377
-8.5455236,42.8807951
-8.5457492,42.8804942</coordinates></LineString><LineString><coordinates>-4.8369261,42.3337896
-4.8375909,42.3329411
-4.8377343,42.3326984
-4.8377961,42.3323277
-4.8377829,42.3319615
-4.8378711,42.3317850
-4.8380609,42.3315158
-4.8383102,42.3313834
-4.8385750,42.3312863
-4.8387780,42.3312069
-4.8390405,42.3310701
-4.8392347,42.3309509
-4.8394224,42.3306965
-4.8395072,42.3304494
-4.8397419,42.3297469
-4.8402415,42.3285466
-4.8402587,42.3285000
-4.8403226,42.3283277
-4.8404674,42.3280947
-4.8406774,42.3278334
-4.8408754,42.3275268
-4.8410501,42.3273112
-4.8411600,42.3271815
-4.8415724,42.3265802
-4.8418513,42.3262483
-4.8421725,42.3260083
-4.8433446,42.3252775
-4.8449367,42.3242820
-4.8459028,42.3236410
-4.8463922,42.3233274
-4.8468886,42.3236593
-4.8506641,42.3261325
-4.8510659,42.3263957
-4.8521333,42.3271018
-4.8523208,42.3272838
-4.8529331,42.3279678
-4.8540694,42.3292365
-4.8543673,42.3295288
-4.8545658,42.3296888
-4.8549520,42.3298929
-4.8572797,42.3312112
-4.8577817,42.3315036
-4.8580299,42.3316636
-4.8584381,42.3319559
-4.8588132,42.3322317
-4.8590614,42.3324303
-4.8593317,42.3327116
-4.8595496,42.3329102
-4.8598420,42.3331253
-4.8601591,42.3333735
-4.8604515,42.3336714
-4.8606556,42.3339086
-4.8607383,42.3341237
-4.8607549,42.3344050
-4.8607990,42.3346257
-4.8609038,42.3347912
-4.8619215,42.3353593
-4.8631662,42.3360500
-4.8633253,42.3360988
-4.8632580,42.3364218
-4.8655844,42.3393989
-4.8664239,42.3404680
-4.8673194,42.3416084
-4.8674486,42.3426944
-4.8676737,42.3439123
-4.8681348,42.3462870
-4.8684137,42.3474605
-4.8683708,42.3478411
-4.8681356,42.3480939
-4.8677459,42.3485379
-4.8687923,42.3504828
-4.8694213,42.3516507
-4.8693695,42.3516725
-4.8676119,42.3523597
-4.8672094,42.3525164
-4.8669780,42.3526207
-4.8668253,42.3527209
-4.8667273,42.3528338
-4.8665319,42.3531345
-4.8664774,42.3532494
-4.8664474,42.3533112
-4.8663979,42.3533783
-4.8661946,42.3534391
-4.8658257,42.3535288
-4.8656007,42.3535836
-4.8653351,42.3536422</coordinates></LineString><LineString><coordinates>-2.6141479,42.4121944
-2.6141573,42.4118703
-2.6141639,42.4117056
-2.6142043,42.4115847
-2.6142273,42.4115356
-2.6143047,42.4114759
-2.6144187,42.4114252
-2.6147851,42.4113586
-2.6150088,42.4112935
-2.6153143,42.4111544
-2.6157635,42.4110020
-2.6159927,42.4109076
-2.6171500,42.4102215
-2.6173700,42.4101218
-2.6178307,42.4100336
-2.6182212,42.4099830
-2.6185407,42.4099055
-2.6187335,42.4098147
-2.6190507,42.4094772
-2.6193276,42.4093249
-2.6198807,42.4091044
-2.6201642,42.4089453
-2.6203866,42.4087734
-2.6205006,42.4087256
-2.6209300,42.4086557
-2.6212277,42.4086142
-2.6214295,42.4085178
-2.6217123,42.4082437
-2.6218331,42.4081476
-2.6219598,42.4080888
-2.6221696,42.4080202
-2.6223555,42.4079064
-2.6225052,42.4077976
-2.6226129,42.4076840
-2.6227840,42.4073689
-2.6229731,42.4071295
-2.6232282,42.4068179
-2.6233652,42.4065927
-2.6235120,42.4064285
-2.6237494,42.4062409
-2.6240423,42.4059625
-2.6243084,42.4057360
-2.6249914,42.4054061
-2.6250742,42.4054611
-2.6255173,42.4056912
-2.6257526,42.4058259
-2.6259161,42.4059578
-2.6260828,42.4058668
-2.6263270,42.4060282
-2.6266583,42.4062156
-2.6269199,42.4064423
-2.6271161,42.4066909
-2.6273210,42.4070832
-2.6274388,42.4072576
-2.6276786,42.4075280
-2.6279271,42.4077895
-2.6281930,42.4080511
-2.6284459,42.4082168
-2.6286116,42.4082255
-2.6290345,42.4081601
-2.6292525,42.4081471
-2.6295489,42.4082125
-2.6298495,42.4083068
-2.6305928,42.4083852
-2.6311675,42.4084681
-2.6312354,42.4084875
-2.6313671,42.4085389
-2.6315238,42.4086520
-2.6318328,42.4090420
-2.6322400,42.4093517
-2.6326161,42.4098453
-2.6334248,42.4102714
-2.6340108,42.4109884
-2.6341664,42.4111338
-2.6343293,42.4111937
-2.6346425,42.4112727
-2.6348432,42.4113553</coordinates></LineString><LineString><coordinates>-5.0265794,42.3704086
-5.0262896,42.3703458
-5.0262433,42.3703371
-5.0253688,42.3701740
-5.0250256,42.3701231
-5.0247002,42.3700626
-5.0240601,42.3699968
-5.0239060,42.3699731
-5.0238181,42.3699399
-5.0237275,42.3698938
-5.0236513,42.3698280
-5.0236034,42.3697294
-5.0236135,42.3696275
-5.0236497,42.3695286
-5.0237086,42.3694515
-5.0238380,42.3692993
-5.0238132,42.3692742
-5.0238028,42.3692442
-5.0238080,42.3692134
-5.0238282,42.3691862
-5.0238606,42.3691664
-5.0239006,42.3691568
-5.0239425,42.3691588
-5.0239451,42.3691119
-5.0240300,42.3689039
-5.0241612,42.3685893
-5.0242168,42.3684374
-5.0242421,42.3683391
-5.0242675,42.3682354
-5.0242634,42.3680668
-5.0242570,42.3678059
-5.0242399,42.3671552
-5.0242288,42.3668490
-5.0242093,42.3662840
-5.0242068,42.3661991
-5.0241890,42.3655822
-5.0241373,42.3641665
-5.0241209,42.3637180
-5.0239965,42.3599022
-5.0239937,42.3598148
-5.0239690,42.3590292
-5.0240158,42.3587952
-5.0241270,42.3586314
-5.0243576,42.3584367
-5.0244171,42.3583018
-5.0244346,42.3582308
-5.0244171,42.3581706
-5.0243035,42.3580307
-5.0241438,42.3576885
-5.0240507,42.3575118
-5.0239762,42.3573337
-5.0239004,42.3569781
-5.0238775,42.3566501
-5.0238563,42.3560370
-5.0238087,42.3546562
-5.0237783,42.3538467
-5.0237345,42.3526779
-5.0235793,42.3483726
-5.0234733,42.3454371
-5.0234036,42.3434846
-5.0233682,42.3424949
-5.0231858,42.3374062
-5.0231605,42.3367018
-5.0231117,42.3354195
-5.0230763,42.3343560
-5.0230006,42.3322676
-5.0229576,42.3311814
-5.0229218,42.3301597
-5.0228799,42.3290110
-5.0228422,42.3279182
-5.0228014,42.3273781
-5.0227473,42.3269931
-5.0226541,42.3266119
-5.0225323,42.3262647
-5.0224000,42.3259562
-5.0223788,42.3259206
-5.0222437,42.3256863
-5.0222129,42.3256306
-5.0218206,42.3250880
-5.0215994,42.3248339
-5.0213900,42.3246383
-5.0212055,42.3244631
-5.0210064,42.3242968
-5.0207985,42.3241314
-5.0206369,42.3240267
-5.0203190,42.3238233
-5.0201590,42.3237216
-5.0199127,42.3235942
-5.0198381,42.3235555
-5.0197498,42.3235129
-5.0194926,42.3233961
-5.0193692,42.3233400
-5.0188874,42.3231546
-5.0185023,42.3230064
-5.0164773,42.3222559
-5.0163214,42.3221859
-5.0161704,42.3220930
-5.0160537,42.3219987
-5.0159509,42.3218640
-5.0157106,42.3214917
-5.0155436,42.3212464
-5.0143686,42.3194703
-5.0142356,42.3192854
-5.0141366,42.3191565
-5.0138738,42.3188718
-5.0136050,42.3186050
-5.0132717,42.3183467
-5.0130487,42.3181871
-5.0125226,42.3178945
-5.0118681,42.3176272
-5.0112534,42.3174091
-5.0103819,42.3171060
-5.0094253,42.3167740
-5.0088982,42.3165868
-5.0083214,42.3163549
-5.0080958,42.3162454
-5.0080277,42.3162064
-5.0078364,42.3160923
-5.0077002,42.3160140
-5.0076409,42.3159715
-5.0074167,42.3158219
-5.0070531,42.3154975
-5.0068748,42.3153498
-5.0066930,42.3151575
-5.0061162,42.3145175
-5.0059110,42.3142821
-5.0052237,42.3134935
-5.0044221,42.3125814
-5.0036052,42.3116522
-5.0027870,42.3107137
-5.0022196,42.3100693
-5.0019856,42.3098036
-5.0013863,42.3091179
-5.0002014,42.3077587
-4.9997965,42.3072996
-4.9990486,42.3064547
-4.9983435,42.3056279
-4.9981240,42.3053347
-4.9979048,42.3050240
-4.9977134,42.3047127
-4.9971822,42.3038006
-4.9961798,42.3020865
-4.9956697,42.3012145
-4.9954983,42.3009180
-4.9953443,42.3006195
-4.9952561,42.3003993
-4.9950404,42.2997659
-4.9948826,42.2993027
-4.9940947,42.2970166
-4.9937972,42.2961362
-4.9936667,42.2957611
-4.9934968,42.2952728
-4.9925848,42.2926022
-4.9905682,42.2866872
-4.9904788,42.2864598
-4.9901872,42.2858213
-4.9890517,42.2837833
-4.9886753,42.2830994
-4.9885081,42.2827956
-4.9882188,42.2822700
-4.9879126,42.2817138
-4.9873747,42.2807342
-4.9872164,42.2804480
-4.9869308,42.2799837
-4.9866861,42.2796723
-4.9863086,42.2792895
-4.9858897,42.2789198
-4.9844275,42.2776651
-4.9829878,42.2764231
-4.9827927,42.2762462
-4.9826039,42.2760550
-4.9824278,42.2758525
-4.9822586,42.2756233
-4.9808953,42.2735582
-4.9795524,42.2715080
-4.9787010,42.2702170
-4.9782736,42.2695645
-4.9778463,42.2689243
-4.9760083,42.2661150
-4.9756567,42.2655383
-4.9754033,42.2651633
-4.9752188,42.2648887
-4.9750104,42.2646238
-4.9748358,42.2644184
-4.9746672,42.2642501
-4.9745413,42.2641277
-4.9742501,42.2638894
-4.9740711,42.2637604
-4.9739296,42.2636707
-4.9738304,42.2636034
-4.9733908,42.2633592
-4.9730909,42.2632187
-4.9727699,42.2630879
-4.9724520,42.2629833
-4.9716574,42.2627207
-4.9712329,42.2626084
-4.9708109,42.2624654
-4.9705431,42.2623699
-4.9701625,42.2622219
-4.9697429,42.2620288
-4.9692557,42.2617727
-4.9689652,42.2616009
-4.9686724,42.2614093
-4.9683474,42.2611743
-4.9680875,42.2609772
-4.9676869,42.2606439
-4.9667303,42.2598138
-4.9655793,42.2588279
-4.9653445,42.2586342
-4.9648643,42.2581430
-4.9644123,42.2577503
-4.9640160,42.2574197
-4.9639849,42.2573775
-4.9639570,42.2572857
-4.9639646,42.2572464
-4.9639584,42.2572049
-4.9639382,42.2571658
-4.9638979,42.2571263
-4.9638704,42.2570549
-4.9638604,42.2569767
-4.9638824,42.2568846
-4.9640755,42.2563997
-4.9642129,42.2560249
-4.9644522,42.2553996
-4.9645425,42.2553444
-4.9646383,42.2553147
-4.9647784,42.2552957
-4.9648393,42.2553025
-4.9649268,42.2553418
-4.9658138,42.2548209
-4.9659978,42.2546859
-4.9663092,42.2545176
-4.9664132,42.2544588
-4.9664769,42.2543941
-4.9665503,42.2542053
-4.9668803,42.2536002
-4.9670389,42.2534800
-4.9671355,42.2534325
-4.9672310,42.2534189
-4.9672392,42.2533537
-4.9672719,42.2531547
-4.9672984,42.2530194
-4.9673086,42.2528739
-4.9673153,42.2526007
-4.9673167,42.2524143
-4.9673139,42.2521444
-4.9673041,42.2517894
-4.9672414,42.2513213
-4.9672290,42.2511959
-4.9672189,42.2510941
-4.9670055,42.2510555
-4.9668820,42.2510273
-4.9668477,42.2509995
-4.9668409,42.2509605
-4.9668535,42.2508826
-4.9668820,42.2507909
-4.9669186,42.2507563
-4.9668935,42.2507154
-4.9668801,42.2506849
-4.9668726,42.2506678
-4.9667857,42.2506695
-4.9667140,42.2506700
-4.9663759,42.2507353
-4.9659323,42.2508508
-4.9657836,42.2508720
-4.9656987,42.2508910
-4.9656280,42.2508969
-4.9654702,42.2508926
-4.9650230,42.2508564
-4.9648995,42.2508464
-4.9645913,42.2508372
-4.9644081,42.2508340
-4.9643424,42.2506950
-4.9642882,42.2506876
-4.9642170,42.2506786
-4.9635496,42.2505943
-4.9631017,42.2505339
-4.9616957,42.2503442
-4.9615994,42.2503319
-4.9613798,42.2503022
-4.9613208,42.2502939
-4.9608777,42.2502336
-4.9605103,42.2501829
-4.9600636,42.2501312
-4.9595339,42.2500578
-4.9592845,42.2499907
-4.9590770,42.2499211
-4.9577138,42.2494879
-4.9566479,42.2491571
-4.9565904,42.2491415
-4.9565360,42.2491321
-4.9564701,42.2491324
-4.9564031,42.2491396
-4.9563137,42.2491554
-4.9562949,42.2491653
-4.9562636,42.2491803
-4.9561755,42.2492029
-4.9561127,42.2492096
-4.9560448,42.2492064
-4.9560187,42.2491994
-4.9559487,42.2492062
-4.9558747,42.2492237
-4.9557147,42.2493332
-4.9555821,42.2494022
-4.9554642,42.2494447
-4.9553971,42.2494676
-4.9552930,42.2494788
-4.9551120,42.2494771
-4.9545775,42.2494249
-4.9544041,42.2494064
-4.9542120,42.2493923
-4.9539910,42.2493834
-4.9537938,42.2493847
-4.9535730,42.2493952
-4.9529029,42.2494565
-4.9520681,42.2495463
-4.9396203,42.2508374
-4.9375481,42.2510438
-4.9269550,42.2521426
-4.9216765,42.2526908
-4.9196348,42.2529108
-4.9184871,42.2530434
-4.9164265,42.2532577
-4.9119235,42.2537319
-4.9054819,42.2544227
-4.9031877,42.2546735
-4.8985064,42.2551686
-4.8976457,42.2552602
-4.8954809,42.2554912
-4.8948724,42.2555554
-4.8948141,42.2555619
-4.8947408,42.2555701
-4.8945742,42.2555879
-4.8944856,42.2555975
-4.8944391,42.2556026
-4.8937063,42.2556823
-4.8932389,42.2557450
-4.8928509,42.2558212
-4.8924733,42.2559104
-4.8915378,42.2561472
-4.8914271,42.2561770
-4.8913445,42.2561952
-4.8903655,42.2564386
-4.8874514,42.2571586
-4.8846186,42.2578714
-4.8773344,42.2596825
-4.8745175,42.2603897
-4.8695483,42.2616217
-4.8651853,42.2627082
-4.8629390,42.2632645
-4.8620434,42.2634863
-4.8619324,42.2635137
-4.8602747,42.2639229
-4.8562668,42.2649198
-4.8557556,42.2650377
-4.8538283,42.2655245
-4.8534997,42.2656079
-4.8520985,42.2659557
-4.8380630,42.2694526
-4.8373225,42.2696404
-4.8329456,42.2707196
-4.8322578,42.2709123
-4.8319976,42.2709998
-4.8315689,42.2711439
-4.8254933,42.2732576
-4.8227278,42.2742123
-4.8210952,42.2747851
-4.8194013,42.2753697
-4.8138797,42.2772880
-4.8090401,42.2789702
-4.8088782,42.2790268
-4.8043594,42.2805946
-4.7996062,42.2822214
-4.7968481,42.2831654
-4.7949835,42.2838053
-4.7918038,42.2849066
-4.7895781,42.2856681
-4.7867080,42.2866506
-4.7826226,42.2880560
-4.7824228,42.2881230
-4.7823688,42.2881405
-4.7822279,42.2881981
-4.7821018,42.2882663
-4.7820111,42.2883352
-4.7819096,42.2884367
-4.7818426,42.2885199
-4.7817270,42.2887402
-4.7816855,42.2888369
-4.7816275,42.2889925
-4.7816040,42.2890471
-4.7814186,42.2890094
-4.7811186,42.2889704
-4.7807682,42.2889441
-4.7804549,42.2889510
-4.7801928,42.2889720
-4.7799576,42.2890085
-4.7797048,42.2890670
-4.7794904,42.2891307
-4.7791024,42.2892586
-4.7775662,42.2897880
-4.7773080,42.2898777
-4.7768771,42.2900263
-4.7756718,42.2904415
-4.7751492,42.2906168
-4.7748116,42.2907355
-4.7732903,42.2912651
-4.7726900,42.2914719
-4.7720675,42.2916864
-4.7701094,42.2923656
-4.7684898,42.2929144
-4.7677169,42.2931876
-4.7673015,42.2933808
-4.7671233,42.2934883
-4.7669321,42.2936430
-4.7668404,42.2937258
-4.7667605,42.2938159
-4.7665649,42.2940954
-4.7659979,42.2949361
-4.7656040,42.2955060
-4.7654396,42.2957386
-4.7652909,42.2959610
-4.7651317,42.2961277
-4.7649425,42.2962906
-4.7647119,42.2964307
-4.7644164,42.2965671
-4.7641364,42.2966557
-4.7632226,42.2968534
-4.7601117,42.2974875
-4.7593854,42.2976350
-4.7587951,42.2977553
-4.7580547,42.2979169
-4.7577948,42.2979827
-4.7575976,42.2980468
-4.7553622,42.2988635
-4.7540449,42.2993447
-4.7503632,42.3006737
-4.7500619,42.3007824
-4.7468207,42.3019581
-4.7440675,42.3029568
-4.7422992,42.3036137
-4.7389955,42.3048565
-4.7388363,42.3049160
-4.7258596,42.3097624
-4.7144299,42.3140395
-4.7114964,42.3151349
-4.7109852,42.3153254
-4.7104717,42.3155168
-4.7076021,42.3165847
-4.7061380,42.3171303
-4.7047890,42.3176424
-4.7041781,42.3178676
-4.7026299,42.3184544
-4.7023424,42.3185454
-4.7020186,42.3186248
-4.6982793,42.3194000
-4.6945969,42.3201511
-4.6931904,42.3204414
-4.6904570,42.3210010
-4.6877067,42.3215641
-4.6823953,42.3226531
-4.6816835,42.3228035
-4.6757001,42.3240340
-4.6742857,42.3243238
-4.6702596,42.3251501
-4.6689949,42.3254070
-4.6661197,42.3260022
-4.6632717,42.3265811
-4.6631170,42.3266125
-4.6628156,42.3266738
-4.6573681,42.3277954
-4.6551335,42.3282484
-4.6547844,42.3283206
-4.6534483,42.3285949
-4.6533565,42.3286152
-4.6522663,42.3288392
-4.6520255,42.3288901
-4.6519519,42.3289044
-4.6517758,42.3289387
-4.6513967,42.3289883
-4.6511817,42.3289967
-4.6506550,42.3290021
-4.6504256,42.3290044
-4.6500770,42.3290080
-4.6498078,42.3290067
-4.6494344,42.3290049
-4.6490085,42.3290029
-4.6485656,42.3290280
-4.6481150,42.3290981
-4.6472718,42.3292978
-4.6469511,42.3293732
-4.6465766,42.3294689
-4.6462454,42.3295845
-4.6444298,42.3304653
-4.6439920,42.3306503
-4.6435094,42.3308315
-4.6430858,42.3310021
-4.6425656,42.3312000
-4.6422467,42.3313450
-4.6419055,42.3315117
-4.6403732,42.3325093
-4.6390563,42.3333668
-4.6361905,42.3352183
-4.6347853,42.3361283
-4.6345228,42.3362932
-4.6337682,42.3367672
-4.6334205,42.3369600
-4.6331134,42.3370999
-4.6328481,42.3371991
-4.6316424,42.3376177
-4.6305874,42.3379839
-4.6304616,42.3380276
-4.6298005,42.3382487
-4.6291750,42.3384250
-4.6283304,42.3386174
-4.6275069,42.3387934
-4.6265767,42.3390100
-4.6259398,42.3392033
-4.6254413,42.3393916
-4.6249709,42.3396183
-4.6245682,42.3398370
-4.6233919,42.3405319
-4.6231284,42.3406926
-4.6225197,42.3410414
-4.6222659,42.3411948</coordinates></LineString><LineString><coordinates>-4.8641851,42.3510176
-4.8641912,42.3509483
-4.8641688,42.3508730
-4.8636072,42.3496173
-4.8613970,42.3446535
-4.8610323,42.3438288
-4.8602169,42.3410215
-4.8596804,42.3391500
-4.8592513,42.3387534
-4.8588436,42.3382142
-4.8583902,42.3377542
-4.8580497,42.3374052
-4.8563760,42.3363584
-4.8559468,42.3361363
-4.8548095,42.3358032
-4.8543375,42.3363267
-4.8540585,42.3364218
-4.8537152,42.3363742
-4.8533719,42.3362949
-4.8532298,42.3362588
-4.8526869,42.3361575
-4.8522710,42.3360852
-4.8521204,42.3360613
-4.8519329,42.3360503
-4.8516958,42.3360687
-4.8514101,42.3361109
-4.8507352,42.3362077
-4.8501058,42.3363134
-4.8492443,42.3364650
-4.8490445,42.3365408
-4.8488285,42.3366741
-4.8486976,42.3367246
-4.8485896,42.3367545
-4.8476260,42.3369130
-4.8463120,42.3371702
-4.8451358,42.3374000
-4.8449084,42.3374252
-4.8444857,42.3374275
-4.8441331,42.3374183
-4.8437690,42.3373954
-4.8430603,42.3373494
-4.8425618,42.3372966
-4.8416877,42.3371909
-4.8411410,42.3371381
-4.8407712,42.3371013
-4.8406076,42.3371200
-4.8407200,42.3372270
-4.8411323,42.3375644
-4.8413554,42.3376974
-4.8414941,42.3378549
-4.8420582,42.3383066
-4.8426111,42.3387133
-4.8430778,42.3389475
-4.8436719,42.3392455
-4.8441648,42.3394348
-4.8446484,42.3396485
-4.8448939,42.3398190
-4.8450138,42.3400140
-4.8450738,42.3401676
-4.8451225,42.3404282
-4.8452087,42.3409192
-4.8453456,42.3412828
-4.8454430,42.3416239
-4.8454843,42.3417514
-4.8456361,42.3419575
-4.8458047,42.3421824
-4.8458610,42.3423136
-4.8458985,42.3424748
-4.8459847,42.3426585
-4.8462264,42.3431120
-4.8465282,42.3435675
-4.8466965,42.3438822
-4.8468460,42.3441879
-4.8468889,42.3442713
-4.8469499,42.3443490
-4.8470660,42.3444106
-4.8473155,42.3444874
-4.8478102,42.3446476
-4.8478493,42.3446898
-4.8478730,42.3447275</coordinates></LineString><LineString><coordinates>-4.8406076,42.3371200
-4.8402496,42.3367791
-4.8400772,42.3366160
-4.8397885,42.3364024
-4.8396461,42.3362899
-4.8394306,42.3360294
-4.8390763,42.3355327
-4.8388121,42.3351110
-4.8385103,42.3346631
-4.8384091,42.3345431
-4.8382554,42.3344307
-4.8380418,42.3343145
-4.8375039,42.3340915
-4.8370915,42.3338853
-4.8369261,42.3337896
-4.8365761,42.3335873
-4.8361582,42.3334130
-4.8357402,42.3332874
-4.8353298,42.3332199
-4.8349887,42.3331075
-4.8346138,42.3329463
-4.8341678,42.3328001
-4.8335493,42.3325808
-4.8330807,42.3323503
-4.8327059,42.3321479
-4.8324285,42.3319717
-4.8323048,42.3318743
-4.8316301,42.3315688
-4.8306330,42.3310609
-4.8296790,42.3305361
-4.8295516,42.3304799
-4.8293004,42.3303786
-4.8290868,42.3302549
-4.8286014,42.3299157
-4.8281066,42.3295727
-4.8272351,42.3290761
-4.8262042,42.3284782
-4.8258425,42.3282589
-4.8256026,42.3281802
-4.8251378,42.3280865
-4.8247742,42.3280527
-4.8246187,42.3280115
-4.8241182,42.3278129
-4.8239721,42.3277904
-4.8237509,42.3277791
-4.8233423,42.3277716
-4.8230874,42.3277829
-4.8226320,42.3278353
-4.8221728,42.3279103
-4.8216949,42.3280303
-4.8207091,42.3282795
-4.8200512,42.3285251
-4.8198282,42.3286356
-4.8196070,42.3287706
-4.8193390,42.3288943
-4.8191760,42.3290330
-4.8190298,42.3292166
-4.8189398,42.3292879
-4.8187355,42.3293778
-4.8182351,42.3297170
-4.8179427,42.3298333
-4.8176691,42.3299232
-4.8174123,42.3299719
-4.8171106,42.3300132
-4.8166626,42.3299719
-4.8163853,42.3299382
-4.8158586,42.3298557
-4.8155884,42.3297742
-4.8154348,42.3297690
-4.8149028,42.3297883
-4.8144286,42.3298070
-4.8139469,42.3298295
-4.8134646,42.3298424
-4.8132753,42.3298262
-4.8131467,42.3297807
-4.8129105,42.3296718
-4.8127436,42.3296225</coordinates></LineString><LineString><coordinates>-1.7715035,42.6893058
-1.7714603,42.6892616
-1.7713583,42.6891974
-1.7712180,42.6891354
-1.7711533,42.6890975
-1.7711090,42.6890558
-1.7710878,42.6890229
-1.7710459,42.6889587
-1.7709833,42.6888589
-1.7709507,42.6887888
-1.7709148,42.6886869
-1.7708790,42.6886252
-1.7707318,42.6884574
-1.7706008,42.6883230
-1.7705723,42.6882913
-1.7704904,42.6882487
-1.7703384,42.6881764
-1.7701035,42.6880945
-1.7698234,42.6880251
-1.7697546,42.6880095
-1.7697092,42.6879992
-1.7695180,42.6879504
-1.7694076,42.6878490
-1.7690730,42.6875056
-1.7683206,42.6868259
-1.7681973,42.6867310
-1.7680509,42.6866514
-1.7677812,42.6864970
-1.7675903,42.6863711
-1.7674758,42.6862448
-1.7673692,42.6860517
-1.7672636,42.6858561
-1.7671470,42.6856954
-1.7664573,42.6846431
-1.7661811,42.6841921
-1.7660714,42.6840395
-1.7659576,42.6838947
-1.7657666,42.6837239
-1.7654517,42.6834755
-1.7652241,42.6833121
-1.7651061,42.6832051
-1.7650016,42.6831737
-1.7647845,42.6830960
-1.7640854,42.6828353
-1.7628627,42.6823656
-1.7627697,42.6823255
-1.7626830,42.6822839
-1.7625614,42.6822141
-1.7624007,42.6821106
-1.7609070,42.6811346
-1.7607566,42.6810291
-1.7606670,42.6809763
-1.7605552,42.6809103
-1.7594954,42.6802205
-1.7584435,42.6795461
-1.7582868,42.6794456
-1.7581894,42.6794062
-1.7580982,42.6793575
-1.7580251,42.6793103
-1.7579883,42.6792622
-1.7579620,42.6792140
-1.7579537,42.6789362
-1.7579477,42.6787518
-1.7579068,42.6785197
-1.7578738,42.6783748
-1.7578708,42.6783028
-1.7578934,42.6782047
-1.7580259,42.6777460
-1.7581322,42.6773800
-1.7582279,42.6770929
-1.7583253,42.6768627
-1.7584108,42.6767231
-1.7587151,42.6762448
-1.7588763,42.6759846
-1.7589711,42.6758433
-1.7591000,42.6756534
-1.7592247,42.6754573
-1.7594505,42.6750038
-1.7595218,42.6748978
-1.7597249,42.6746261
-1.7598265,42.6744859
-1.7599624,42.6742576
-1.7601422,42.6740022
-1.7602516,42.6738620
-1.7602879,42.6738019
-1.7603213,42.6737239
-1.7603520,42.6736880
-1.7604221,42.6736613
-1.7604786,42.6736580
-1.7605308,42.6736439
-1.7605820,42.6735882
-1.7605865,42.6735833
-1.7606086,42.6735197
-1.7608991,42.6731363
-1.7610148,42.6729841
-1.7614430,42.6724214
-1.7614725,42.6724131
-1.7615287,42.6724129
-1.7616327,42.6724534
-1.7617039,42.6724761
-1.7620434,42.6725731
-1.7621436,42.6725984
-1.7623549,42.6726493
-1.7624467,42.6726532
-1.7625315,42.6726341
-1.7625793,42.6726045
-1.7626098,42.6725608
-1.7626452,42.6724466
-1.7633014,42.6724662
-1.7635637,42.6724843
-1.7635950,42.6724881
-1.7636439,42.6724810
-1.7639486,42.6724870
-1.7640656,42.6724999
-1.7641227,42.6724946
-1.7641823,42.6724919
-1.7642673,42.6725145
-1.7643641,42.6725175
-1.7644244,42.6725235
-1.7644554,42.6725281
-1.7646700,42.6725235
-1.7647376,42.6725377
-1.7648313,42.6725600
-1.7649181,42.6725980
-1.7652170,42.6730026
-1.7653427,42.6731334
-1.7654912,42.6732685
-1.7656369,42.6734079
-1.7657419,42.6734896
-1.7659261,42.6736024
-1.7661008,42.6736755
-1.7663002,42.6737341
-1.7668114,42.6738733
-1.7673151,42.6740243
-1.7680069,42.6742433
-1.7706132,42.6750376
-1.7706907,42.6750653
-1.7707657,42.6750967
-1.7708114,42.6751196
-1.7708546,42.6751500
-1.7709191,42.6751988
-1.7710224,42.6752963
-1.7712477,42.6755246
-1.7713266,42.6756239
-1.7714777,42.6757443
-1.7715292,42.6758308
-1.7715611,42.6760125
-1.7715679,42.6760759
-1.7715573,42.6761881
-1.7743002,42.6762038
-1.7766977,42.6762115
-1.7793293,42.6762195
-1.7803294,42.6762226
-1.7818748,42.6762381
-1.7820212,42.6762365
-1.7821341,42.6762353
-1.7833407,42.6762328
-1.7843299,42.6762622
-1.7845352,42.6762726
-1.7848022,42.6762861
-1.7850594,42.6763001
-1.7853378,42.6763180
-1.7862020,42.6763925
-1.7881041,42.6765632
-1.7892798,42.6766687
-1.7900837,42.6767364
-1.7903050,42.6767550
-1.7904157,42.6766684
-1.7905435,42.6765666
-1.7906791,42.6764623
-1.7907581,42.6763845
-1.7908707,42.6762397
-1.7909888,42.6761490
-1.7910928,42.6760913
-1.7912337,42.6760523
-1.7914216,42.6760218
-1.7916168,42.6759952
-1.7917084,42.6759916
-1.7918323,42.6759945
-1.7920148,42.6760173
-1.7921299,42.6760310
-1.7922570,42.6760363
-1.7924047,42.6760228
-1.7925459,42.6760014
-1.7928146,42.6759326
-1.7930771,42.6758508
-1.7934133,42.6757344
-1.7941308,42.6754534
-1.7944692,42.6753260
-1.7952803,42.6750290
-1.7957128,42.6748749
-1.7959478,42.6748143
-1.7963328,42.6747487
-1.7966442,42.6746945
-1.7967655,42.6746883
-1.7969411,42.6746850
-1.7971479,42.6746849
-1.7973730,42.6746803
-1.7975559,42.6746645
-1.7977757,42.6746081
-1.7979396,42.6745468
-1.7980876,42.6744685
-1.7983506,42.6743177
-1.7990214,42.6739729
-1.7991783,42.6738999
-1.7992996,42.6738554
-1.7994694,42.6738302
-1.7996771,42.6737827
-1.7999128,42.6737152
-1.8002282,42.6736573
-1.8004532,42.6736517
-1.8005791,42.6736530
-1.8009284,42.6736841
-1.8014465,42.6737206
-1.8021096,42.6737695
-1.8024955,42.6737933
-1.8027608,42.6737955
-1.8028823,42.6737850
-1.8029642,42.6737733
-1.8031755,42.6736959
-1.8034070,42.6736040
-1.8036237,42.6734896
-1.8040595,42.6732347
-1.8048400,42.6727689
-1.8050587,42.6726158
-1.8056811,42.6724859
-1.8061836,42.6723812
-1.8065593,42.6722917
-1.8066932,42.6722405
-1.8068378,42.6721611
-1.8069861,42.6720542
-1.8073208,42.6717631
-1.8079224,42.6723126
-1.8082094,42.6725634
-1.8084441,42.6727889
-1.8087186,42.6726714
-1.8089846,42.6725557
-1.8091823,42.6724908
-1.8093853,42.6724930
-1.8095127,42.6725117
-1.8097103,42.6725593
-1.8098299,42.6725804
-1.8098850,42.6725971
-1.8099649,42.6726305
-1.8100109,42.6727315
-1.8100249,42.6728109
-1.8103123,42.6731899</coordinates></LineString><LineString><coordinates>-3.6770266,42.3490611
-3.6769921,42.3490279
-3.6769582,42.3489952
-3.6769007,42.3489397
-3.6768717,42.3489118
-3.6768497,42.3488808
-3.6768429,42.3488518
-3.6768194,42.3487419
-3.6768253,42.3487315
-3.6768455,42.3486975
-3.6753263,42.3484867
-3.6752729,42.3484795
-3.6744677,42.3483794
-3.6732767,42.3482515
-3.6732299,42.3482478
-3.6732124,42.3482496
-3.6731991,42.3482563
-3.6731907,42.3482711
-3.6730859,42.3482565
-3.6730133,42.3482473
-3.6729030,42.3482326
-3.6729042,42.3482203
-3.6728990,42.3482096
-3.6728871,42.3482037
-3.6724948,42.3481452
-3.6724746,42.3481520
-3.6724640,42.3481631
-3.6724589,42.3481778
-3.6723661,42.3481626
-3.6722695,42.3481493
-3.6722781,42.3481120
-3.6722768,42.3481047
-3.6722680,42.3481010
-3.6720419,42.3480716
-3.6715935,42.3480091
-3.6712853,42.3479647
-3.6709237,42.3479115
-3.6708660,42.3479034
-3.6705355,42.3478562
-3.6703956,42.3478377
-3.6701799,42.3478066
-3.6701245,42.3477983
-3.6696324,42.3477296
-3.6694361,42.3477022
-3.6694298,42.3477013
-3.6693613,42.3476918
-3.6693501,42.3476902
-3.6690659,42.3476507
-3.6688771,42.3476235
-3.6687478,42.3476038
-3.6687118,42.3476106
-3.6686911,42.3476245
-3.6685821,42.3476083
-3.6684914,42.3475948
-3.6684955,42.3475772
-3.6684851,42.3475637
-3.6684635,42.3475568
-3.6683667,42.3475431
-3.6682103,42.3475204
-3.6681890,42.3475192
-3.6681735,42.3475272
-3.6681690,42.3475442
-3.6680580,42.3475277
-3.6679808,42.3475162
-3.6673269,42.3474187
-3.6672271,42.3474039
-3.6671275,42.3473896
-3.6668408,42.3473484
-3.6667961,42.3473425
-3.6666956,42.3474149
-3.6667064,42.3474675
-3.6666310,42.3474751
-3.6665838,42.3474797
-3.6665287,42.3474851
-3.6664547,42.3474927
-3.6663996,42.3474981
-3.6663534,42.3475022
-3.6663289,42.3475044
-3.6662121,42.3473328
-3.6661395,42.3472853
-3.6660163,42.3472176
-3.6659676,42.3472030
-3.6658467,42.3471760
-3.6656981,42.3471549
-3.6650395,42.3470615
-3.6650073,42.3470574
-3.6645296,42.3470386
-3.6643771,42.3470363
-3.6642464,42.3470129
-3.6639167,42.3469745
-3.6635170,42.3469216
-3.6634302,42.3469107
-3.6633614,42.3469097
-3.6633019,42.3469136
-3.6632553,42.3469223
-3.6631901,42.3469429
-3.6631393,42.3469667
-3.6630946,42.3469933
-3.6629919,42.3470766
-3.6629497,42.3470551
-3.6629376,42.3470490
-3.6629152,42.3470371
-3.6628617,42.3470096
-3.6627469,42.3469509
-3.6626972,42.3469250
-3.6626694,42.3469107
-3.6626537,42.3469026
-3.6625865,42.3468681
-3.6626067,42.3467731
-3.6608679,42.3465253
-3.6602424,42.3463860
-3.6601433,42.3463644
-3.6593308,42.3462469
-3.6591230,42.3462576
-3.6587075,42.3461967
-3.6586340,42.3461874
-3.6585668,42.3461777
-3.6584531,42.3461606
-3.6581776,42.3461198
-3.6581185,42.3461117
-3.6580312,42.3461005
-3.6575605,42.3460345
-3.6559698,42.3458101
-3.6559256,42.3458032
-3.6557576,42.3457769
-3.6556027,42.3457526
-3.6549473,42.3456631
-3.6545567,42.3456098
-3.6545218,42.3456108
-3.6544793,42.3456204
-3.6543533,42.3456766
-3.6543411,42.3456868
-3.6543296,42.3457039
-3.6543252,42.3457450
-3.6541955,42.3457317
-3.6540670,42.3457185
-3.6540704,42.3456731
-3.6540287,42.3456228
-3.6539575,42.3455574
-3.6538620,42.3454906
-3.6538305,42.3454823
-3.6537168,42.3454664
-3.6529938,42.3453649
-3.6528280,42.3453408
-3.6523206,42.3452703
-3.6519513,42.3452251
-3.6517599,42.3452026
-3.6517187,42.3451924
-3.6516962,42.3451869
-3.6512584,42.3451547
-3.6511800,42.3451482
-3.6508217,42.3451285
-3.6504211,42.3451039
-3.6500872,42.3450841
-3.6500593,42.3450867
-3.6500424,42.3450970
-3.6499946,42.3450950
-3.6491475,42.3450662
-3.6490803,42.3450660
-3.6489987,42.3450706
-3.6489209,42.3450836
-3.6488652,42.3451125
-3.6488357,42.3451435
-3.6488116,42.3451775
-3.6487982,42.3452089
-3.6487929,42.3452411
-3.6487841,42.3453198
-3.6487456,42.3453178
-3.6486540,42.3453131
-3.6484827,42.3453044
-3.6483541,42.3452978
-3.6483628,42.3452152
-3.6483557,42.3451985
-3.6483150,42.3451416
-3.6482804,42.3450905
-3.6482537,42.3450647
-3.6482167,42.3450453
-3.6481674,42.3450339
-3.6480602,42.3450132
-3.6480257,42.3450066
-3.6479294,42.3449935
-3.6478016,42.3449816
-3.6477692,42.3449801
-3.6477369,42.3449787
-3.6476478,42.3449876
-3.6475637,42.3449959
-3.6474910,42.3450031
-3.6474788,42.3450043
-3.6472763,42.3449935
-3.6471006,42.3449821
-3.6469289,42.3449724
-3.6468904,42.3449764
-3.6468238,42.3449741
-3.6466545,42.3449646
-3.6465722,42.3449559
-3.6464189,42.3449428
-3.6463073,42.3449366
-3.6461717,42.3449315
-3.6460369,42.3449241
-3.6458713,42.3449149
-3.6458080,42.3449063
-3.6457930,42.3449069
-3.6457786,42.3449040
-3.6457095,42.3449007
-3.6455895,42.3448971
-3.6452899,42.3448793
-3.6451770,42.3449468
-3.6451653,42.3450593
-3.6450486,42.3450510
-3.6449090,42.3450421
-3.6449204,42.3449266
-3.6448223,42.3448530
-3.6445155,42.3448346
-3.6444782,42.3448332
-3.6443683,42.3448263
-3.6442658,42.3448127
-3.6442049,42.3448055
-3.6440818,42.3447966
-3.6440334,42.3447933
-3.6438902,42.3447535
-3.6437589,42.3447383
-3.6435350,42.3447204
-3.6429844,42.3446886
-3.6422299,42.3446540
-3.6421376,42.3446434
-3.6420303,42.3445978
-3.6419820,42.3445885
-3.6419337,42.3445859
-3.6418249,42.3445789
-3.6417984,42.3445805
-3.6416849,42.3445740
-3.6415755,42.3445785
-3.6408183,42.3445289
-3.6407208,42.3445669
-3.6405547,42.3446316
-3.6392953,42.3447121
-3.6391845,42.3447719
-3.6390884,42.3448229
-3.6390311,42.3449084
-3.6389300,42.3450710
-3.6388204,42.3451858
-3.6387128,42.3452570
-3.6386073,42.3452889
-3.6385361,42.3452868
-3.6384586,42.3452814
-3.6382790,42.3452644
-3.6378049,42.3452629
-3.6376251,42.3452992
-3.6375419,42.3453226
-3.6374442,42.3453455
-3.6373769,42.3453381
-3.6373062,42.3453204
-3.6371915,42.3452843
-3.6370537,42.3452201
-3.6369794,42.3451673
-3.6368965,42.3450516
-3.6368715,42.3450015
-3.6368503,42.3449537
-3.6368186,42.3449078
-3.6367913,42.3448722
-3.6366245,42.3446589
-3.6365374,42.3445503
-3.6364736,42.3444816
-3.6363864,42.3444132
-3.6363000,42.3443809
-3.6358810,42.3443356
-3.6355170,42.3442815
-3.6352732,42.3442418
-3.6336657,42.3441432
-3.6335798,42.3441323
-3.6334792,42.3441318
-3.6334021,42.3441446
-3.6330228,42.3441287
-3.6323758,42.3440731
-3.6316749,42.3440269
-3.6295744,42.3438930
-3.6295112,42.3439163
-3.6294636,42.3439537
-3.6294273,42.3440060
-3.6293716,42.3440454
-3.6292819,42.3440597
-3.6291502,42.3440289
-3.6288550,42.3439455
-3.6286784,42.3439055
-3.6285219,42.3438786
-3.6282470,42.3438102
-3.6281783,42.3437983
-3.6281647,42.3437972
-3.6281292,42.3437985
-3.6280958,42.3437998
-3.6280942,42.3437853
-3.6280647,42.3437796
-3.6280237,42.3437736
-3.6279599,42.3437703
-3.6277862,42.3437754
-3.6276323,42.3437811
-3.6275778,42.3437926
-3.6275508,42.3437944
-3.6275281,42.3437958
-3.6274510,42.3438017
-3.6274151,42.3438108
-3.6273972,42.3438225
-3.6273907,42.3438540
-3.6272647,42.3438616
-3.6271760,42.3438668
-3.6271517,42.3438509
-3.6269590,42.3438640
-3.6268069,42.3438743
-3.6267746,42.3438766
-3.6267484,42.3438783
-3.6267461,42.3438697
-3.6267321,42.3438611
-3.6264927,42.3438764
-3.6264791,42.3438778
-3.6263676,42.3438874
-3.6262269,42.3439049
-3.6259744,42.3439309
-3.6259181,42.3439368
-3.6258720,42.3439359
-3.6258085,42.3439337
-3.6256361,42.3439107
-3.6254655,42.3438880
-3.6251479,42.3438473
-3.6248742,42.3437998
-3.6240322,42.3436443
-3.6234620,42.3435389
-3.6229632,42.3434550
-3.6223433,42.3433409
-3.6210237,42.3431138
-3.6203823,42.3430009
-3.6201767,42.3430145
-3.6189458,42.3427840
-3.6182662,42.3426545
-3.6178177,42.3425684
-3.6177662,42.3425592
-3.6172221,42.3424619
-3.6171567,42.3424502
-3.6159677,42.3422250
-3.6143816,42.3419241
-3.6131995,42.3417066
-3.6130188,42.3416838
-3.6110564,42.3413303
-3.6092740,42.3410147
-3.6090507,42.3409540
-3.6078341,42.3407358
-3.6069738,42.3405928
-3.6038279,42.3400397
-3.6034817,42.3399532
-3.6032323,42.3399268
-3.6016560,42.3396506
-3.6009212,42.3395149
-3.5998318,42.3393436
-3.5990449,42.3392329
-3.5981859,42.3390683
-3.5974222,42.3389403
-3.5971440,42.3389022
-3.5965441,42.3388645
-3.5963608,42.3388591
-3.5962023,42.3388672
-3.5960552,42.3388863
-3.5958865,42.3389185
-3.5956791,42.3389710
-3.5955537,42.3390108
-3.5953665,42.3390582
-3.5952324,42.3390834
-3.5950086,42.3390991
-3.5946697,42.3390846
-3.5944849,42.3390700
-3.5944007,42.3390552
-3.5943130,42.3390207
-3.5942078,42.3389604
-3.5939978,42.3388279
-3.5937524,42.3386692
-3.5935199,42.3385233
-3.5933439,42.3384375
-3.5923272,42.3380769
-3.5920200,42.3379912
-3.5918100,42.3379159
-3.5915682,42.3378501
-3.5909637,42.3377372
-3.5900283,42.3375867
-3.5891884,42.3374314
-3.5885457,42.3373233
-3.5878140,42.3371868
-3.5871713,42.3370646
-3.5866304,42.3369752
-3.5858478,42.3368341
-3.5849696,42.3366647
-3.5840024,42.3364954
-3.5832344,42.3363631
-3.5826916,42.3362696
-3.5817327,42.3361034
-3.5808367,42.3359379
-3.5806840,42.3359228
-3.5804550,42.3358513
-3.5802870,42.3358551
-3.5796761,42.3357384
-3.5790943,42.3356321
-3.5778864,42.3354058
-3.5772713,42.3353029
-3.5762304,42.3350972
-3.5751728,42.3349264
-3.5744464,42.3348277
-3.5735113,42.3346590
-3.5721030,42.3344224
-3.5711261,42.3342495
-3.5709953,42.3342310
-3.5708590,42.3342310
-3.5707643,42.3342393
-3.5706335,42.3342763
-3.5705278,42.3342783
-3.5704032,42.3342497
-3.5703464,42.3342419
-3.5702345,42.3342266
-3.5701833,42.3342196
-3.5701075,42.3342043
-3.5699823,42.3341467
-3.5699266,42.3340932
-3.5698877,42.3340459
-3.5698403,42.3340191
-3.5697485,42.3339903
-3.5695036,42.3339430
-3.5693143,42.3339080
-3.5690917,42.3338566
-3.5689525,42.3338463
-3.5686464,42.3338010
-3.5683708,42.3337599
-3.5681231,42.3337434
-3.5678699,42.3337105
-3.5675415,42.3336838
-3.5673266,42.3336699
-3.5667918,42.3336185
-3.5664395,42.3336024
-3.5660264,42.3335831
-3.5656046,42.3335510
-3.5653957,42.3335306
-3.5653089,42.3335221
-3.5649305,42.3335028
-3.5646653,42.3334996
-3.5644739,42.3334899
-3.5643174,42.3334867
-3.5641130,42.3334706
-3.5637825,42.3334449
-3.5630476,42.3333967
-3.5618604,42.3333324
-3.5617873,42.3333287
-3.5616777,42.3333227
-3.5611066,42.3332851
-3.5600687,42.3332167
-3.5599383,42.3332116
-3.5596208,42.3331877
-3.5592262,42.3331666
-3.5588219,42.3331400
-3.5583945,42.3331202
-3.5579205,42.3330881
-3.5576335,42.3330720
-3.5573030,42.3330656
-3.5569551,42.3330366
-3.5566072,42.3330174
-3.5562941,42.3329981
-3.5559114,42.3329756
-3.5554108,42.3329460
-3.5540314,42.3328606
-3.5516533,42.3327150
-3.5514155,42.3326999
-3.5511709,42.3326497
-3.5509577,42.3326620
-3.5502264,42.3326346
-3.5490781,42.3325643
-3.5490497,42.3325625
-3.5482015,42.3325090
-3.5479213,42.3324956
-3.5475692,42.3324787
-3.5472485,42.3324539
-3.5469327,42.3324267
-3.5465913,42.3324059
-3.5462423,42.3323801
-3.5458535,42.3323629
-3.5455514,42.3323464
-3.5448725,42.3322995
-3.5439512,42.3322333
-3.5435260,42.3322113
-3.5432239,42.3321837
-3.5430934,42.3321644
-3.5426943,42.3321506
-3.5423287,42.3321341
-3.5416686,42.3320817
-3.5411576,42.3320596
-3.5410233,42.3320431
-3.5408014,42.3320122
-3.5405000,42.3319931
-3.5401747,42.3319626
-3.5396600,42.3319323
-3.5392648,42.3319065
-3.5391527,42.3318992
-3.5390427,42.3318953
-3.5389178,42.3318909
-3.5385614,42.3318691
-3.5379789,42.3318382
-3.5372622,42.3317960
-3.5363235,42.3317347
-3.5359600,42.3317310
-3.5351730,42.3317200
-3.5346433,42.3317145
-3.5343524,42.3317089
-3.5337631,42.3317034
-3.5332775,42.3316788
-3.5328516,42.3316649
-3.5326835,42.3316627
-3.5324897,42.3316304
-3.5317122,42.3314304
-3.5316482,42.3314603
-3.5315895,42.3314873
-3.5313929,42.3315782
-3.5311781,42.3316687
-3.5309035,42.3317084
-3.5306171,42.3317437
-3.5283016,42.3320635
-3.5275675,42.3321407
-3.5274512,42.3321187
-3.5273139,42.3320988
-3.5271378,42.3320988
-3.5269349,42.3321672
-3.5257772,42.3324870
-3.5240614,42.3329944
-3.5234527,42.3331356
-3.5223188,42.3334819
-3.5212121,42.3337942
-3.5196311,42.3342498
-3.5182471,42.3346642
-3.5166914,42.3350899
-3.5152164,42.3355193
-3.5148578,42.3355902
-3.5146305,42.3356761
-3.5144840,42.3357209
-3.5141810,42.3357881
-3.5138274,42.3358964
-3.5134486,42.3360121
-3.5131055,42.3361211
-3.5129283,42.3361488
-3.5126529,42.3361257
-3.5123717,42.3360883
-3.5122830,42.3360862
-3.5122211,42.3361387
-3.5122048,42.3361605
-3.5121636,42.3362002
-3.5121563,42.3362971
-3.5121248,42.3363569
-3.5120766,42.3363962
-3.5120217,42.3364237
-3.5117351,42.3365195
-3.5108725,42.3367552
-3.5105088,42.3368373
-3.5102310,42.3369456
-3.5100800,42.3370125
-3.5099623,42.3370841
-3.5098221,42.3371964
-3.5097715,42.3373176
-3.5096988,42.3374192
-3.5093957,42.3376970
-3.5085916,42.3383989
-3.5082078,42.3387282
-3.5076298,42.3392083
-3.5075248,42.3393009
-3.5075046,42.3393577
-3.5074883,42.3394495
-3.5075329,42.3395608
-3.5075086,42.3396265
-3.5073349,42.3397609
-3.5071288,42.3398744
-3.5068823,42.3399461
-3.5063489,42.3400686
-3.5058276,42.3402149
-3.5048901,42.3404807
-3.5041468,42.3406938
-3.5026353,42.3411110
-3.5014635,42.3414186
-3.5011645,42.3414903
-3.5009786,42.3415709
-3.5008169,42.3416635
-3.5006109,42.3417262
-3.5003927,42.3417710
-3.4999603,42.3418995
-3.4995198,42.3420667
-3.4991844,42.3421533
-3.4985298,42.3424042
-3.4977984,42.3426790
-3.4968055,42.3430699
-3.4965949,42.3431523
-3.4955592,42.3435571
-3.4940641,42.3441208
-3.4928064,42.3445875
-3.4925386,42.3446920
-3.4924023,42.3446920
-3.4915337,42.3450188
-3.4898616,42.3456626
-3.4895888,42.3457821
-3.4890787,42.3460472
-3.4888921,42.3461409
-3.4887990,42.3460637
-3.4879119,42.3463645
-3.4874724,42.3465138
-3.4874017,42.3465213
-3.4872462,42.3464551
-3.4870978,42.3464493
-3.4870380,42.3464699
-3.4866534,42.3465933
-3.4861380,42.3467586
-3.4860380,42.3467907
-3.4858460,42.3468490
-3.4858182,42.3467974
-3.4856420,42.3468499
-3.4853974,42.3469229
-3.4850505,42.3470533
-3.4846742,42.3471532
-3.4838745,42.3474140
-3.4832454,42.3475617
-3.4826739,42.3476699
-3.4819694,42.3477790
-3.4812815,42.3478877
-3.4808052,42.3479224
-3.4802290,42.3480050
-3.4794352,42.3481223
-3.4778594,42.3483135
-3.4765423,42.3485004
-3.4758837,42.3485916
-3.4755015,42.3486351
-3.4746137,42.3487437
-3.4734965,42.3488567
-3.4734024,42.3488958
-3.4720442,42.3490697
-3.4713386,42.3491913
-3.4703773,42.3493090
-3.4694570,42.3494216
-3.4673520,42.3497215
-3.4665994,42.3498345
-3.4653918,42.3499907
-3.4652750,42.3499828
-3.4651588,42.3499648
-3.4650862,42.3499608
-3.4650048,42.3499618
-3.4649061,42.3499775
-3.4648195,42.3500022
-3.4647341,42.3500288
-3.4645673,42.3500796
-3.4642647,42.3501371
-3.4639475,42.3501647
-3.4637467,42.3501610
-3.4637111,42.3502496
-3.4635604,42.3503504
-3.4635625,42.3504165
-3.4635656,42.3505149
-3.4635524,42.3505704
-3.4634952,42.3507313
-3.4633487,42.3518970
-3.4631966,42.3529539
-3.4630693,42.3539392
-3.4630080,42.3543785
-3.4629576,42.3547282
-3.4629157,42.3548646
-3.4628707,42.3549769
-3.4628165,42.3550594
-3.4626738,42.3552417
-3.4624413,42.3555134
-3.4622841,42.3556970
-3.4621000,42.3559121
-3.4620116,42.3560255
-3.4619768,42.3561127
-3.4618088,42.3562648
-3.4617625,42.3563414
-3.4617415,42.3563761
-3.4616716,42.3565711
-3.4616495,42.3566316
-3.4616102,42.3567393
-3.4615673,42.3568091
-3.4614644,42.3568997
-3.4614266,42.3569224
-3.4613609,42.3569419
-3.4612163,42.3569731
-3.4611161,42.3569901
-3.4608697,42.3570347
-3.4607574,42.3570534
-3.4605296,42.3570978
-3.4604548,42.3571210
-3.4603733,42.3571484
-3.4601121,42.3572741
-3.4600471,42.3573126
-3.4598855,42.3574085
-3.4597930,42.3574658
-3.4596458,42.3575626
-3.4595217,42.3576442
-3.4592632,42.3578086
-3.4591109,42.3578949
-3.4586042,42.3581316
-3.4582567,42.3582939
-3.4580893,42.3583941
-3.4578905,42.3585488
-3.4575347,42.3588603
-3.4573030,42.3590547
-3.4570533,42.3592314
-3.4568007,42.3593894
-3.4563866,42.3596148
-3.4558065,42.3599185
-3.4553099,42.3601837
-3.4547496,42.3604753
-3.4540395,42.3608542
-3.4533473,42.3612154
-3.4529366,42.3614313
-3.4528241,42.3615258
-3.4527302,42.3616113
-3.4526695,42.3616984
-3.4525420,42.3619631
-3.4524191,42.3622347
-3.4522724,42.3625665
-3.4520661,42.3630567
-3.4518611,42.3635340
-3.4516795,42.3639393
-3.4515878,42.3641161
-3.4514443,42.3643304
-3.4511782,42.3647181
-3.4510660,42.3648771
-3.4507955,42.3651975
-3.4504008,42.3656183
-3.4499688,42.3660800
-3.4497879,42.3662711
-3.4496593,42.3663937
-3.4495292,42.3665019
-3.4492901,42.3666698
-3.4490314,42.3668289
-3.4487982,42.3669625
-3.4485815,42.3670686
-3.4483438,42.3671702
-3.4480942,42.3672690
-3.4478284,42.3673622
-3.4475066,42.3674308
-3.4470760,42.3675015
-3.4464855,42.3675921
-3.4462194,42.3676440
-3.4461059,42.3676738
-3.4460154,42.3677162
-3.4459279,42.3677744
-3.4458188,42.3678716
-3.4456065,42.3681223
-3.4451640,42.3686977
-3.4449413,42.3689761
-3.4448137,42.3691155
-3.4447304,42.3691888
-3.4446222,42.3692680
-3.4444154,42.3694071
-3.4438574,42.3697271
-3.4432654,42.3700872
-3.4428723,42.3703467
-3.4426839,42.3704881
-3.4425359,42.3706361
-3.4423864,42.3708073
-3.4417092,42.3717295
-3.4416039,42.3718775
-3.4415516,42.3719736
-3.4415057,42.3721165
-3.4413887,42.3726329
-3.4412631,42.3731785
-3.4411538,42.3736940
-3.4411211,42.3739903
-3.4411159,42.3741753
-3.4411307,42.3744049
-3.4412533,42.3753935
-3.4412858,42.3756604
-3.4413241,42.3759749</coordinates></LineString><LineString><coordinates>-2.1178743,42.6045090
-2.1178531,42.6044385
-2.1178046,42.6043529
-2.1175951,42.6042089
-2.1172018,42.6040097
-2.1166980,42.6037620
-2.1163004,42.6035645
-2.1162164,42.6035264
-2.1161465,42.6035460
-2.1160899,42.6035728
-2.1160321,42.6036249
-2.1158791,42.6038676
-2.1155942,42.6043107
-2.1151986,42.6047908
-2.1147609,42.6052874
-2.1146497,42.6054223
-2.1145205,42.6054580
-2.1143551,42.6056264
-2.1142473,42.6056863
-2.1140583,42.6057121
-2.1137631,42.6057022
-2.1136189,42.6057596
-2.1131049,42.6059820
-2.1127988,42.6061016
-2.1127046,42.6062119
-2.1126344,42.6064916
-2.1125451,42.6066576
-2.1125371,42.6067469
-2.1125794,42.6068905
-2.1125298,42.6069349
-2.1124699,42.6069716
-2.1123638,42.6070116
-2.1121154,42.6070242
-2.1120372,42.6070363
-2.1118287,42.6070685
-2.1115182,42.6071045
-2.1111186,42.6071021
-2.1108464,42.6071143
-2.1106670,42.6071374
-2.1104463,42.6071147
-2.1100500,42.6070840
-2.1099022,42.6071962
-2.1095655,42.6074422
-2.1093540,42.6076384
-2.1090544,42.6077698
-2.1089461,42.6078193
-2.1085948,42.6079155
-2.1081666,42.6081369
-2.1077575,42.6083775
-2.1074420,42.6084773
-2.1073352,42.6085244
-2.1071848,42.6086181
-2.1068752,42.6087048
-2.1064096,42.6087648
-2.1060924,42.6088395
-2.1057845,42.6088828
-2.1054588,42.6088898
-2.1051319,42.6091022
-2.1048405,42.6092860
-2.1046211,42.6094008
-2.1044361,42.6094776
-2.1041913,42.6095596
-2.1040504,42.6096120
-2.1039492,42.6096574
-2.1038179,42.6097466
-2.1035780,42.6099702
-2.1034304,42.6100518
-2.1033120,42.6101192
-2.1030667,42.6101977
-2.1027479,42.6102965
-2.1026282,42.6103263
-2.1024059,42.6103883
-2.1021238,42.6104556
-2.1017107,42.6105097
-2.1015078,42.6105392
-2.1014324,42.6105501
-2.1007234,42.6106350
-2.1006129,42.6106545
-2.1002999,42.6107099
-2.1000203,42.6107881
-2.0998327,42.6108608
-2.0996295,42.6109410
-2.0995247,42.6109115
-2.0994140,42.6108600
-2.0993496,42.6108414
-2.0992662,42.6108393
-2.0991624,42.6108716
-2.0989852,42.6109634
-2.0988286,42.6110827
-2.0985627,42.6113428
-2.0982712,42.6116002
-2.0980272,42.6118791
-2.0978486,42.6120641
-2.0978198,42.6122608
-2.0976538,42.6122828
-2.0975664,42.6122977
-2.0973936,42.6123192
-2.0971761,42.6123057
-2.0970574,42.6123218
-2.0969222,42.6123574
-2.0967947,42.6124036
-2.0966502,42.6124258
-2.0964111,42.6124427
-2.0962871,42.6124586
-2.0961894,42.6124970
-2.0960916,42.6125459
-2.0958222,42.6127300
-2.0955842,42.6129231
-2.0954210,42.6129874
-2.0953111,42.6130308
-2.0951219,42.6130552
-2.0948594,42.6131153
-2.0947109,42.6131193
-2.0945267,42.6131048
-2.0943694,42.6130697
-2.0942782,42.6130593
-2.0942082,42.6130715
-2.0941581,42.6131095
-2.0940486,42.6132396
-2.0939518,42.6133371
-2.0938780,42.6133945
-2.0937733,42.6134347
-2.0937180,42.6134447
-2.0936602,42.6134552
-2.0934926,42.6135088
-2.0932651,42.6136190
-2.0931238,42.6136774
-2.0928430,42.6137370
-2.0925883,42.6137908
-2.0921826,42.6139008
-2.0917503,42.6139439
-2.0913861,42.6139962
-2.0912157,42.6140126
-2.0908571,42.6140472
-2.0904679,42.6140748
-2.0902097,42.6141331
-2.0900436,42.6142476
-2.0898575,42.6144961
-2.0896035,42.6148193
-2.0894992,42.6149478
-2.0893961,42.6150391
-2.0890079,42.6152779
-2.0888758,42.6153331
-2.0888009,42.6153481
-2.0885394,42.6154344
-2.0882487,42.6155015
-2.0877851,42.6156799
-2.0875539,42.6158169
-2.0874618,42.6159516
-2.0872486,42.6162277
-2.0870735,42.6165061
-2.0868017,42.6167461
-2.0867098,42.6168541
-2.0865543,42.6170731
-2.0865022,42.6173136
-2.0864011,42.6176992
-2.0863019,42.6180286
-2.0862591,42.6183344
-2.0862611,42.6184825
-2.0862091,42.6186298
-2.0861463,42.6187196
-2.0861550,42.6189823
-2.0861643,42.6192607
-2.0861858,42.6193180
-2.0863057,42.6196378
-2.0863596,42.6197815
-2.0863932,42.6200576
-2.0863730,42.6202260
-2.0863806,42.6204290
-2.0864494,42.6204954
-2.0863865,42.6205762
-2.0863201,42.6206518
-2.0862418,42.6207064
-2.0861309,42.6207615
-2.0859781,42.6208472
-2.0858365,42.6209175
-2.0857444,42.6209423
-2.0856614,42.6209467
-2.0852146,42.6209758
-2.0850690,42.6209847
-2.0848807,42.6210268
-2.0847259,42.6211019
-2.0843464,42.6212684
-2.0841460,42.6215281
-2.0839476,42.6217640
-2.0839555,42.6218450
-2.0839604,42.6218948
-2.0840238,42.6221009
-2.0840204,42.6222386
-2.0839843,42.6223623
-2.0839168,42.6224973
-2.0838491,42.6225920
-2.0836384,42.6228148
-2.0835085,42.6229253
-2.0833777,42.6231711
-2.0831954,42.6234208
-2.0830125,42.6236273
-2.0828939,42.6237423
-2.0828151,42.6238293
-2.0826128,42.6243165
-2.0825469,42.6244166
-2.0823876,42.6246246
-2.0822442,42.6248200
-2.0821349,42.6250088
-2.0820582,42.6252124
-2.0820058,42.6253388
-2.0818046,42.6256978
-2.0817886,42.6257731
-2.0817636,42.6259219
-2.0817205,42.6263118
-2.0817141,42.6264879
-2.0816853,42.6265757
-2.0816338,42.6266788
-2.0815411,42.6267566
-2.0813412,42.6269907
-2.0811456,42.6271993
-2.0810285,42.6273644
-2.0809523,42.6275061
-2.0809086,42.6276248
-2.0808626,42.6277348
-2.0808185,42.6278864
-2.0807923,42.6280632
-2.0807627,42.6281436
-2.0807214,42.6282145
-2.0805951,42.6283942
-2.0804238,42.6286344
-2.0803012,42.6288305
-2.0802228,42.6289776
-2.0800484,42.6293542
-2.0797661,42.6295994
-2.0794770,42.6297909
-2.0792279,42.6299110
-2.0791215,42.6299218
-2.0789431,42.6298804
-2.0786780,42.6298210
-2.0785370,42.6298148
-2.0784127,42.6298408
-2.0782355,42.6299087
-2.0780362,42.6300266
-2.0778304,42.6301737
-2.0776706,42.6302754
-2.0775443,42.6303459
-2.0774341,42.6304074
-2.0771955,42.6304992
-2.0769609,42.6306139
-2.0768581,42.6306899
-2.0766513,42.6308675
-2.0764801,42.6310934
-2.0763948,42.6312648
-2.0762876,42.6314725
-2.0761065,42.6317777
-2.0760039,42.6319118
-2.0759053,42.6319765
-2.0756815,42.6320816
-2.0753276,42.6321835
-2.0751175,42.6322503
-2.0748943,42.6323549
-2.0745959,42.6324961
-2.0744517,42.6324453
-2.0742912,42.6324400
-2.0741429,42.6324740
-2.0738214,42.6325441
-2.0736643,42.6325542
-2.0735471,42.6326017
-2.0734754,42.6326307
-2.0733148,42.6327106
-2.0731021,42.6326721
-2.0726451,42.6327986
-2.0724513,42.6327989
-2.0723841,42.6328983
-2.0722112,42.6329473
-2.0719873,42.6330547
-2.0718346,42.6334004
-2.0716802,42.6335111
-2.0714724,42.6336038
-2.0709649,42.6337839
-2.0709265,42.6338217
-2.0709140,42.6338882
-2.0708415,42.6339066
-2.0706980,42.6338325
-2.0704637,42.6338890
-2.0702336,42.6339114
-2.0697954,42.6338645
-2.0692002,42.6339653
-2.0688328,42.6338965
-2.0683901,42.6339091
-2.0680239,42.6340452
-2.0678037,42.6340969
-2.0677748,42.6341402
-2.0677225,42.6341919
-2.0677318,42.6342673
-2.0674335,42.6343280
-2.0671875,42.6345273
-2.0671200,42.6347007
-2.0666893,42.6348278
-2.0665028,42.6348828
-2.0660329,42.6350418
-2.0658437,42.6351166
-2.0657581,42.6351736
-2.0656851,42.6352455
-2.0655770,42.6352942
-2.0653968,42.6354142
-2.0653261,42.6354623
-2.0652339,42.6355561
-2.0649153,42.6357300
-2.0646568,42.6358572
-2.0645695,42.6358951
-2.0639387,42.6360730
-2.0636871,42.6361541
-2.0635872,42.6361878
-2.0633820,42.6363015
-2.0632880,42.6363447
-2.0630246,42.6364348
-2.0629668,42.6364546
-2.0627365,42.6365195
-2.0622353,42.6366607
-2.0618651,42.6367788
-2.0615810,42.6368171
-2.0613411,42.6368475
-2.0611192,42.6368718
-2.0610063,42.6368808
-2.0606640,42.6369665
-2.0604017,42.6370325
-2.0601053,42.6371161
-2.0598330,42.6371129
-2.0594090,42.6371722
-2.0587314,42.6373332
-2.0583212,42.6375955
-2.0581742,42.6376810
-2.0580239,42.6377449
-2.0577379,42.6378370
-2.0576526,42.6378630
-2.0575749,42.6378866
-2.0574099,42.6379674
-2.0569201,42.6382063
-2.0566794,42.6383719
-2.0562444,42.6386711
-2.0561710,42.6387591
-2.0560728,42.6391016
-2.0559872,42.6391955
-2.0556913,42.6393482
-2.0546951,42.6397476
-2.0544850,42.6397794
-2.0541385,42.6397896
-2.0539653,42.6398489
-2.0537897,42.6398793
-2.0535883,42.6400315
-2.0533607,42.6401755
-2.0532422,42.6402566
-2.0530205,42.6403828
-2.0528721,42.6404914
-2.0528079,42.6405508
-2.0523804,42.6408448
-2.0518308,42.6410985
-2.0515183,42.6412180
-2.0510213,42.6415260
-2.0505671,42.6417129
-2.0499974,42.6420270
-2.0493677,42.6422645
-2.0487187,42.6425973
-2.0485800,42.6425733
-2.0484500,42.6425752
-2.0483218,42.6426456
-2.0480462,42.6428137
-2.0475500,42.6430537
-2.0472842,42.6432173
-2.0471392,42.6433690
-2.0468085,42.6435011
-2.0466982,42.6436313
-2.0468659,42.6436416
-2.0469949,42.6437500
-2.0467776,42.6438723
-2.0467957,42.6439611
-2.0467918,42.6440433
-2.0470275,42.6442520
-2.0471544,42.6443682
-2.0473118,42.6445124
-2.0477947,42.6449551
-2.0479178,42.6450974
-2.0480168,42.6452559
-2.0480953,42.6454545
-2.0481123,42.6456624
-2.0481089,42.6458063
-2.0480887,42.6459195
-2.0480195,42.6461654
-2.0479960,42.6462501
-2.0479825,42.6462988</coordinates></LineString><LineString><coordinates>-7.3453213,42.7351027
-7.3454234,42.7351586
-7.3460608,42.7354699
-7.3462140,42.7355637
-7.3462720,42.7356282
-7.3463087,42.7356892
-7.3463202,42.7357802
-7.3462981,42.7358847
-7.3463138,42.7360103
-7.3463328,42.7362378
-7.3463284,42.7364911
-7.3463260,42.7367398
-7.3465486,42.7367594
-7.3467006,42.7367617
-7.3468648,42.7367396
-7.3470360,42.7367510
-7.3478520,42.7368790
-7.3482397,42.7370300
-7.3486970,42.7371633
-7.3494314,42.7373252
-7.3497859,42.7373687
-7.3501690,42.7373540
-7.3503860,42.7373130
-7.3505924,42.7371823
-7.3506440,42.7371051
-7.3506870,42.7370080
-7.3507420,42.7368541
-7.3507625,42.7368339
-7.3507930,42.7368304
-7.3508152,42.7368399
-7.3508260,42.7368650
-7.3508354,42.7370124
-7.3507885,42.7373082
-7.3507412,42.7373896
-7.3506500,42.7374900
-7.3502706,42.7376495
-7.3502076,42.7377017
-7.3501899,42.7377722
-7.3502518,42.7378278
-7.3503580,42.7378550
-7.3508170,42.7377950
-7.3509980,42.7378150
-7.3512710,42.7379190
-7.3515543,42.7380259
-7.3519330,42.7382500
-7.3522614,42.7384269
-7.3525330,42.7385413
-7.3530160,42.7387160
-7.3531840,42.7388260
-7.3533143,42.7390301
-7.3534137,42.7392546
-7.3534283,42.7393661
-7.3533380,42.7396860
-7.3533450,42.7398200
-7.3533620,42.7399100
-7.3534160,42.7399500
-7.3535470,42.7400310
-7.3537000,42.7400690
-7.3539305,42.7401375
-7.3542682,42.7401432
-7.3545364,42.7401310
-7.3548210,42.7401200
-7.3549230,42.7401050
-7.3550420,42.7401130
-7.3551750,42.7400780
-7.3553440,42.7400911
-7.3552789,42.7404672
-7.3553172,42.7405866
-7.3554325,42.7408840
-7.3555619,42.7411195
-7.3558432,42.7413405
-7.3561328,42.7415099
-7.3564450,42.7417247
-7.3567966,42.7419974
-7.3570047,42.7422535
-7.3570441,42.7423836
-7.3570694,42.7426108
-7.3570806,42.7430487
-7.3571554,42.7433254
-7.3576807,42.7438715
-7.3576979,42.7439043
-7.3577467,42.7439970
-7.3577692,42.7441293
-7.3577752,42.7442501
-7.3578839,42.7444822
-7.3579087,42.7447565
-7.3579330,42.7449330
-7.3579406,42.7451620
-7.3579157,42.7454540
-7.3579760,42.7457164
-7.3580360,42.7459200
-7.3580813,42.7460969
-7.3581462,42.7463072
-7.3582183,42.7465525
-7.3582641,42.7467564
-7.3582476,42.7469467
-7.3582461,42.7470400
-7.3582822,42.7470850
-7.3583250,42.7471089
-7.3584600,42.7471780
-7.3585170,42.7472265
-7.3585670,42.7472960
-7.3587170,42.7476970
-7.3587655,42.7478754
-7.3587524,42.7479426
-7.3586817,42.7479903
-7.3581784,42.7481332
-7.3579211,42.7481912
-7.3578360,42.7482201
-7.3576603,42.7483194
-7.3575531,42.7483420
-7.3574465,42.7483405
-7.3569303,42.7482672
-7.3566888,42.7482635
-7.3564760,42.7482500
-7.3561490,42.7482680
-7.3559945,42.7482932
-7.3558328,42.7483522
-7.3554840,42.7485120
-7.3553672,42.7485807
-7.3553509,42.7486032
-7.3553153,42.7486525
-7.3553358,42.7487828
-7.3555260,42.7490920
-7.3556180,42.7492940
-7.3555880,42.7495430
-7.3556150,42.7497110
-7.3560119,42.7501863
-7.3560951,42.7504298
-7.3563000,42.7509609
-7.3564010,42.7511262
-7.3565184,42.7513105
-7.3565473,42.7514904
-7.3565366,42.7516707
-7.3564893,42.7517576
-7.3564149,42.7517963
-7.3561159,42.7518463
-7.3559541,42.7518673
-7.3557424,42.7518926
-7.3556483,42.7519089
-7.3555622,42.7519285
-7.3554971,42.7519505
-7.3554607,42.7519628
-7.3553762,42.7520157
-7.3553260,42.7520576
-7.3551964,42.7522829
-7.3551721,42.7523569
-7.3551543,42.7523811
-7.3551326,42.7523976
-7.3551044,42.7524010
-7.3549953,42.7523939
-7.3549351,42.7523931
-7.3549152,42.7523978
-7.3548597,42.7524187
-7.3547289,42.7524887
-7.3544921,42.7526415
-7.3544477,42.7527318
-7.3544108,42.7528242
-7.3543254,42.7529480
-7.3542506,42.7530254
-7.3542025,42.7530805
-7.3541861,42.7531275
-7.3541604,42.7532001
-7.3541593,42.7532708
-7.3541671,42.7534034
-7.3541770,42.7535416
-7.3541675,42.7536783
-7.3541260,42.7539840
-7.3540973,42.7541035
-7.3540644,42.7542181
-7.3540287,42.7542996
-7.3539900,42.7543782
-7.3539589,42.7544334
-7.3539157,42.7544763
-7.3536244,42.7550863
-7.3533780,42.7554769
-7.3533032,42.7555754
-7.3532683,42.7556887
-7.3532478,42.7557730
-7.3532524,42.7558657
-7.3532724,42.7560349
-7.3532979,42.7560788
-7.3533265,42.7561056
-7.3533564,42.7561254
-7.3533732,42.7561427
-7.3533746,42.7561641
-7.3533445,42.7562103
-7.3532724,42.7562690
-7.3531740,42.7562991
-7.3530307,42.7563290
-7.3524299,42.7563165
-7.3523131,42.7563256
-7.3522379,42.7563433
-7.3521970,42.7563571
-7.3521520,42.7563790
-7.3519755,42.7565180
-7.3519559,42.7565736
-7.3519951,42.7566482
-7.3520328,42.7566886
-7.3521342,42.7567756
-7.3521627,42.7568356
-7.3521845,42.7569455
-7.3521637,42.7571002
-7.3520808,42.7573761
-7.3520584,42.7575034
-7.3520651,42.7576274
-7.3520961,42.7577824
-7.3521377,42.7579366
-7.3522873,42.7582031
-7.3525794,42.7586243
-7.3527938,42.7587655
-7.3530028,42.7589073
-7.3533120,42.7591579
-7.3537040,42.7595222
-7.3537639,42.7596103
-7.3538036,42.7597055
-7.3538127,42.7597729
-7.3538139,42.7598474
-7.3537706,42.7600754
-7.3537475,42.7603018
-7.3538618,42.7609657
-7.3538592,42.7610999
-7.3538194,42.7612361
-7.3537540,42.7613585
-7.3536587,42.7614601
-7.3533943,42.7616417
-7.3530740,42.7618561
-7.3527071,42.7620802
-7.3525349,42.7621205
-7.3523718,42.7621228
-7.3522123,42.7620448
-7.3520118,42.7620020
-7.3518358,42.7620594
-7.3516733,42.7621773
-7.3515656,42.7622578
-7.3512510,42.7624253
-7.3507147,42.7627334
-7.3503837,42.7628044
-7.3502276,42.7629168
-7.3501682,42.7632202
-7.3501198,42.7634477
-7.3500607,42.7637242
-7.3500430,42.7640345
-7.3500723,42.7641886
-7.3501997,42.7645493
-7.3502305,42.7646907
-7.3502993,42.7651651
-7.3502647,42.7652459
-7.3502058,42.7653142
-7.3500843,42.7654113
-7.3500475,42.7654875
-7.3500677,42.7655696
-7.3501364,42.7657210
-7.3501535,42.7658179
-7.3501293,42.7659184
-7.3500422,42.7660246
-7.3497597,42.7662046
-7.3496293,42.7663163
-7.3495182,42.7664547
-7.3494070,42.7665722
-7.3492527,42.7666662
-7.3490259,42.7668511
-7.3488739,42.7670555
-7.3488235,42.7671506
-7.3488263,42.7672300
-7.3488928,42.7673035
-7.3490135,42.7673535
-7.3491020,42.7673721
-7.3492189,42.7673768
-7.3494045,42.7673335
-7.3496245,42.7672894
-7.3498974,42.7672771
-7.3501676,42.7672793
-7.3504057,42.7673083
-7.3505884,42.7673631
-7.3507196,42.7674216
-7.3508281,42.7674867
-7.3509361,42.7675904
-7.3510053,42.7676867
-7.3510595,42.7678171
-7.3510673,42.7678901
-7.3510617,42.7679620
-7.3507961,42.7688420
-7.3508036,42.7689779
-7.3508462,42.7690690
-7.3509903,42.7692181
-7.3511095,42.7693207
-7.3512267,42.7693779
-7.3513545,42.7693965
-7.3515230,42.7693940
-7.3516831,42.7694074
-7.3519954,42.7694481
-7.3521403,42.7694588
-7.3522492,42.7694551
-7.3523463,42.7694368
-7.3525743,42.7693808
-7.3527587,42.7693413
-7.3528348,42.7693409
-7.3529040,42.7693501
-7.3530355,42.7693681
-7.3531173,42.7693854
-7.3532054,42.7693965
-7.3532962,42.7693923
-7.3534354,42.7693633
-7.3535625,42.7693209
-7.3536696,42.7692919
-7.3537506,42.7692908
-7.3538865,42.7693083
-7.3540385,42.7693621
-7.3544250,42.7695696
-7.3548763,42.7697979
-7.3550320,42.7699006
-7.3552037,42.7700506
-7.3552955,42.7701906
-7.3553544,42.7703072
-7.3553751,42.7703695
-7.3553918,42.7704221
-7.3555572,42.7705441
-7.3557136,42.7706914
-7.3558091,42.7708016
-7.3560339,42.7709712
-7.3561221,42.7710377
-7.3561577,42.7710903
-7.3562182,42.7711847
-7.3562642,42.7712502
-7.3563476,42.7713334
-7.3564230,42.7713840
-7.3565550,42.7714463
-7.3566377,42.7714748
-7.3567331,42.7715083
-7.3569895,42.7715628
-7.3570871,42.7715876
-7.3575116,42.7717149
-7.3579628,42.7719288
-7.3580299,42.7719697
-7.3581092,42.7720033
-7.3582220,42.7720234
-7.3584348,42.7721549
-7.3585990,42.7723239
-7.3588130,42.7724204
-7.3590969,42.7725177
-7.3594678,42.7725758
-7.3597156,42.7726367
-7.3598273,42.7726977
-7.3600865,42.7727814
-7.3607151,42.7728554
-7.3610650,42.7729673
-7.3613268,42.7730230
-7.3614696,42.7730853
-7.3616162,42.7732831
-7.3616990,42.7733661
-7.3617910,42.7734668
-7.3617928,42.7735513
-7.3617982,42.7736337</coordinates></LineString><LineString><coordinates>-7.3454234,42.7351586
-7.3453085,42.7351431
-7.3452320,42.7351178
-7.3449210,42.7349922
-7.3445855,42.7347564
-7.3443981,42.7345864
-7.3440724,42.7342436
-7.3439581,42.7340482
-7.3439396,42.7338381
-7.3439045,42.7335984
-7.3439185,42.7334621
-7.3439180,42.7333053
-7.3439059,42.7331550
-7.3438170,42.7329945
-7.3437593,42.7328358
-7.3438870,42.7327320
-7.3439331,42.7327003
-7.3440914,42.7326752
-7.3443932,42.7326127
-7.3446830,42.7326000
-7.3448500,42.7325500
-7.3449308,42.7324805
-7.3449567,42.7323942
-7.3449327,42.7322101
-7.3447830,42.7320000
-7.3445830,42.7318500
-7.3445469,42.7318057
-7.3446077,42.7317565
-7.3446329,42.7317037
-7.3446343,42.7316503
-7.3445788,42.7315519
-7.3444660,42.7313830
-7.3444201,42.7312726
-7.3444048,42.7311963
-7.3443996,42.7310718
-7.3444248,42.7309734
-7.3444665,42.7308691
-7.3445330,42.7307830
-7.3445918,42.7307367
-7.3446830,42.7307000
-7.3447663,42.7306757
-7.3448742,42.7306760
-7.3452000,42.7307330
-7.3455272,42.7307912
-7.3458363,42.7308323
-7.3459899,42.7308310
-7.3460930,42.7308027
-7.3461925,42.7307351
-7.3465043,42.7303391
-7.3467207,42.7301226
-7.3468128,42.7300364
-7.3469154,42.7298781
-7.3469672,42.7297321
-7.3470071,42.7295563
-7.3470256,42.7293517
-7.3470000,42.7291330
-7.3468458,42.7285740
-7.3467915,42.7284416
-7.3465330,42.7281160
-7.3460185,42.7276620
-7.3454801,42.7272735
-7.3451858,42.7270803
-7.3451029,42.7269980
-7.3450479,42.7268976
-7.3450822,42.7268519
-7.3445938,42.7266717
-7.3440600,42.7264707
-7.3435397,42.7262651
-7.3433446,42.7261932
-7.3431783,42.7261163
-7.3430596,42.7260234
-7.3429635,42.7259057
-7.3429564,42.7258445
-7.3429637,42.7256080
-7.3429534,42.7254479
-7.3429079,42.7252456
-7.3428965,42.7250978
-7.3429013,42.7249726
-7.3429586,42.7248404
-7.3429882,42.7247816
-7.3429779,42.7247075
-7.3429223,42.7246480
-7.3428411,42.7246377
-7.3427741,42.7246127
-7.3427165,42.7245681
-7.3426084,42.7244310
-7.3425103,42.7243445
-7.3424808,42.7243185
-7.3422929,42.7242059
-7.3420559,42.7241114
-7.3418063,42.7240573
-7.3416242,42.7240401
-7.3413629,42.7240721
-7.3412645,42.7241070
-7.3411934,42.7241322
-7.3410157,42.7242067
-7.3406617,42.7243900
-7.3403184,42.7246067
-7.3399187,42.7248550
-7.3397828,42.7249308
-7.3387063,42.7255308
-7.3384247,42.7256629
-7.3381518,42.7257439
-7.3377783,42.7258146
-7.3375293,42.7258411
-7.3373045,42.7258686
-7.3371766,42.7258876
-7.3370118,42.7259221
-7.3366988,42.7260409
-7.3364781,42.7262008
-7.3364528,42.7262299
-7.3363440,42.7263339
-7.3361939,42.7265229
-7.3359580,42.7269038
-7.3358875,42.7270253
-7.3358567,42.7270782
-7.3348136,42.7288462
-7.3346080,42.7291960
-7.3343464,42.7296125
-7.3341867,42.7298525
-7.3339129,42.7301706
-7.3337267,42.7303475
-7.3336245,42.7304345
-7.3335208,42.7305024
-7.3333940,42.7305627
-7.3332585,42.7306041
-7.3331173,42.7306240
-7.3329647,42.7306277
-7.3327472,42.7305988
-7.3325341,42.7305402
-7.3320910,42.7303973
-7.3318912,42.7303263
-7.3318285,42.7302990
-7.3317093,42.7302470
-7.3312364,42.7299816
-7.3310480,42.7298731
-7.3308635,42.7297581
-7.3306019,42.7295950
-7.3302811,42.7294033
-7.3299543,42.7292183
-7.3297850,42.7291284
-7.3296049,42.7290537
-7.3295127,42.7290200
-7.3294074,42.7289912
-7.3293057,42.7289693
-7.3291980,42.7289567
-7.3290642,42.7289534
-7.3290411,42.7289542
-7.3289267,42.7289584
-7.3287893,42.7289703
-7.3286659,42.7289846
-7.3285331,42.7290023
-7.3283983,42.7290251
-7.3282649,42.7290532
-7.3281438,42.7290860
-7.3278489,42.7291844
-7.3276986,42.7292388
-7.3275583,42.7292932
-7.3274397,42.7293428
-7.3273270,42.7294031
-7.3272254,42.7294657
-7.3271369,42.7295304
-7.3269599,42.7296566
-7.3268825,42.7297365
-7.3268249,42.7298137
-7.3267537,42.7299122
-7.3266879,42.7300106
-7.3266341,42.7301124
-7.3266041,42.7302350
-7.3265961,42.7302680
-7.3265851,42.7303253
-7.3265841,42.7303413
-7.3265779,42.7304358
-7.3265866,42.7305080
-7.3265874,42.7305565
-7.3266264,42.7306353
-7.3266621,42.7307092
-7.3267668,42.7308863
-7.3268342,42.7310195
-7.3268669,42.7311194
-7.3268843,42.7312211
-7.3269074,42.7314350
-7.3269258,42.7316299
-7.3269454,42.7318602
-7.3269466,42.7318825
-7.3269387,42.7319449
-7.3269181,42.7320004
-7.3268934,42.7320517
-7.3268377,42.7321502
-7.3267736,42.7322501
-7.3267365,42.7323021
-7.3267034,42.7323399
-7.3266068,42.7324234
-7.3264947,42.7325043
-7.3262769,42.7326645
-7.3261864,42.7327291
-7.3261303,42.7327540
-7.3260694,42.7327707
-7.3260029,42.7327791
-7.3259529,42.7327792
-7.3259002,42.7327724
-7.3258633,42.7327630
-7.3258358,42.7327532
-7.3257786,42.7327234
-7.3256603,42.7326235
-7.3255680,42.7325378
-7.3254256,42.7324135
-7.3253250,42.7323523
-7.3252369,42.7323181
-7.3250553,42.7322675
-7.3247788,42.7322358
-7.3248619,42.7321796
-7.3249605,42.7321203
-7.3249910,42.7320990
-7.3250560,42.7320690
-7.3251580,42.7320200
-7.3252090,42.7319570
-7.3252650,42.7318880
-7.3253320,42.7317960
-7.3254000,42.7317020
-7.3254550,42.7316290
-7.3255270,42.7315230
-7.3255885,42.7313869
-7.3255945,42.7313124
-7.3256102,42.7312489
-7.3256086,42.7311652
-7.3256156,42.7309200
-7.3256413,42.7308394
-7.3257039,42.7307824
-7.3257223,42.7307463
-7.3257124,42.7307046
-7.3256402,42.7306801
-7.3255700,42.7306180
-7.3254680,42.7305500
-7.3253730,42.7304970
-7.3252850,42.7304650
-7.3251730,42.7304500
-7.3250570,42.7304330
-7.3249515,42.7304101
-7.3248637,42.7303902
-7.3247540,42.7303760
-7.3245786,42.7303538
-7.3243303,42.7303844
-7.3241709,42.7304014
-7.3240320,42.7304140
-7.3239133,42.7304118
-7.3238394,42.7304213
-7.3237801,42.7304255
-7.3237221,42.7304488
-7.3237467,42.7304850
-7.3237899,42.7305094
-7.3240399,42.7306459
-7.3243199,42.7308244
-7.3243741,42.7309092
-7.3243864,42.7310294
-7.3243641,42.7311232
-7.3243227,42.7311898
-7.3243075,42.7312397
-7.3242373,42.7313557
-7.3241697,42.7314634
-7.3241215,42.7315311
-7.3240790,42.7315820
-7.3240130,42.7316670
-7.3239550,42.7317080
-7.3238790,42.7317720
-7.3238030,42.7318470
-7.3237280,42.7318930
-7.3236740,42.7319620
-7.3235910,42.7320270
-7.3235060,42.7320960
-7.3233970,42.7321710
-7.3233250,42.7322270
-7.3231920,42.7323080
-7.3231310,42.7323500
-7.3230510,42.7324170
-7.3229060,42.7325530
-7.3228300,42.7326240
-7.3227760,42.7326900
-7.3227490,42.7327640
-7.3227440,42.7328510
-7.3227510,42.7329230
-7.3227700,42.7329870
-7.3227810,42.7330650
-7.3227830,42.7331260
-7.3227810,42.7332040
-7.3227760,42.7332830
-7.3227730,42.7333770
-7.3227640,42.7334510
-7.3227350,42.7335280
-7.3227130,42.7336060
-7.3226810,42.7336730
-7.3226900,42.7337230
-7.3226670,42.7338160
-7.3225960,42.7339000
-7.3225660,42.7339510
-7.3225200,42.7340250
-7.3224000,42.7340970
-7.3222940,42.7341600
-7.3222080,42.7342360
-7.3221073,42.7343158
-7.3219630,42.7344830
-7.3218254,42.7346115
-7.3216450,42.7347718
-7.3214340,42.7349448
-7.3212435,42.7350537
-7.3210010,42.7351650
-7.3209000,42.7352060
-7.3207720,42.7352310
-7.3206410,42.7352420
-7.3204830,42.7352600
-7.3204016,42.7353036
-7.3204889,42.7353626
-7.3204945,42.7353988
-7.3204438,42.7354075
-7.3203477,42.7353888
-7.3202716,42.7353712
-7.3201623,42.7353647
-7.3200354,42.7353603
-7.3199681,42.7353697
-7.3199209,42.7353869
-7.3196952,42.7355657
-7.3196463,42.7356008
-7.3195831,42.7356303
-7.3192228,42.7357858
-7.3189080,42.7358320
-7.3186382,42.7358793
-7.3177670,42.7362270
-7.3176510,42.7362800
-7.3175580,42.7363040
-7.3174150,42.7363490
-7.3172540,42.7363860
-7.3171520,42.7364020
-7.3170080,42.7363950
-7.3168480,42.7363760
-7.3167370,42.7363490
-7.3166830,42.7363240
-7.3166010,42.7363050
-7.3165330,42.7363060
-7.3164910,42.7363150
-7.3164540,42.7363480
-7.3164910,42.7364270
-7.3165110,42.7365040
-7.3165644,42.7365919
-7.3166060,42.7366460
-7.3166720,42.7367190
-7.3167040,42.7367670
-7.3166930,42.7368540
-7.3166565,42.7369385
-7.3165816,42.7370077
-7.3165050,42.7370590
-7.3164553,42.7370863
-7.3163510,42.7371276
-7.3163423,42.7371732
-7.3163310,42.7372375
-7.3163610,42.7373467
-7.3163982,42.7374822
-7.3164033,42.7375597
-7.3163549,42.7376377
-7.3162643,42.7376891
-7.3161413,42.7377469
-7.3160371,42.7377799
-7.3159340,42.7377870
-7.3158510,42.7377740
-7.3157620,42.7377690
-7.3156605,42.7377305
-7.3155380,42.7376810
-7.3154740,42.7376520
-7.3153870,42.7375730
-7.3152670,42.7374970
-7.3151440,42.7374290
-7.3150390,42.7373920
-7.3148990,42.7373390
-7.3147930,42.7373330
-7.3146920,42.7373290
-7.3145470,42.7373180
-7.3144660,42.7372940
-7.3143950,42.7372880
-7.3142830,42.7372910
-7.3141980,42.7373020
-7.3142120,42.7373650
-7.3142490,42.7374400
-7.3142410,42.7375300
-7.3142484,42.7376074
-7.3141898,42.7377064
-7.3141131,42.7378568
-7.3140945,42.7379983
-7.3141268,42.7380626
-7.3141345,42.7381345
-7.3141630,42.7382033
-7.3142300,42.7382960
-7.3143010,42.7383720
-7.3143720,42.7384330
-7.3143970,42.7384770
-7.3144140,42.7385970
-7.3144484,42.7386955
-7.3144740,42.7387710
-7.3145200,42.7388660
-7.3145384,42.7389568
-7.3145275,42.7390399
-7.3144811,42.7390908
-7.3143620,42.7391160
-7.3143180,42.7391650
-7.3142120,42.7393050
-7.3141258,42.7393879
-7.3139920,42.7395071
-7.3138658,42.7395964
-7.3137260,42.7396476
-7.3134573,42.7397291
-7.3131662,42.7398447
-7.3129798,42.7398856
-7.3127752,42.7399267
-7.3126079,42.7399526
-7.3124590,42.7399630
-7.3121970,42.7399570
-7.3119930,42.7399580
-7.3117540,42.7399570
-7.3116200,42.7399970
-7.3115894,42.7400348
-7.3115840,42.7400650
-7.3115991,42.7401488
-7.3116300,42.7402700
-7.3116332,42.7403797
-7.3116420,42.7404638
-7.3116448,42.7405717
-7.3116460,42.7406700
-7.3116110,42.7407690
-7.3116090,42.7409290
-7.3114516,42.7412540
-7.3111950,42.7414610
-7.3110480,42.7415320
-7.3109011,42.7415716
-7.3104641,42.7418076
-7.3101893,42.7418831
-7.3100881,42.7418843
-7.3100088,42.7418769
-7.3099020,42.7418600
-7.3097790,42.7418520
-7.3096640,42.7418540
-7.3095320,42.7418730
-7.3094220,42.7419050
-7.3093270,42.7419470
-7.3092210,42.7419880
-7.3091172,42.7420149
-7.3089995,42.7420487
-7.3089267,42.7420767
-7.3088635,42.7420945
-7.3088070,42.7421120
-7.3087230,42.7421490
-7.3086150,42.7421640
-7.3085390,42.7421730
-7.3085056,42.7421797
-7.3085070,42.7422420
-7.3085000,42.7422670
-7.3084830,42.7423000
-7.3084310,42.7423310
-7.3083550,42.7423540
-7.3083100,42.7423590
-7.3081797,42.7423534
-7.3080720,42.7423440
-7.3079769,42.7423376
-7.3078872,42.7423250
-7.3078150,42.7423180
-7.3077610,42.7423060
-7.3076780,42.7422870
-7.3075880,42.7422530
-7.3075090,42.7422210
-7.3074574,42.7422027
-7.3073550,42.7421860
-7.3072990,42.7421940
-7.3072511,42.7422184
-7.3072060,42.7422540
-7.3071639,42.7422830
-7.3071321,42.7423177
-7.3070890,42.7423320
-7.3070460,42.7423320
-7.3070010,42.7423180
-7.3069390,42.7423270
-7.3068770,42.7423650
-7.3068510,42.7424220
-7.3068180,42.7424740
-7.3067980,42.7425220
-7.3067600,42.7425460
-7.3067100,42.7425730
-7.3066990,42.7426030
-7.3066760,42.7426300
-7.3066180,42.7426310
-7.3065820,42.7426140
-7.3064920,42.7425640
-7.3063479,42.7424254
-7.3062010,42.7422315
-7.3060471,42.7419502
-7.3058769,42.7418347
-7.3057586,42.7418319
-7.3056070,42.7418260
-7.3054681,42.7418439
-7.3054039,42.7418529
-7.3052926,42.7418638
-7.3050368,42.7418706
-7.3047363,42.7418544
-7.3042932,42.7418238
-7.3038932,42.7417708
-7.3036828,42.7417365
-7.3035399,42.7417003
-7.3033455,42.7416500
-7.3031910,42.7416000
-7.3029907,42.7414567
-7.3026891,42.7412310
-7.3024659,42.7410470
-7.3021725,42.7407809
-7.3016829,42.7403742
-7.3014104,42.7401530
-7.3012608,42.7400209
-7.3010740,42.7399380
-7.3009077,42.7398453
-7.3007069,42.7398128
-7.3002370,42.7397760
-7.3000940,42.7397680
-7.3000290,42.7397670
-7.2999220,42.7397570
-7.2998420,42.7397550
-7.2993470,42.7396520
-7.2992280,42.7396250
-7.2991170,42.7395990
-7.2990028,42.7395508
-7.2985970,42.7394310
-7.2985160,42.7394290
-7.2984240,42.7394490
-7.2983140,42.7394730
-7.2982200,42.7395020
-7.2981500,42.7395370
-7.2980460,42.7395710
-7.2979910,42.7395930
-7.2979560,42.7396300
-7.2978680,42.7396930
-7.2977370,42.7397670
-7.2976450,42.7398130
-7.2975560,42.7398350
-7.2974800,42.7398680
-7.2974290,42.7398830
-7.2973790,42.7399170
-7.2973450,42.7399760
-7.2973250,42.7400110
-7.2972910,42.7400460
-7.2972310,42.7400860
-7.2971730,42.7401410
-7.2971150,42.7401850
-7.2970350,42.7402360
-7.2969220,42.7402930
-7.2967850,42.7403370
-7.2966340,42.7403890
-7.2965040,42.7404250
-7.2963950,42.7404630
-7.2962230,42.7404830
-7.2961410,42.7404940
-7.2960390,42.7404960
-7.2959320,42.7404900
-7.2958620,42.7404940
-7.2957510,42.7405180
-7.2956930,42.7405330
-7.2954950,42.7405310
-7.2954003,42.7405173
-7.2953394,42.7404832
-7.2951357,42.7404643
-7.2949109,42.7404462
-7.2948527,42.7404352
-7.2948259,42.7403999
-7.2948188,42.7403726
-7.2947700,42.7403400
-7.2946770,42.7403040
-7.2943465,42.7401999
-7.2940659,42.7401293
-7.2939995,42.7401112
-7.2938716,42.7400764
-7.2937270,42.7399990
-7.2936381,42.7399269
-7.2935720,42.7398450
-7.2935232,42.7397883
-7.2934456,42.7397089
-7.2933437,42.7396085
-7.2932726,42.7395192
-7.2932070,42.7394680
-7.2931190,42.7394310
-7.2929703,42.7394064
-7.2927940,42.7394270
-7.2926680,42.7394470
-7.2925200,42.7394930
-7.2923950,42.7395280
-7.2922651,42.7395568
-7.2920410,42.7395950
-7.2918490,42.7396200
-7.2917140,42.7396380
-7.2915940,42.7396400
-7.2914010,42.7396315
-7.2912799,42.7396068
-7.2911113,42.7396263
-7.2907793,42.7396435
-7.2907953,42.7397800
-7.2908407,42.7400007
-7.2908930,42.7400485
-7.2909800,42.7401410
-7.2909593,42.7402336
-7.2909180,42.7402670
-7.2907983,42.7403254
-7.2906576,42.7403792
-7.2905438,42.7403918
-7.2904860,42.7403970
-7.2903830,42.7404190
-7.2902904,42.7404478
-7.2901970,42.7404760
-7.2901240,42.7405050
-7.2900500,42.7405450
-7.2899650,42.7406020
-7.2899150,42.7406470
-7.2898760,42.7406940
-7.2898450,42.7407320
-7.2897990,42.7408040
-7.2897280,42.7408670
-7.2896820,42.7409140
-7.2896190,42.7409520
-7.2895470,42.7409550
-7.2894840,42.7409420
-7.2894340,42.7409280
-7.2893840,42.7409060
-7.2893240,42.7408800
-7.2892830,42.7408320
-7.2892380,42.7408240
-7.2891890,42.7408330
-7.2891630,42.7408750
-7.2891410,42.7409160
-7.2890877,42.7410193
-7.2890128,42.7411713
-7.2889893,42.7412264
-7.2889817,42.7412598
-7.2889829,42.7412980
-7.2889822,42.7413954
-7.2889517,42.7414520
-7.2888320,42.7415570
-7.2887580,42.7416190
-7.2886840,42.7416990
-7.2886330,42.7417480
-7.2885360,42.7418130
-7.2882700,42.7419953
-7.2879556,42.7421223
-7.2874482,42.7422684
-7.2872200,42.7423290
-7.2869600,42.7424150
-7.2867670,42.7424720
-7.2866410,42.7424920
-7.2864388,42.7425396
-7.2862312,42.7425907
-7.2860422,42.7426169
-7.2858758,42.7426446
-7.2856772,42.7426558
-7.2854620,42.7426850
-7.2853230,42.7426810
-7.2851530,42.7426700
-7.2850280,42.7426610
-7.2848197,42.7426418
-7.2843738,42.7425472
-7.2842419,42.7424485
-7.2841395,42.7424227
-7.2837564,42.7423655
-7.2836609,42.7423373
-7.2835138,42.7422678
-7.2830140,42.7420010
-7.2829310,42.7419690
-7.2828341,42.7419418
-7.2825710,42.7418200
-7.2824730,42.7418120
-7.2823650,42.7418246
-7.2822050,42.7417830
-7.2819045,42.7417278
-7.2814189,42.7415873
-7.2812671,42.7415357
-7.2811016,42.7414656
-7.2808320,42.7413520
-7.2805930,42.7412890
-7.2804690,42.7412440
-7.2803800,42.7412150
-7.2802530,42.7411830
-7.2801760,42.7411620
-7.2800490,42.7411230
-7.2799640,42.7410940
-7.2791000,42.7411260
-7.2790230,42.7411430
-7.2789142,42.7411356
-7.2786410,42.7411179
-7.2785380,42.7411140
-7.2782998,42.7411217
-7.2781073,42.7410933
-7.2779770,42.7410640
-7.2778984,42.7410486
-7.2777760,42.7410194
-7.2777125,42.7409820
-7.2776260,42.7409179
-7.2774607,42.7408156
-7.2772516,42.7406789
-7.2770910,42.7406210
-7.2769150,42.7405930
-7.2766260,42.7405530
-7.2763890,42.7405200
-7.2761030,42.7404810
-7.2758992,42.7404371
-7.2756995,42.7404259
-7.2754365,42.7404027
-7.2752670,42.7404022
-7.2751839,42.7403891
-7.2750420,42.7403610
-7.2748900,42.7403270
-7.2747270,42.7402790
-7.2746670,42.7402230
-7.2746320,42.7401840
-7.2744937,42.7401049
-7.2743790,42.7400820
-7.2742786,42.7400829
-7.2741573,42.7401270
-7.2740551,42.7401337
-7.2739556,42.7401363
-7.2738249,42.7401335
-7.2737042,42.7401298
-7.2736190,42.7401402
-7.2735326,42.7401499
-7.2734645,42.7401624
-7.2734121,42.7401795
-7.2733704,42.7402125
-7.2733449,42.7402608
-7.2733260,42.7402820
-7.2732895,42.7403053
-7.2732111,42.7403167
-7.2729645,42.7403664
-7.2728470,42.7403910
-7.2727643,42.7404248
-7.2728311,42.7404975
-7.2728524,42.7405458
-7.2728986,42.7406288
-7.2729308,42.7406679
-7.2729768,42.7407280
-7.2729960,42.7407490
-7.2730770,42.7408020
-7.2731330,42.7408330
-7.2731840,42.7408740
-7.2731940,42.7409170
-7.2731910,42.7409500
-7.2732030,42.7409970
-7.2732260,42.7410510
-7.2732650,42.7411480
-7.2732923,42.7412312
-7.2733300,42.7413720
-7.2733420,42.7414440
-7.2733190,42.7415530
-7.2732660,42.7416440
-7.2732020,42.7417170
-7.2731577,42.7417388
-7.2729963,42.7421623
-7.2729273,42.7423990
-7.2728968,42.7425517
-7.2728766,42.7427279
-7.2728782,42.7429948
-7.2728820,42.7432114
-7.2728778,42.7432968
-7.2728437,42.7433806
-7.2728031,42.7434496
-7.2727359,42.7435317
-7.2726287,42.7436204
-7.2725101,42.7436939
-7.2723930,42.7437494
-7.2722273,42.7438075
-7.2718516,42.7439114
-7.2717109,42.7439562
-7.2714999,42.7440857
-7.2713053,42.7442803
-7.2712111,42.7444320
-7.2711448,42.7446651
-7.2710831,42.7449460
-7.2710309,42.7450660
-7.2709639,42.7452129
-7.2707923,42.7454207
-7.2706782,42.7455205
-7.2705377,42.7456119
-7.2703338,42.7456959
-7.2701163,42.7457562
-7.2699295,42.7457918
-7.2697763,42.7458028
-7.2695329,42.7458023
-7.2687374,42.7457330
-7.2685905,42.7457262
-7.2684723,42.7457240
-7.2683500,42.7457376
-7.2682203,42.7457676
-7.2680723,42.7458138
-7.2678504,42.7459237
-7.2676361,42.7460946
-7.2672381,42.7465211
-7.2668739,42.7468717
-7.2665054,42.7471853
-7.2661465,42.7475038
-7.2659828,42.7476612
-7.2657756,42.7478809
-7.2655756,42.7481431
-7.2653791,42.7484072
-7.2651575,42.7486976
-7.2647904,42.7491582
-7.2647099,42.7492454
-7.2645996,42.7493456
-7.2644620,42.7494491
-7.2642029,42.7496107</coordinates></LineString><LineString><coordinates>-7.2435992,42.7551142
-7.2435549,42.7549658
-7.2435468,42.7548825
-7.2435565,42.7547008
-7.2435508,42.7546390
-7.2435619,42.7545828
-7.2436113,42.7544516
-7.2436887,42.7543188
-7.2437218,42.7542810
-7.2437679,42.7542529
-7.2439904,42.7541667
-7.2442053,42.7540821
-7.2442574,42.7540457
-7.2442811,42.7540223
-7.2442900,42.7540078
-7.2443012,42.7539927
-7.2443218,42.7538682
-7.2442404,42.7535648
-7.2441969,42.7533904
-7.2441820,42.7532640
-7.2441967,42.7531233
-7.2442217,42.7530160
-7.2442596,42.7529396
-7.2443101,42.7528636
-7.2444171,42.7527541
-7.2445113,42.7526954
-7.2446260,42.7526358
-7.2447628,42.7525894
-7.2448602,42.7525652
-7.2450348,42.7525368
-7.2453719,42.7525056
-7.2459893,42.7524648
-7.2462626,42.7524589
-7.2464419,42.7524697
-7.2465946,42.7524875
-7.2467251,42.7525136
-7.2468873,42.7525593
-7.2470195,42.7526096
-7.2471391,42.7526654
-7.2472516,42.7527306
-7.2472746,42.7527452
-7.2478868,42.7531342
-7.2481872,42.7533003
-7.2483996,42.7534020
-7.2486056,42.7534858
-7.2489883,42.7536074
-7.2492018,42.7536579
-7.2494246,42.7537046
-7.2496959,42.7537378
-7.2505095,42.7538091
-7.2515962,42.7538909
-7.2518108,42.7538971
-7.2519616,42.7538886
-7.2521620,42.7538671
-7.2523496,42.7538343
-7.2526008,42.7537727
-7.2528667,42.7536819
-7.2530252,42.7536240
-7.2532053,42.7535420
-7.2533938,42.7534433
-7.2535472,42.7533519
-7.2536895,42.7532480
-7.2538220,42.7531381
-7.2539339,42.7530375
-7.2540390,42.7529395
-7.2543693,42.7525517
-7.2545560,42.7523557
-7.2546911,42.7522340
-7.2548348,42.7521267
-7.2549965,42.7520244
-7.2552007,42.7519198
-7.2559148,42.7515800
-7.2561170,42.7514923
-7.2563089,42.7514249
-7.2565064,42.7513717
-7.2566572,42.7513473
-7.2568426,42.7513324
-7.2570570,42.7513319
-7.2572243,42.7513469
-7.2573644,42.7513691
-7.2575149,42.7514010
-7.2576990,42.7514493
-7.2585194,42.7516998
-7.2587324,42.7517543
-7.2589084,42.7517803
-7.2590560,42.7517939
-7.2592137,42.7517977
-7.2594047,42.7517894
-7.2596229,42.7517673
-7.2599246,42.7517259
-7.2601306,42.7516868
-7.2602448,42.7516626
-7.2603389,42.7516359
-7.2604206,42.7516030
-7.2605115,42.7515626
-7.2606225,42.7514965
-7.2607474,42.7514086
-7.2609346,42.7512638
-7.2610735,42.7511441
-7.2613440,42.7509111
-7.2614494,42.7508326
-7.2615637,42.7507602
-7.2617963,42.7506364
-7.2622607,42.7504238
-7.2626230,42.7502728
-7.2628486,42.7501913
-7.2631913,42.7500812
-7.2633550,42.7500260
-7.2635393,42.7499523
-7.2637290,42.7498671
-7.2639339,42.7497598</coordinates></LineString><LineString><coordinates>-4.4474591,42.2688302
-4.4474400,42.2688763
-4.4474217,42.2689636
-4.4477984,42.2690585
-4.4480325,42.2691352
-4.4482167,42.2692105
-4.4484214,42.2693229
-4.4485289,42.2694254
-4.4486010,42.2695087
-4.4489003,42.2696648
-4.4490388,42.2697237
-4.4495299,42.2701797
-4.4495658,42.2699362
-4.4495510,42.2697734
-4.4495100,42.2695485
-4.4494233,42.2693169
-4.4493458,42.2692213
-4.4492824,42.2692157</coordinates></LineString><LineString><coordinates>-4.4495299,42.2701797
-4.4495205,42.2702414
-4.4495256,42.2708538
-4.4494408,42.2717254
-4.4499797,42.2720632
-4.4506688,42.2725062
-4.4521271,42.2734489
-4.4545467,42.2750137
-4.4606245,42.2789433
-4.4614566,42.2794802
-4.4629137,42.2803879
-4.4639217,42.2810318
-4.4652299,42.2818649
-4.4665511,42.2826969
-4.4705221,42.2852190
-4.4729092,42.2867145
-4.4730970,42.2868705
-4.4733540,42.2871138
-4.4748512,42.2879728
-4.4753125,42.2882267
-4.4756267,42.2884329
-4.4758977,42.2886242
-4.4770077,42.2895238
-4.4776459,42.2900951
-4.4781250,42.2905650
-4.4783969,42.2908253
-4.4789119,42.2913967
-4.4796160,42.2922298
-4.4798874,42.2925231
-4.4800345,42.2926821
-4.4802616,42.2929028
-4.4804468,42.2930407
-4.4806985,42.2932089
-4.4809249,42.2933726
-4.4812129,42.2935474
-4.4813567,42.2936265
-4.4814613,42.2936445
-4.4817735,42.2936511
-4.4817865,42.2936518
-4.4821632,42.2936709
-4.4824171,42.2937284
-4.4827059,42.2938011
-4.4831647,42.2939206
-4.4831951,42.2938674
-4.4833140,42.2936511
-4.4833390,42.2936055
-4.4834033,42.2936322
-4.4835670,42.2936842
-4.4840475,42.2938060
-4.4848523,42.2939965
-4.4851047,42.2940470
-4.4857806,42.2941385
-4.4861148,42.2941936
-4.4865393,42.2942912
-4.4869330,42.2943982
-4.4873194,42.2945344
-4.4876968,42.2946967
-4.4882770,42.2949844
-4.4891412,42.2954457
-4.4896153,42.2957296
-4.4906440,42.2963210
-4.4919309,42.2970514
-4.4923404,42.2972453
-4.4925230,42.2973329
-4.4926203,42.2974107
-4.4926993,42.2974907
-4.4935690,42.2980273
-4.4946621,42.2986604
-4.4949798,42.2988118
-4.4963673,42.2995780
-4.4966459,42.2997265
-4.4968422,42.2998312
-4.4969359,42.2997630
-4.4971210,42.2996604
-4.4972513,42.2995999
-4.4973428,42.2995574
-4.4978229,42.2993641
-4.4984129,42.2990626
-4.4986275,42.2988563
-4.4988041,42.2986196
-4.4988520,42.2985553
-4.4989900,42.2984009
-4.4991838,42.2981443
-4.4993571,42.2979199
-4.4994618,42.2978269</coordinates></LineString><LineString><coordinates>-3.8259135,42.3484224
-3.8259330,42.3482408
-3.8259585,42.3477580
-3.8260200,42.3471130
-3.8260906,42.3463364
-3.8261571,42.3456541
-3.8261790,42.3453760
-3.8261772,42.3452589
-3.8262124,42.3449683
-3.8262483,42.3445964
-3.8263019,42.3440141
-3.8263484,42.3435662
-3.8263985,42.3434221
-3.8265560,42.3431388
-3.8267444,42.3428203
-3.8268753,42.3426064
-3.8269910,42.3424059
-3.8272223,42.3420502
-3.8278293,42.3408386
-3.8282916,42.3398700
-3.8286304,42.3391944
-3.8287071,42.3390401
-3.8289571,42.3390641
-3.8294200,42.3390954
-3.8296382,42.3390933
-3.8297135,42.3390829
-3.8298375,42.3390516
-3.8299050,42.3390400
-3.8299614,42.3390400
-3.8300251,42.3390523
-3.8300620,42.3390706
-3.8301242,42.3391072
-3.8301560,42.3391560
-3.8302627,42.3391977
-3.8308449,42.3393949
-3.8310533,42.3394571
-3.8312237,42.3395079
-3.8312870,42.3395274
-3.8314699,42.3394665
-3.8317135,42.3393963
-3.8317750,42.3393922
-3.8318235,42.3394011
-3.8318695,42.3394397
-3.8322474,42.3396744
-3.8326865,42.3399343
-3.8327831,42.3399891
-3.8328260,42.3400103
-3.8328807,42.3400338
-3.8331538,42.3401509
-3.8333142,42.3402197
-3.8333275,42.3402248
-3.8333615,42.3402380
-3.8333875,42.3402654
-3.8334097,42.3403887
-3.8334165,42.3404328
-3.8334289,42.3404979
-3.8334908,42.3406712</coordinates></LineString><LineString><coordinates>-4.5459924,42.3160122
-4.5459640,42.3160553
-4.5459253,42.3160993
-4.5457116,42.3161281
-4.5455133,42.3161574
-4.5452743,42.3161929
-4.5449858,42.3162476
-4.5446945,42.3162994
-4.5445234,42.3163412
-4.5440635,42.3164785
-4.5431120,42.3165383
-4.5430982,42.3164444
-4.5430435,42.3164497
-4.5425783,42.3164951
-4.5425025,42.3165058
-4.5424820,42.3165087
-4.5422465,42.3166143
-4.5421361,42.3166816
-4.5420979,42.3167145
-4.5420524,42.3167538
-4.5418624,42.3168271
-4.5416435,42.3168662
-4.5413386,42.3169634
-4.5409356,42.3170511
-4.5405559,42.3171121
-4.5402214,42.3171388
-4.5399136,42.3171477
-4.5397244,42.3171363
-4.5396201,42.3171112
-4.5393914,42.3172560
-4.5390704,42.3174117
-4.5389740,42.3174505
-4.5388101,42.3175132
-4.5383087,42.3177223
-4.5382108,42.3177767
-4.5380496,42.3178663
-4.5372774,42.3183487
-4.5369366,42.3185469
-4.5364993,42.3187344
-4.5356386,42.3190555
-4.5348361,42.3193583
-4.5339437,42.3196382
-4.5335371,42.3197669
-4.5333194,42.3198499
-4.5331480,42.3199267
-4.5316794,42.3206623
-4.5313761,42.3208109
-4.5311769,42.3208976
-4.5309810,42.3209647
-4.5280239,42.3216718
-4.5276503,42.3217587
-4.5273468,42.3218330
-4.5270290,42.3218893
-4.5265924,42.3219321
-4.5260479,42.3219758
-4.5252343,42.3220411
-4.5250335,42.3219858
-4.5249448,42.3219820
-4.5247209,42.3219912
-4.5243903,42.3220081
-4.5242397,42.3219595
-4.5241138,42.3216923
-4.5238593,42.3209557
-4.5237477,42.3207516
-4.5234706,42.3204194
-4.5233664,42.3203325
-4.5230285,42.3201157
-4.5227726,42.3199639
-4.5224715,42.3198102
-4.5219434,42.3196091
-4.5211296,42.3193045
-4.5202899,42.3190375
-4.5197525,42.3187975
-4.5194997,42.3186405
-4.5192468,42.3184625
-4.5187184,42.3180042
-4.5183827,42.3176648
-4.5182118,42.3174733
-4.5180715,42.3173299
-4.5179404,42.3171657
-4.5177263,42.3169073
-4.5175176,42.3166786
-4.5174563,42.3166377
-4.5174269,42.3166116
-4.5174111,42.3165651
-4.5174138,42.3165185
-4.5173158,42.3164346
-4.5168780,42.3159390
-4.5167014,42.3156990
-4.5164506,42.3154340
-4.5161608,42.3150688
-4.5161300,42.3150165
-4.5161206,42.3148906
-4.5160922,42.3148359
-4.5159901,42.3147040
-4.5158242,42.3145763
-4.5156405,42.3144404
-4.5153295,42.3140940
-4.5151349,42.3138502
-4.5148278,42.3133899
-4.5145716,42.3129074
-4.5143876,42.3125722
-4.5140446,42.3120839
-4.5134303,42.3114857
-4.5128569,42.3108952
-4.5127882,42.3108374
-4.5126982,42.3108005
-4.5126608,42.3107559
-4.5126305,42.3106982
-4.5126164,42.3106119
-4.5124780,42.3105019
-4.5121976,42.3102330
-4.5120115,42.3100528
-4.5115808,42.3096930
-4.5113524,42.3095176
-4.5111134,42.3093945
-4.5102962,42.3089675
-4.5094833,42.3085370
-4.5091689,42.3083830
-4.5082863,42.3079994
-4.5076924,42.3077356
-4.5074192,42.3075778
-4.5073628,42.3075181
-4.5073350,42.3074478
-4.5073012,42.3074031
-4.5072222,42.3073848
-4.5070444,42.3073597
-4.5069224,42.3073266
-4.5067331,42.3072464
-4.5061911,42.3068919
-4.5055110,42.3064732
-4.5053464,42.3063506
-4.5047929,42.3059383
-4.5043533,42.3055771
-4.5040639,42.3053409
-4.5038891,42.3051654
-4.5038569,42.3051307
-4.5038381,42.3050985
-4.5037848,42.3050284
-4.5037262,42.3049989
-4.5036082,42.3049685
-4.5035487,42.3049318
-4.5034444,42.3048515
-4.5030252,42.3045338
-4.5022207,42.3039083
-4.5013266,42.3032318
-4.5004538,42.3025029
-4.4995687,42.3018550
-4.4986579,42.3011158
-4.4986233,42.3010792
-4.4981616,42.3007253
-4.4979358,42.3005564
-4.4976531,42.3003714
-4.4973765,42.3001822
-4.4971040,42.3000297
-4.4969351,42.2999117
-4.4968422,42.2998312</coordinates></LineString><LineString><coordinates>-5.3533668,42.4742977
-5.3532359,42.4743776
-5.3527596,42.4745188
-5.3526969,42.4745693
-5.3522938,42.4747829
-5.3521079,42.4748583
-5.3518594,42.4749071
-5.3513552,42.4749308
-5.3510816,42.4749862
-5.3499068,42.4750376
-5.3493972,42.4750693
-5.3487534,42.4751247
-5.3483833,42.4751207
-5.3477932,42.4751840
-5.3472158,42.4752549
-5.3447589,42.4760006
-5.3436722,42.4761330
-5.3429136,42.4762318
-5.3426866,42.4762756</coordinates></LineString><LineString><coordinates>-3.5963806,42.3623265
-3.5964473,42.3619382
-3.5964454,42.3618227
-3.5964362,42.3617385
-3.5964161,42.3616773
-3.5963582,42.3615835
-3.5962710,42.3614990
-3.5961677,42.3614062
-3.5960162,42.3612951
-3.5957673,42.3611243
-3.5958278,42.3610586
-3.5959062,42.3609894
-3.5960236,42.3609297
-3.5961361,42.3608870
-3.5964623,42.3607900
-3.5967065,42.3607272
-3.5968967,42.3606858
-3.5972610,42.3606149
-3.5976747,42.3605311
-3.5978091,42.3604965
-3.5980612,42.3604316
-3.5990675,42.3601726
-3.6006501,42.3597544
-3.6019165,42.3594236
-3.6031832,42.3590882
-3.6036148,42.3589795
-3.6042188,42.3588317
-3.6046162,42.3587627
-3.6049774,42.3586950
-3.6052492,42.3586186
-3.6054157,42.3585527
-3.6055448,42.3584960
-3.6056818,42.3584187
-3.6057780,42.3583687
-3.6058656,42.3583090
-3.6060065,42.3582068
-3.6061244,42.3581157
-3.6062972,42.3580069
-3.6065047,42.3579000
-3.6066657,42.3578148
-3.6067983,42.3577182
-3.6068830,42.3576462
-3.6073184,42.3572247
-3.6073749,42.3571927
-3.6074295,42.3571688
-3.6076105,42.3571046
-3.6078581,42.3570367
-3.6085312,42.3568917
-3.6088634,42.3567949
-3.6096707,42.3565878
-3.6100859,42.3564895
-3.6106324,42.3563922
-3.6102206,42.3557349
-3.6099120,42.3552896
-3.6097754,42.3551450
-3.6099108,42.3550839
-3.6103287,42.3548821
-3.6107273,42.3546851
-3.6109961,42.3545542
-3.6114735,42.3542863
-3.6118035,42.3540809
-3.6121200,42.3539198
-3.6126747,42.3537360
-3.6132088,42.3536079
-3.6143650,42.3533281
-3.6151580,42.3531318
-3.6156818,42.3529882
-3.6162099,42.3528412
-3.6163174,42.3527965
-3.6165863,42.3525971
-3.6170964,42.3521914
-3.6185106,42.3510647
-3.6196443,42.3501628
-3.6206875,42.3493398
-3.6215523,42.3486559
-3.6217193,42.3485325
-3.6219662,42.3481130
-3.6220501,42.3478900
-3.6220618,42.3478623
-3.6220805,42.3477879
-3.6220868,42.3477600
-3.6220884,42.3477264
-3.6222130,42.3475953
-3.6230373,42.3469897
-3.6238520,42.3464867
-3.6245598,42.3461083
-3.6247677,42.3459997
-3.6251852,42.3457818
-3.6257116,42.3455070
-3.6262641,42.3452327
-3.6264208,42.3451549
-3.6266508,42.3450097
-3.6267573,42.3449301
-3.6268240,42.3448650
-3.6268518,42.3448378
-3.6269951,42.3445606
-3.6271700,42.3441408
-3.6272160,42.3440593
-3.6272332,42.3439675
-3.6272557,42.3438981
-3.6272647,42.3438616
-3.6272652,42.3438317
-3.6272663,42.3437710
-3.6274194,42.3437547
-3.6274105,42.3437082
-3.6274071,42.3436904
-3.6274019,42.3436570
-3.6273893,42.3436004
-3.6273786,42.3435610
-3.6273655,42.3435224
-3.6273394,42.3434868
-3.6272998,42.3434546
-3.6272669,42.3434361
-3.6272365,42.3434133
-3.6272181,42.3433946
-3.6271987,42.3433597
-3.6271840,42.3433135
-3.6271818,42.3432939
-3.6271665,42.3431114
-3.6271653,42.3430314
-3.6271629,42.3429029
-3.6271593,42.3427311
-3.6271577,42.3426744
-3.6271565,42.3426337
-3.6271317,42.3421597
-3.6271184,42.3421118
-3.6271118,42.3420322
-3.6271045,42.3419143
-3.6270816,42.3417059
-3.6270744,42.3416398
-3.6271541,42.3415568
-3.6272724,42.3414894
-3.6276995,42.3413567
-3.6280059,42.3412767
-3.6280430,42.3412670
-3.6285868,42.3411421
-3.6290402,42.3410102
-3.6294400,42.3409179
-3.6295062,42.3408022
-3.6295386,42.3407274
-3.6295024,42.3405300
-3.6295118,42.3404498
-3.6295489,42.3404075
-3.6297458,42.3401783
-3.6299294,42.3399836
-3.6301549,42.3399534
-3.6304220,42.3399107
-3.6307294,42.3399014
-3.6310094,42.3398840
-3.6312333,42.3399613
-3.6314276,42.3399000
-3.6316479,42.3398820
-3.6318796,42.3398782
-3.6320623,42.3398855
-3.6323984,42.3399281
-3.6326520,42.3400054
-3.6330323,42.3400880
-3.6332350,42.3401458
-3.6334298,42.3402013
-3.6336572,42.3402602
-3.6339010,42.3403378
-3.6341930,42.3404280
-3.6347461,42.3407045
-3.6352969,42.3409628
-3.6355048,42.3410793
-3.6356625,42.3412301
-3.6357905,42.3414015
-3.6358659,42.3414587
-3.6359954,42.3414642
-3.6361488,42.3415032
-3.6362011,42.3415080
-3.6362639,42.3414943
-3.6363672,42.3414498
-3.6366846,42.3412501
-3.6367938,42.3411529
-3.6368830,42.3410738
-3.6370103,42.3410711
-3.6371321,42.3410702
-3.6376343,42.3411005
-3.6383571,42.3412509
-3.6390236,42.3413928
-3.6395052,42.3415286
-3.6397118,42.3415971
-3.6405032,42.3417925
-3.6408089,42.3419081
-3.6409666,42.3419677
-3.6413691,42.3420280
-3.6415819,42.3420237
-3.6418818,42.3420131
-3.6421760,42.3419718
-3.6422146,42.3419109
-3.6423473,42.3417949
-3.6424238,42.3417730
-3.6425551,42.3417692
-3.6430715,42.3416629
-3.6431882,42.3416510
-3.6435503,42.3415878
-3.6442771,42.3416304
-3.6443601,42.3416346
-3.6446446,42.3415412
-3.6447904,42.3414915
-3.6450242,42.3414766
-3.6452441,42.3414994
-3.6453491,42.3414925
-3.6454800,42.3414916
-3.6459374,42.3414887
-3.6466160,42.3415797
-3.6468722,42.3415916
-3.6470747,42.3415600
-3.6474793,42.3415570
-3.6480844,42.3415634
-3.6483035,42.3416008
-3.6487415,42.3415970
-3.6492551,42.3416030
-3.6495481,42.3416317
-3.6500155,42.3416869
-3.6506569,42.3417884
-3.6508623,42.3417905
-3.6508868,42.3417908
-3.6510162,42.3417769
-3.6513901,42.3418291
-3.6523310,42.3420003
-3.6536865,42.3422466
-3.6541363,42.3423245
-3.6548236,42.3424456
-3.6551024,42.3424675
-3.6552258,42.3424343
-3.6555670,42.3424211
-3.6560169,42.3424075
-3.6563779,42.3424133
-3.6568148,42.3424385
-3.6571914,42.3424752
-3.6575458,42.3425308
-3.6580067,42.3426171
-3.6582097,42.3426670
-3.6584286,42.3427483
-3.6585855,42.3428088
-3.6588340,42.3428837
-3.6589865,42.3429396
-3.6591838,42.3429652
-3.6593979,42.3429840
-3.6595730,42.3430408
-3.6597201,42.3430867
-3.6598673,42.3431036
-3.6601485,42.3431060
-3.6603676,42.3430843
-3.6605735,42.3430528
-3.6608744,42.3429924
-3.6613704,42.3428451
-3.6614424,42.3428240
-3.6617605,42.3427266
-3.6620744,42.3426347
-3.6623012,42.3425963
-3.6624024,42.3425945
-3.6625243,42.3426091
-3.6627963,42.3426478
-3.6631965,42.3427193
-3.6636988,42.3428102
-3.6638267,42.3428164
-3.6640249,42.3428598
-3.6642745,42.3429417
-3.6645026,42.3430283
-3.6646910,42.3431088
-3.6649965,42.3432541
-3.6652470,42.3433922
-3.6653334,42.3434398
-3.6653722,42.3434520
-3.6655659,42.3436079
-3.6657222,42.3436774
-3.6658145,42.3437175
-3.6658347,42.3437265
-3.6658615,42.3437388
-3.6659517,42.3437797
-3.6660299,42.3438081
-3.6661292,42.3438093
-3.6662058,42.3438309
-3.6662844,42.3438658
-3.6663734,42.3438987
-3.6665960,42.3439780
-3.6668647,42.3440578
-3.6669047,42.3440670
-3.6670656,42.3441058
-3.6672528,42.3441415
-3.6674470,42.3441689
-3.6676979,42.3442032
-3.6679750,42.3442243
-3.6682531,42.3442311
-3.6684839,42.3442291
-3.6686293,42.3442242
-3.6687892,42.3442138
-3.6688949,42.3442058
-3.6689262,42.3442022
-3.6694143,42.3441518
-3.6695323,42.3441403
-3.6700964,42.3440827
-3.6706232,42.3440307
-3.6720572,42.3438917
-3.6734783,42.3437389
-3.6741931,42.3436622
-3.6751202,42.3435621
-3.6792594,42.3431495
-3.6793367,42.3431420
-3.6794016,42.3431360
-3.6808062,42.3430101
-3.6816136,42.3429190
-3.6826140,42.3428170
-3.6834183,42.3427437
-3.6841862,42.3426651
-3.6849460,42.3425863
-3.6851555,42.3425633
-3.6851658,42.3425940
-3.6852232,42.3425898
-3.6855865,42.3425635
-3.6859803,42.3425172
-3.6864033,42.3424712
-3.6863938,42.3424364
-3.6877092,42.3421837
-3.6878228,42.3421619
-3.6886735,42.3419973
-3.6892748,42.3418792
-3.6899373,42.3417527
-3.6906731,42.3416103
-3.6912147,42.3415042
-3.6919474,42.3413608
-3.6925962,42.3412340
-3.6931577,42.3411238
-3.6935607,42.3410449
-3.6941869,42.3409185
-3.6942316,42.3409092
-3.6943120,42.3408925
-3.6943276,42.3408893
-3.6943468,42.3408856
-3.6943984,42.3408756
-3.6944222,42.3408713
-3.6944571,42.3408647
-3.6947261,42.3408132
-3.6954591,42.3406746
-3.6965846,42.3404541
-3.6966666,42.3404307
-3.6967104,42.3404206
-3.6967339,42.3404152
-3.6970077,42.3403518
-3.6974423,42.3402515
-3.6976744,42.3401956
-3.6979637,42.3401263
-3.6983531,42.3400316
-3.6988779,42.3399077
-3.6989938,42.3399069
-3.6990439,42.3398959
-3.6990519,42.3399094
-3.6990733,42.3399030
-3.6991329,42.3398854
-3.6992071,42.3398635
-3.6992209,42.3398594
-3.6992061,42.3398334
-3.6991947,42.3398365</coordinates></LineString><LineString><coordinates>-3.6856178,42.3413642
-3.6855842,42.3413703
-3.6855636,42.3413740
-3.6855341,42.3413794</coordinates></LineString><LineString><coordinates>-3.7030235,42.3392070
-3.7030243,42.3392297
-3.7035806,42.3396031
-3.7036012,42.3396170
-3.7036951,42.3396802
-3.7037801,42.3397256
-3.7038307,42.3397489
-3.7040505,42.3398397
-3.7040882,42.3398655
-3.7044392,42.3401058
-3.7045776,42.3402057
-3.7045928,42.3402166
-3.7047081,42.3402989
-3.7047378,42.3403195
-3.7047998,42.3403627
-3.7048841,42.3404227
-3.7048941,42.3404151
-3.7049215,42.3403954
-3.7052427,42.3401564
-3.7053283,42.3401174
-3.7053531,42.3401619
-3.7053849,42.3403144
-3.7053995,42.3403789
-3.7054166,42.3404561
-3.7054378,42.3405276
-3.7054454,42.3405534</coordinates></LineString><LineString><coordinates>-3.5911754,42.3610754
-3.5913489,42.3611651
-3.5915092,42.3612278
-3.5917073,42.3612905
-3.5919908,42.3613643
-3.5919402,42.3614378
-3.5916567,42.3614598
-3.5914783,42.3614598
-3.5912661,42.3614700
-3.5910242,42.3614715
-3.5907189,42.3614539
-3.5869428,42.3611272
-3.5864720,42.3610774
-3.5855976,42.3609851
-3.5851832,42.3609426
-3.5845865,42.3609133
-3.5841043,42.3609104
-3.5835428,42.3608778
-3.5827713,42.3608410
-3.5818122,42.3607828
-3.5813074,42.3607529
-3.5807696,42.3607030
-3.5803371,42.3606868
-3.5797294,42.3606645
-3.5793982,42.3606281
-3.5784238,42.3605614
-3.5759946,42.3604618
-3.5754450,42.3604337
-3.5746388,42.3604053
-3.5743728,42.3603748
-3.5734439,42.3603078
-3.5725553,42.3602175
-3.5720907,42.3601723
-3.5718409,42.3601366
-3.5711813,42.3600476
-3.5704614,42.3599081
-3.5692927,42.3596532
-3.5668059,42.3590916
-3.5662989,42.3590061
-3.5655775,42.3589282
-3.5653529,42.3589081
-3.5651011,42.3588452
-3.5649766,42.3588522
-3.5648833,42.3588764
-3.5646771,42.3588869
-3.5643179,42.3589205
-3.5640189,42.3589453
-3.5635443,42.3589890
-3.5631115,42.3590347
-3.5626830,42.3591167
-3.5621789,42.3592620
-3.5617857,42.3594147
-3.5612310,42.3596041
-3.5601252,42.3599610
-3.5583394,42.3605830
-3.5578790,42.3607631
-3.5572338,42.3609977
-3.5565432,42.3612101
-3.5559820,42.3613658</coordinates></LineString><LineString><coordinates>-5.6558113,42.5640590
-5.6558824,42.5639233
-5.6559554,42.5637516
-5.6560415,42.5634219
-5.6562015,42.5627080
-5.6562504,42.5625782
-5.6563178,42.5624359
-5.6564540,42.5622129
-5.6566869,42.5618895
-5.6568906,42.5616067
-5.6571469,42.5612751
-5.6574038,42.5609767
-5.6581464,42.5601879
-5.6582851,42.5600301
-5.6584210,42.5598530
-5.6585361,42.5596445
-5.6586012,42.5594966
-5.6586535,42.5593361
-5.6586945,42.5591404
-5.6587194,42.5589222
-5.6587044,42.5586411
-5.6585983,42.5580920
-5.6585789,42.5579436
-5.6585726,42.5577259
-5.6585999,42.5573817
-5.6586390,42.5571790
-5.6589669,42.5560800
-5.6591768,42.5553824
-5.6592541,42.5550900
-5.6593111,42.5548898
-5.6594557,42.5544264
-5.6596853,42.5536188
-5.6596948,42.5535807
-5.6597447,42.5533809
-5.6597650,42.5531911
-5.6597999,42.5528411
-5.6598113,42.5527711
-5.6598350,42.5527019
-5.6599191,42.5524980
-5.6600222,42.5523034
-5.6600518,42.5522736
-5.6600855,42.5522529
-5.6601413,42.5522310
-5.6602011,42.5522152
-5.6603755,42.5522244
-5.6608373,42.5522907
-5.6609302,42.5522919
-5.6610149,42.5522795
-5.6610698,42.5522510
-5.6611124,42.5522105
-5.6612913,42.5519102
-5.6614837,42.5515687
-5.6615671,42.5514212
-5.6616682,42.5512309
-5.6620001,42.5505742
-5.6620868,42.5505887
-5.6620976,42.5506757
-5.6618053,42.5512726
-5.6616388,42.5516194</coordinates></LineString><LineString><coordinates>-5.6620001,42.5505742
-5.6620945,42.5503140
-5.6621451,42.5501772
-5.6624402,42.5495973
-5.6626424,42.5492293
-5.6627158,42.5490788
-5.6627854,42.5489296
-5.6628529,42.5487551
-5.6628823,42.5486487
-5.6628994,42.5485423
-5.6629171,42.5484043
-5.6629245,42.5482633
-5.6629105,42.5481125
-5.6628863,42.5479663
-5.6626214,42.5466435
-5.6625655,42.5463194
-5.6622451,42.5445066
-5.6622255,42.5440240
-5.6622228,42.5439568
-5.6622572,42.5436790
-5.6623120,42.5434057
-5.6625299,42.5426814
-5.6626945,42.5421585
-5.6630977,42.5408082
-5.6631830,42.5405729
-5.6632611,42.5404005
-5.6634303,42.5401263
-5.6635458,42.5399733
-5.6636786,42.5398090
-5.6639392,42.5395125
-5.6643277,42.5390667
-5.6645791,42.5387650
-5.6646386,42.5386895
-5.6652719,42.5377313
-5.6654763,42.5374400
-5.6661412,42.5364482
-5.6665918,42.5357095
-5.6667393,42.5354783
-5.6669190,42.5352208
-5.6671048,42.5349618
-5.6677745,42.5341034
-5.6680326,42.5337967
-5.6681688,42.5336448
-5.6683131,42.5334975
-5.6687120,42.5330604
-5.6688700,42.5328874
-5.6690520,42.5326689
-5.6694405,42.5321484
-5.6704202,42.5308992
-5.6705761,42.5307125
-5.6707322,42.5304818
-5.6709370,42.5301005
-5.6710542,42.5298945
-5.6712502,42.5295240
-5.6714645,42.5291656
-5.6715588,42.5290240
-5.6717577,42.5287732
-5.6719476,42.5284477
-5.6719991,42.5283871
-5.6720960,42.5282862
-5.6727183,42.5277196
-5.6728971,42.5275418
-5.6739749,42.5265871
-5.6750748,42.5256450
-5.6759910,42.5248678
-5.6762907,42.5246145
-5.6766552,42.5242516
-5.6767484,42.5241588
-5.6777625,42.5231330
-5.6784048,42.5224780
-5.6787441,42.5221593
-5.6795780,42.5215325
-5.6811000,42.5204003
-5.6815535,42.5200673
-5.6817238,42.5199290
-5.6821166,42.5195686
-5.6822967,42.5194307
-5.6825295,42.5192745
-5.6838775,42.5183928
-5.6840013,42.5182962
-5.6841383,42.5181468
-5.6851276,42.5169068
-5.6860194,42.5158167
-5.6860523,42.5157722
-5.6865018,42.5151633
-5.6865464,42.5150923
-5.6865751,42.5150048
-5.6866070,42.5148542
-5.6868862,42.5121670
-5.6869036,42.5120722
-5.6869290,42.5119973
-5.6869594,42.5119355
-5.6869978,42.5118737
-5.6876835,42.5109810
-5.6880186,42.5101161
-5.6880647,42.5099782
-5.6881164,42.5098141
-5.6882158,42.5096647
-5.6883714,42.5092525
-5.6883714,42.5091807
-5.6883946,42.5087725
-5.6883949,42.5087208
-5.6883953,42.5086597
-5.6885122,42.5084342
-5.6887153,42.5082067
-5.6889606,42.5079318
-5.6888538,42.5078455
-5.6889426,42.5076295
-5.6889621,42.5075631
-5.6890096,42.5074401
-5.6890200,42.5074168
-5.6890412,42.5073956
-5.6891128,42.5073627
-5.6893478,42.5072676
-5.6894263,42.5072388
-5.6894999,42.5072168
-5.6895430,42.5072024
-5.6896915,42.5071535
-5.6898405,42.5071046
-5.6898965,42.5070665
-5.6901309,42.5069104
-5.6903434,42.5067416
-5.6905959,42.5065688
-5.6910792,42.5062955
-5.6912710,42.5062077
-5.6916865,42.5060558
-5.6919472,42.5059531
-5.6926869,42.5056010
-5.6933957,42.5052267
-5.6980246,42.5027318
-5.7006570,42.5013207
-5.7010775,42.5010862
-5.7013463,42.5009269
-5.7035299,42.4993693
-5.7042561,42.4988603
-5.7046053,42.4985663
-5.7048459,42.4983249
-5.7057679,42.4973681
-5.7070807,42.4960617
-5.7073765,42.4957538
-5.7075820,42.4955262
-5.7076700,42.4954232
-5.7080612,42.4949266
-5.7086817,42.4941805
-5.7089290,42.4938665
-5.7091240,42.4936590
-5.7094385,42.4933915
-5.7103127,42.4926937
-5.7109099,42.4921422
-5.7111596,42.4919271
-5.7116231,42.4916116
-5.7119658,42.4913918
-5.7124209,42.4910832
-5.7134863,42.4902982
-5.7137071,42.4901486
-5.7139175,42.4900156
-5.7144910,42.4896859
-5.7165579,42.4885319
-5.7180539,42.4877430
-5.7182336,42.4876549
-5.7195741,42.4871815
-5.7214787,42.4865083
-5.7224120,42.4861784
-5.7224581,42.4861542
-5.7234912,42.4856120
-5.7242686,42.4851833</coordinates></LineString><LineString><coordinates>-5.7283457,42.4830103
-5.7282543,42.4830805
-5.7281090,42.4832005
-5.7279121,42.4833937
-5.7276879,42.4835984
-5.7272476,42.4837750
-5.7269251,42.4839451
-5.7266867,42.4840581
-5.7264458,42.4841569
-5.7257631,42.4844632
-5.7250768,42.4847713
-5.7248037,42.4849000
-5.7242686,42.4851833</coordinates></LineString><LineString><coordinates>-5.7283444,42.4829729
-5.7283405,42.4829821
-5.7283394,42.4829917
-5.7283411,42.4830013
-5.7283457,42.4830103
-5.7283533,42.4830189
-5.7283634,42.4830259
-5.7283754,42.4830310
-5.7283887,42.4830339
-5.7284027,42.4830345
-5.7284165,42.4830326
-5.7284293,42.4830284
-5.7284404,42.4830221
-5.7284492,42.4830141
-5.7284553,42.4830048
-5.7284582,42.4829947
-5.7284578,42.4829844
-5.7284538,42.4829737
-5.7284463,42.4829641
-5.7284354,42.4829560
-5.7284222,42.4829502
-5.7284073,42.4829472
-5.7283920,42.4829470
-5.7283770,42.4829498
-5.7283636,42.4829553
-5.7283525,42.4829632
-5.7283444,42.4829729</coordinates></LineString><LineString><coordinates>-5.7284578,42.4829844
-5.7286941,42.4829420
-5.7303271,42.4824646
-5.7311698,42.4822141
-5.7315339,42.4821090
-5.7317578,42.4820904
-5.7318206,42.4820853
-5.7318834,42.4820734
-5.7320901,42.4819944
-5.7324650,42.4818154
-5.7327300,42.4816952
-5.7328144,42.4816579
-5.7328987,42.4816231
-5.7329728,42.4815985
-5.7331191,42.4815499
-5.7339493,42.4813120
-5.7345730,42.4811562
-5.7346065,42.4811470
-5.7346992,42.4811228
-5.7349802,42.4810460
-5.7358133,42.4808093
-5.7384571,42.4799998
-5.7386601,42.4799319
-5.7392788,42.4797367
-5.7400738,42.4794772
-5.7406049,42.4793027
-5.7418478,42.4789015
-5.7425543,42.4786744
-5.7436617,42.4783258
-5.7444680,42.4780676
-5.7460669,42.4775532
-5.7477039,42.4770382
-5.7484816,42.4767966
-5.7491835,42.4765739
-5.7507243,42.4760866
-5.7518015,42.4757523
-5.7543141,42.4749499
-5.7567635,42.4741749
-5.7592382,42.4733859
-5.7609419,42.4728554
-5.7634172,42.4720726
-5.7645788,42.4717008
-5.7671671,42.4708847
-5.7673706,42.4708188
-5.7676485,42.4707242
-5.7697641,42.4700569
-5.7726496,42.4691464
-5.7747454,42.4684805
-5.7763867,42.4679659
-5.7789775,42.4671428
-5.7796356,42.4669327
-5.7799148,42.4668449
-5.7801165,42.4667801
-5.7803535,42.4667052
-5.7805528,42.4666470
-5.7807542,42.4665858
-5.7814455,42.4663642
-5.7851112,42.4652146
-5.7876643,42.4644119
-5.7886206,42.4640987
-5.7891767,42.4639271
-5.7893454,42.4638718
-5.7895986,42.4637944
-5.7897107,42.4637578
-5.7903213,42.4635686
-5.7913928,42.4632295
-5.7955510,42.4619287
-5.7970552,42.4614620
-5.7972081,42.4614053
-5.7972754,42.4613716
-5.7973304,42.4613310
-5.7973786,42.4612719
-5.7973920,42.4612155
-5.7973931,42.4611522
-5.7973469,42.4608515
-5.7972682,42.4603965
-5.7972478,42.4602144
-5.7972640,42.4601078
-5.7973136,42.4599388
-5.7973276,42.4598946
-5.7973694,42.4597637
-5.7973814,42.4597374
-5.7973971,42.4597040
-5.7974918,42.4595803
-5.7975461,42.4595295
-5.7976158,42.4594878
-5.7977257,42.4594449
-5.7977985,42.4594273
-5.7978867,42.4594166
-5.7979574,42.4594102
-5.7980327,42.4594129
-5.7981187,42.4594239
-5.7982032,42.4594418
-5.7983855,42.4595056
-5.8006529,42.4604766
-5.8009478,42.4605933
-5.8012131,42.4606710
-5.8014169,42.4607158
-5.8015704,42.4607420
-5.8017192,42.4607556
-5.8029066,42.4607289
-5.8031910,42.4607259
-5.8048980,42.4606823
-5.8061014,42.4606571
-5.8062893,42.4606517
-5.8089337,42.4605919
-5.8090117,42.4605902
-5.8109749,42.4605390
-5.8114980,42.4605309
-5.8128520,42.4604963
-5.8137276,42.4604758
-5.8147216,42.4604547
-5.8163097,42.4604136
-5.8165511,42.4604076
-5.8188998,42.4603491
-5.8195164,42.4603343
-5.8217817,42.4602803
-5.8218963,42.4602800
-5.8220427,42.4602750
-5.8221078,42.4602766
-5.8252042,42.4602050
-5.8268592,42.4601670
-5.8294364,42.4601028
-5.8307006,42.4600744
-5.8318365,42.4600492
-5.8318389,42.4601629
-5.8319354,42.4601848
-5.8320472,42.4602220
-5.8322250,42.4602719
-5.8324793,42.4603772
-5.8329946,42.4605907
-5.8333884,42.4606974
-5.8336932,42.4607511
-5.8338043,42.4607674
-5.8339700,42.4607894
-5.8340620,42.4610876
-5.8341594,42.4614164
-5.8342172,42.4615823
-5.8343104,42.4617390
-5.8343932,42.4618458
-5.8345404,42.4620139
-5.8346006,42.4620825
-5.8347954,42.4621108
-5.8349748,42.4621327
-5.8353281,42.4621660
-5.8355137,42.4621961
-5.8357257,42.4622323
-5.8359723,42.4622684
-5.8362594,42.4623832
-5.8365833,42.4625322
-5.8366391,42.4625777
-5.8368082,42.4626835
-5.8369476,42.4627255
-5.8370624,42.4627416
-5.8373961,42.4627844
-5.8375398,42.4628120
-5.8385767,42.4630608
-5.8386306,42.4630850
-5.8387378,42.4631331
-5.8390957,42.4632872
-5.8398452,42.4638552
-5.8399969,42.4639688
-5.8404284,42.4642951
-5.8410240,42.4647456
-5.8410794,42.4647595
-5.8411348,42.4647576
-5.8411830,42.4647455
-5.8412135,42.4647256
-5.8415227,42.4643384
-5.8417767,42.4640064
-5.8418117,42.4639530
-5.8418466,42.4638812
-5.8418588,42.4636154
-5.8418449,42.4633852
-5.8417758,42.4630802
-5.8417581,42.4629385
-5.8417569,42.4628229
-5.8417810,42.4627336
-5.8418192,42.4626659
-5.8418724,42.4626077
-5.8440587,42.4610213
-5.8458718,42.4597038
-5.8459963,42.4596484
-5.8462157,42.4596402
-5.8479110,42.4595868
-5.8497819,42.4595283
-5.8515784,42.4594800
-5.8527551,42.4594477
-5.8535696,42.4594242
-5.8553733,42.4593564
-5.8571876,42.4593096
-5.8584616,42.4592714
-5.8594057,42.4592415
-5.8596745,42.4592405
-5.8598149,42.4592227
-5.8599518,42.4592181
-5.8603226,42.4592212
-5.8604106,42.4592198
-5.8604528,42.4592109
-5.8604870,42.4591960
-5.8605414,42.4591676
-5.8606879,42.4591022
-5.8613847,42.4588169
-5.8621840,42.4585711
-5.8629834,42.4583136
-5.8632301,42.4582180
-5.8633578,42.4582874
-5.8639638,42.4586668
-5.8649561,42.4593042
-5.8657290,42.4597921
-5.8657636,42.4597640
-5.8658168,42.4597139
-5.8658194,42.4597089
-5.8658325,42.4596838
-5.8658420,42.4596537
-5.8658537,42.4596084
-5.8658561,42.4595608
-5.8658435,42.4594569
-5.8657994,42.4593629
-5.8657743,42.4592852
-5.8657715,42.4592410
-5.8657776,42.4592007
-5.8657912,42.4591275
-5.8658002,42.4590999
-5.8658198,42.4590710
-5.8658542,42.4590522
-5.8658993,42.4590425
-5.8667158,42.4589998
-5.8680741,42.4589467
-5.8693865,42.4589070
-5.8703286,42.4588887
-5.8710308,42.4588723
-5.8724156,42.4588301
-5.8725282,42.4588306
-5.8725613,42.4588284
-5.8725985,42.4588110
-5.8726306,42.4587829
-5.8726505,42.4587458
-5.8727081,42.4579568
-5.8727264,42.4579268
-5.8727434,42.4579118
-5.8727674,42.4579002
-5.8727942,42.4578903
-5.8728221,42.4578848
-5.8734539,42.4578407
-5.8757238,42.4576649
-5.8758143,42.4582591
-5.8758695,42.4586212
-5.8758907,42.4587190
-5.8759257,42.4588273
-5.8759684,42.4589100
-5.8760037,42.4590169
-5.8760385,42.4590577
-5.8760714,42.4590874
-5.8761351,42.4591251
-5.8761559,42.4591504</coordinates></LineString><LineString><coordinates>-7.3450822,42.7268519
-7.3451758,42.7268865
-7.3453502,42.7269515
-7.3457847,42.7271406
-7.3461227,42.7273199
-7.3463889,42.7275133
-7.3466430,42.7277396
-7.3470862,42.7281458
-7.3473511,42.7283760
-7.3475603,42.7285159
-7.3477453,42.7286163
-7.3479734,42.7287070
-7.3481504,42.7287819
-7.3483653,42.7288504
-7.3487032,42.7289607
-7.3491056,42.7290809
-7.3493470,42.7291479
-7.3495428,42.7292030
-7.3496769,42.7292523
-7.3498164,42.7293429
-7.3499639,42.7294651
-7.3501436,42.7296720
-7.3502482,42.7298355
-7.3502884,42.7300640
-7.3504145,42.7307438
-7.3505057,42.7312048
-7.3506425,42.7315240
-7.3507471,42.7317486
-7.3508732,42.7319535
-7.3511736,42.7322234
-7.3514469,42.7323894
-7.3517714,42.7325096
-7.3521255,42.7325667
-7.3524400,42.7325865
-7.3532225,42.7326356
-7.3534588,42.7326667
-7.3537133,42.7327223
-7.3538865,42.7327814
-7.3541184,42.7329016
-7.3543517,42.7330514
-7.3549230,42.7335675
-7.3549855,42.7336235
-7.3552371,42.7338488
-7.3556526,42.7341881
-7.3558457,42.7342965
-7.3560070,42.7343788
-7.3561515,42.7344324
-7.3564173,42.7345028
-7.3570259,42.7345999
-7.3575543,42.7346865
-7.3578895,42.7347141
-7.3581846,42.7347023
-7.3584099,42.7346688
-7.3586808,42.7345999
-7.3589815,42.7344831
-7.3594509,42.7342999
-7.3595666,42.7342651
-7.3596786,42.7342315
-7.3599256,42.7341896
-7.3601751,42.7341502
-7.3606817,42.7341034
-7.3610841,42.7340817
-7.3613925,42.7340857
-7.3618109,42.7341448
-7.3621545,42.7342428
-7.3625622,42.7343925
-7.3628811,42.7345388
-7.3630930,42.7346531
-7.3633535,42.7348102
-7.3634474,42.7348338
-7.3635571,42.7348245
-7.3636187,42.7347929
-7.3636858,42.7347973
-7.3637461,42.7348160
-7.3638068,42.7348378
-7.3637931,42.7349466
-7.3638094,42.7350249
-7.3639192,42.7351416
-7.3640103,42.7352264
-7.3641284,42.7353130
-7.3642306,42.7353598
-7.3643080,42.7354184
-7.3643754,42.7355253
-7.3647533,42.7358331
-7.3652093,42.7362429
-7.3654721,42.7364596
-7.3657243,42.7367433
-7.3660327,42.7370624
-7.3663010,42.7373126
-7.3664753,42.7375234
-7.3666496,42.7376889
-7.3670198,42.7380533
-7.3674463,42.7384690
-7.3675884,42.7386010
-7.3679532,42.7389832
-7.3681785,42.7391703
-7.3682375,42.7392137
-7.3683082,42.7392647
-7.3684306,42.7393516
-7.3689215,42.7396057
-7.3693104,42.7397968
-7.3696513,42.7399677
-7.3699437,42.7401174
-7.3701716,42.7402651
-7.3702857,42.7403434
-7.3704530,42.7404902
-7.3706035,42.7406749
-7.3707242,42.7408620
-7.3710472,42.7415120
-7.3712258,42.7418450
-7.3716010,42.7425585
-7.3719229,42.7431928
-7.3723228,42.7439684
-7.3726390,42.7445855
-7.3730362,42.7453394
-7.3730731,42.7454349
-7.3731325,42.7455448
-7.3733686,42.7460037
-7.3735510,42.7464154
-7.3735700,42.7465114
-7.3735709,42.7465724
-7.3735724,42.7466852
-7.3735566,42.7468522
-7.3735106,42.7469954
-7.3734678,42.7471284
-7.3734413,42.7471752
-7.3734490,42.7472387
-7.3734682,42.7472959
-7.3733854,42.7473090
-7.3733488,42.7473995
-7.3732971,42.7475462
-7.3732640,42.7476682
-7.3732595,42.7477964
-7.3732586,42.7479065
-7.3732971,42.7480406
-7.3733561,42.7481529
-7.3734356,42.7482728
-7.3735438,42.7483932
-7.3736046,42.7484363
-7.3737092,42.7484580
-7.3738809,42.7484895
-7.3739962,42.7484915
-7.3740218,42.7485394
-7.3741278,42.7485319
-7.3742947,42.7485138
-7.3746155,42.7484563
-7.3751718,42.7483520
-7.3753776,42.7483255
-7.3754616,42.7483313
-7.3755241,42.7483467
-7.3755731,42.7483672
-7.3756407,42.7484081
-7.3757015,42.7484866
-7.3757290,42.7485424
-7.3757355,42.7486196
-7.3756332,42.7490026
-7.3756092,42.7490997
-7.3755579,42.7491941
-7.3755406,42.7492518
-7.3755378,42.7493305
-7.3755629,42.7493695
-7.3756041,42.7494131
-7.3757537,42.7495163
-7.3759865,42.7496352
-7.3760944,42.7496617
-7.3762249,42.7496831
-7.3763508,42.7497335
-7.3767657,42.7500068
-7.3768313,42.7500140
-7.3769493,42.7500534
-7.3770325,42.7500672
-7.3771424,42.7500632
-7.3774589,42.7500258
-7.3777448,42.7499657
-7.3780115,42.7499175
-7.3781965,42.7498682
-7.3784540,42.7497934
-7.3787463,42.7497245
-7.3794249,42.7495728
-7.3796689,42.7495039
-7.3799130,42.7494271
-7.3802054,42.7493561
-7.3806640,42.7492813
-7.3809403,42.7492537
-7.3811361,42.7492458
-7.3813641,42.7492458
-7.3814446,42.7492577
-7.3815701,42.7492756
-7.3816511,42.7492872
-7.3818238,42.7493110
-7.3820196,42.7493583
-7.3822208,42.7494233
-7.3823978,42.7495001
-7.3826017,42.7496242
-7.3827599,42.7497700
-7.3828646,42.7498587
-7.3829128,42.7499512
-7.3830603,42.7502643
-7.3832910,42.7508198
-7.3834053,42.7510855
-7.3835125,42.7512489
-7.3836359,42.7513907
-7.3837808,42.7515365
-7.3839213,42.7516332
-7.3839446,42.7516709
-7.3840554,42.7517750
-7.3841520,42.7518853
-7.3842108,42.7520229
-7.3842056,42.7521689
-7.3841509,42.7523065
-7.3840876,42.7523993
-7.3840416,42.7524554
-7.3839830,42.7525116
-7.3838666,42.7525704
-7.3836359,42.7527142
-7.3834374,42.7528599
-7.3832631,42.7530293
-7.3831424,42.7532046
-7.3830485,42.7533779
-7.3830110,42.7535492
-7.3830083,42.7537797
-7.3830432,42.7540200
-7.3831558,42.7542287
-7.3832551,42.7543725
-7.3833876,42.7545126
-7.3835501,42.7546364
-7.3837647,42.7547526
-7.3839900,42.7548412
-7.3843022,42.7549124
-7.3844643,42.7549494
-7.3847939,42.7550202
-7.3848885,42.7550382
-7.3854570,42.7551530
-7.3857388,42.7552075
-7.3860197,42.7552708
-7.3863128,42.7553533
-7.3865139,42.7554419
-7.3866990,42.7555601
-7.3868989,42.7557491
-7.3874634,42.7564089
-7.3877274,42.7567381
-7.3881179,42.7572124
-7.3883459,42.7574428
-7.3884907,42.7575531
-7.3886715,42.7576499
-7.3890014,42.7577582
-7.3892417,42.7578012
-7.3897380,42.7578741
-7.3900464,42.7579352
-7.3902556,42.7579942
-7.3903897,42.7580829
-7.3906043,42.7582069
-7.3907824,42.7583667
-7.3909718,42.7585949
-7.3910978,42.7587820
-7.3914208,42.7592844
-7.3918381,42.7599695
-7.3918395,42.7600170
-7.3918419,42.7600997
-7.3918435,42.7603161
-7.3918097,42.7604877
-7.3917714,42.7605846
-7.3917373,42.7606708
-7.3916235,42.7608537
-7.3911166,42.7613519
-7.3907143,42.7617575
-7.3905356,42.7619784
-7.3904176,42.7622009
-7.3903790,42.7624251
-7.3903897,42.7626063
-7.3904552,42.7627700
-7.3905882,42.7629765
-7.3907636,42.7631442
-7.3909905,42.7632778
-7.3912454,42.7633861
-7.3915994,42.7635042
-7.3920109,42.7636424
-7.3927179,42.7638547
-7.3933090,42.7640224
-7.3935467,42.7640812
-7.3936857,42.7641103
-7.3937881,42.7641836
-7.3939973,42.7642978
-7.3941636,42.7644455
-7.3943648,42.7646463
-7.3944720,42.7648177
-7.3947349,42.7652272
-7.3949039,42.7654950
-7.3950203,42.7656292
-7.3952043,42.7657707
-7.3954081,42.7658711
-7.3956066,42.7659381
-7.3958427,42.7659893
-7.3960823,42.7660295
-7.3964311,42.7660880
-7.3969880,42.7661921
-7.3973109,42.7663027
-7.3975190,42.7664126
-7.3977041,42.7665446
-7.3978838,42.7667080
-7.3979911,42.7668439
-7.3980930,42.7670191
-7.3981520,42.7672121
-7.3981842,42.7673873
-7.3981822,42.7675741
-7.3981547,42.7677162
-7.3980673,42.7679882
-7.3979212,42.7683304
-7.3977738,42.7687637
-7.3977175,42.7690216
-7.3977095,42.7692559
-7.3977535,42.7694472
-7.3978355,42.7697423
-7.3979992,42.7702050
-7.3981225,42.7705338
-7.3982754,42.7709906
-7.3984203,42.7714375
-7.3985609,42.7717155
-7.3986938,42.7718943
-7.3988709,42.7720479
-7.3991096,42.7722212
-7.3995709,42.7725263
-7.4004131,42.7730717
-7.4008745,42.7733631
-7.4011867,42.7735249
-7.4013309,42.7735702
-7.4014780,42.7736269
-7.4019082,42.7737375
-7.4027762,42.7739420
-7.4028734,42.7739718
-7.4030551,42.7740050
-7.4035148,42.7741135
-7.4038946,42.7742137
-7.4041951,42.7743219
-7.4044590,42.7744364
-7.4047379,42.7745821
-7.4050078,42.7747531
-7.4052948,42.7749303
-7.4056220,42.7751705
-7.4056736,42.7752050
-7.4057776,42.7752276
-7.4058419,42.7752138
-7.4059312,42.7752741
-7.4059977,42.7753170
-7.4059941,42.7753464
-7.4059975,42.7753772
-7.4060164,42.7754022
-7.4060377,42.7754304
-7.4061057,42.7754836
-7.4062028,42.7755540
-7.4062992,42.7756149
-7.4063675,42.7756585
-7.4064052,42.7756726
-7.4064272,42.7756781
-7.4064803,42.7756844
-7.4064960,42.7756842
-7.4065232,42.7756804
-7.4065585,42.7757146
-7.4065952,42.7757469</coordinates></LineString><LineString><coordinates>-3.5541545,42.3738064
-3.5542541,42.3738863
-3.5543807,42.3739184
-3.5545505,42.3739312
-3.5547822,42.3739315
-3.5550412,42.3739207
-3.5552527,42.3739000
-3.5555580,42.3738702
-3.5557568,42.3738708
-3.5559431,42.3738878
-3.5561990,42.3739366
-3.5564230,42.3739911
-3.5569121,42.3739228
-3.5580558,42.3737387
-3.5582237,42.3737098
-3.5590628,42.3735652
-3.5595152,42.3735301
-3.5600278,42.3735389
-3.5604323,42.3735024
-3.5607745,42.3734179
-3.5612294,42.3731734
-3.5622066,42.3727585
-3.5631516,42.3724417
-3.5642242,42.3721224
-3.5652855,42.3718660
-3.5658517,42.3717220
-3.5660357,42.3714854
-3.5661514,42.3712330
-3.5661619,42.3710384
-3.5664617,42.3707545
-3.5674161,42.3698737
-3.5679525,42.3692584
-3.5687912,42.3687930
-3.5697877,42.3683171
-3.5705084,42.3678031
-3.5711858,42.3673999
-3.5718938,42.3668815
-3.5761164,42.3638026
-3.5765239,42.3635081
-3.5770419,42.3629639
-3.5774024,42.3626642
-3.5778912,42.3623565
-3.5781540,42.3622271
-3.5784065,42.3621462
-3.5788468,42.3621255
-3.5794446,42.3621632
-3.5798505,42.3621543
-3.5800765,42.3621287
-3.5804565,42.3620772
-3.5809490,42.3619937
-3.5811442,42.3619561
-3.5813782,42.3619010
-3.5816540,42.3618203
-3.5820579,42.3616979
-3.5823135,42.3616396
-3.5824128,42.3616256
-3.5825393,42.3616175
-3.5827005,42.3616191
-3.5828635,42.3616389
-3.5831130,42.3616729
-3.5833448,42.3617220
-3.5834600,42.3617623
-3.5833444,42.3616580
-3.5831799,42.3614506
-3.5830537,42.3612977
-3.5828061,42.3609337
-3.5827713,42.3608410</coordinates></LineString><LineString><coordinates>-4.8693695,42.3516725
-4.8694079,42.3517298
-4.8695069,42.3526202
-4.8696104,42.3536110
-4.8696547,42.3541870
-4.8698628,42.3562887
-4.8712193,42.3564028
-4.8743641,42.3569717
-4.8755083,42.3571850
-4.8757752,42.3572485
-4.8787771,42.3579457
-4.8827642,42.3589208
-4.8847008,42.3593930
-4.8877467,42.3599634
-4.8890347,42.3601810
-4.8899332,42.3603451
-4.8901486,42.3604038
-4.8902586,42.3604867
-4.8903336,42.3605804
-4.8904827,42.3609280
-4.8906356,42.3612077
-4.8907886,42.3613994
-4.8911003,42.3617596
-4.8911808,42.3620347</coordinates></LineString><LineString><coordinates>-5.0768593,42.3825165
-5.0768856,42.3825849
-5.0769023,42.3826276
-5.0770592,42.3830625
-5.0771181,42.3832210
-5.0773193,42.3838048
-5.0773662,42.3839137
-5.0774594,42.3841857
-5.0775444,42.3843923
-5.0775981,42.3845065
-5.0777066,42.3847007
-5.0778660,42.3849349
-5.0779174,42.3850184
-5.0781493,42.3853950
-5.0783966,42.3857941
-5.0784712,42.3859199
-5.0785158,42.3859953
-5.0786212,42.3860895
-5.0788848,42.3863339
-5.0789424,42.3863712
-5.0790303,42.3864322
-5.0791865,42.3865407
-5.0794663,42.3867349
-5.0795460,42.3867879
-5.0800522,42.3871248
-5.0804905,42.3874455
-5.0807717,42.3877512
-5.0811439,42.3880274
-5.0815517,42.3882797
-5.0820058,42.3884540
-5.0821761,42.3885525
-5.0823608,42.3886613
-5.0827521,42.3888633
-5.0830367,42.3889865
-5.0831247,42.3890182
-5.0834876,42.3891490
-5.0837676,42.3892461
-5.0838855,42.3892870
-5.0842629,42.3894321
-5.0844073,42.3894877
-5.0847796,42.3896970
-5.0852024,42.3899497
-5.0857350,42.3903746
-5.0863096,42.3906563
-5.0869075,42.3910055
-5.0874301,42.3913914
-5.0878804,42.3917312
-5.0881758,42.3919441
-5.0883645,42.3920453
-5.0892727,42.3923121
-5.0897947,42.3924902
-5.0900428,42.3925529
-5.0908674,42.3928725
-5.0916937,42.3931952
-5.0919952,42.3933217
-5.0925568,42.3935732
-5.0934376,42.3940727
-5.0938321,42.3942964
-5.0944153,42.3946271
-5.0951254,42.3950640
-5.0958117,42.3954293
-5.0963800,42.3957413
-5.0976629,42.3967437
-5.0979601,42.3969529
-5.0981952,42.3970911
-5.0985828,42.3972541
-5.0987391,42.3972974
-5.0992814,42.3973949
-5.0998525,42.3975238
-5.1004040,42.3977012
-5.1007088,42.3978085
-5.1009506,42.3979260
-5.1011403,42.3980851
-5.1012481,42.3982053
-5.1014633,42.3985075
-5.1016579,42.3987675
-5.1018682,42.3990164
-5.1024230,42.3995851
-5.1025355,42.3997004
-5.1035998,42.4007403
-5.1037264,42.4008640
-5.1041925,42.4013367
-5.1052967,42.4023155
-5.1053753,42.4023811
-5.1063377,42.4031845
-5.1072098,42.4038711
-5.1073433,42.4039778
-5.1075996,42.4041826
-5.1078904,42.4043654
-5.1091648,42.4051273
-5.1095619,42.4053239
-5.1102222,42.4056509
-5.1103576,42.4057180
-5.1118177,42.4063650
-5.1123343,42.4065654
-5.1129786,42.4067776
-5.1137522,42.4070126
-5.1145044,42.4072247
-5.1153749,42.4074374
-5.1164322,42.4076583
-5.1166674,42.4077074
-5.1169509,42.4078000
-5.1172310,42.4079041
-5.1177720,42.4081051
-5.1184484,42.4083560
-5.1190877,42.4085931
-5.1196323,42.4088251
-5.1211278,42.4094844
-5.1220312,42.4098847
-5.1225726,42.4101417
-5.1231309,42.4102938
-5.1237355,42.4104443
-5.1242861,42.4106330
-5.1248859,42.4109818
-5.1250707,42.4111472
-5.1253051,42.4113930
-5.1255159,42.4117501
-5.1256333,42.4119739
-5.1258379,42.4123683
-5.1262583,42.4131049
-5.1266064,42.4136309
-5.1272211,42.4144475
-5.1277728,42.4151739
-5.1278226,42.4152395
-5.1285219,42.4160238
-5.1290539,42.4165815
-5.1295723,42.4171447
-5.1299783,42.4175722
-5.1303195,42.4179286
-5.1309548,42.4186534
-5.1314889,42.4192490
-5.1323797,42.4201633
-5.1327584,42.4205357
-5.1332347,42.4209897
-5.1336371,42.4213396
-5.1342209,42.4218781
-5.1346860,42.4222212
-5.1351339,42.4225322
-5.1352765,42.4226722
-5.1355531,42.4229783
-5.1362709,42.4237143
-5.1366153,42.4241056
-5.1370621,42.4245299
-5.1375079,42.4249396
-5.1389131,42.4262203
-5.1410903,42.4282260
-5.1414942,42.4285864
-5.1422106,42.4291587
-5.1428453,42.4296401
-5.1431988,42.4298833
-5.1437150,42.4301676
-5.1440683,42.4303174
-5.1445415,42.4305204
-5.1449350,42.4306573
-5.1472564,42.4314411
-5.1492239,42.4321071
-5.1496644,42.4322562
-5.1499996,42.4323517
-5.1502861,42.4324158
-5.1511468,42.4325755
-5.1526194,42.4328507
-5.1534603,42.4330104
-5.1537838,42.4330598
-5.1544319,42.4331276
-5.1545827,42.4331417
-5.1550113,42.4331853
-5.1552597,42.4332824
-5.1555154,42.4333865
-5.1556432,42.4334355
-5.1559322,42.4335435
-5.1560226,42.4335570
-5.1562083,42.4335876
-5.1564381,42.4336767
-5.1566426,42.4337507
-5.1568814,42.4338485
-5.1570155,42.4339198
-5.1572015,42.4340186
-5.1573199,42.4340459
-5.1581805,42.4342350
-5.1584908,42.4343255
-5.1585822,42.4343597
-5.1587983,42.4343917
-5.1589225,42.4344085
-5.1591829,42.4344840
-5.1604542,42.4348787
-5.1607886,42.4349852
-5.1610261,42.4350711
-5.1618547,42.4354678
-5.1619855,42.4355233
-5.1625500,42.4356750
-5.1651400,42.4363200
-5.1663733,42.4365850
-5.1669711,42.4366761
-5.1686379,42.4368864
-5.1687117,42.4368957
-5.1689292,42.4369271
-5.1722346,42.4373510
-5.1755167,42.4377233
-5.1770033,42.4379067
-5.1791017,42.4380083
-5.1824033,42.4381983
-5.1856550,42.4384250
-5.1885117,42.4385833
-5.1892419,42.4386343
-5.1893483,42.4386417
-5.1931086,42.4389923
-5.1938935,42.4390783
-5.1945139,42.4391571
-5.1947458,42.4391884
-5.1948070,42.4391957
-5.1953333,42.4392583
-5.1968900,42.4394783
-5.1970319,42.4395152
-5.1971692,42.4395473
-5.1980512,42.4396808
-5.2000349,42.4399875
-5.2006139,42.4400922
-5.2010985,42.4401596
-5.2015842,42.4402502
-5.2021502,42.4403444
-5.2026385,42.4403968
-5.2029682,42.4404549
-5.2037204,42.4405972
-5.2041679,42.4406940
-5.2047591,42.4408336
-5.2049181,42.4408837
-5.2080834,42.4416489
-5.2094564,42.4419842
-5.2106557,42.4422344
-5.2114908,42.4423869
-5.2151679,42.4430425
-5.2181374,42.4435819
-5.2202580,42.4439717
-5.2211004,42.4441382
-5.2232968,42.4445239
-5.2241431,42.4446977
-5.2250470,42.4448888
-5.2273358,42.4453739
-5.2289501,42.4456882
-5.2291391,42.4457423
-5.2292778,42.4458201
-5.2295357,42.4460006
-5.2301250,42.4464133
-5.2303813,42.4466237
-5.2306065,42.4468858
-5.2308319,42.4472035
-5.2308406,42.4472153
-5.2313632,42.4479266
-5.2318478,42.4485949
-5.2319881,42.4487936
-5.2321317,42.4489530
-5.2322957,42.4490780
-5.2330174,42.4495537
-5.2344344,42.4504763
-5.2347521,42.4506695
-5.2349789,42.4507599
-5.2351650,42.4508310
-5.2366429,42.4513837
-5.2392485,42.4523052
-5.2394047,42.4523505
-5.2398562,42.4525224
-5.2449394,42.4543514
-5.2460490,42.4547358
-5.2465106,42.4549083
-5.2467381,42.4550165
-5.2492804,42.4563744
-5.2519900,42.4578165
-5.2520616,42.4578546
-5.2522105,42.4579339
-5.2531431,42.4583332
-5.2542659,42.4587887
-5.2561082,42.4595449
-5.2573744,42.4600680
-5.2575915,42.4601386
-5.2580724,42.4602585
-5.2586907,42.4603520
-5.2593703,42.4604987
-5.2598761,42.4605720
-5.2605392,42.4606984
-5.2621620,42.4609893
-5.2626397,42.4610766
-5.2633128,42.4611692
-5.2641255,42.4613258
-5.2651101,42.4614949
-5.2652180,42.4615125
-5.2672707,42.4618652
-5.2673865,42.4619022
-5.2677053,42.4619430
-5.2690048,42.4621632
-5.2712768,42.4625606
-5.2742147,42.4630964
-5.2762129,42.4635059
-5.2763379,42.4635205
-5.2766117,42.4635650
-5.2782157,42.4638508
-5.2786409,42.4639112
-5.2798529,42.4641222
-5.2809542,42.4643137
-5.2819554,42.4644795
-5.2828103,42.4645940
-5.2835577,42.4646865
-5.2848398,42.4648146
-5.2854847,42.4648696
-5.2863079,42.4649624
-5.2872467,42.4650396
-5.2884327,42.4651675
-5.2891215,42.4652395
-5.2893619,42.4653162
-5.2897116,42.4654254
-5.2899528,42.4655283
-5.2902668,42.4656649
-5.2906906,42.4657766
-5.2912739,42.4659047
-5.2917375,42.4660120
-5.2924632,42.4661342
-5.2927103,42.4661766
-5.2932563,42.4663285
-5.2933272,42.4663199
-5.2934131,42.4663023
-5.2934762,42.4662954
-5.2935597,42.4663137
-5.2937313,42.4663700
-5.2940917,42.4664580
-5.2945369,42.4665341
-5.2949456,42.4666311
-5.2953094,42.4667026
-5.2955696,42.4667825
-5.2957473,42.4668595
-5.2958315,42.4669083
-5.2972458,42.4669865
-5.2984395,42.4670517
-5.2996009,42.4671114
-5.3001207,42.4671616
-5.3009717,42.4672468
-5.3014307,42.4673004
-5.3017167,42.4673414
-5.3022099,42.4674640
-5.3026623,42.4675794
-5.3036453,42.4678904
-5.3053893,42.4684933
-5.3054522,42.4685120
-5.3084722,42.4695493
-5.3098330,42.4699494
-5.3111313,42.4704596
-5.3125384,42.4710543
-5.3155211,42.4722740
-5.3169038,42.4727939
-5.3191733,42.4735447
-5.3200429,42.4738468
-5.3208719,42.4740017
-5.3211121,42.4741351
-5.3214199,42.4743762
-5.3216880,42.4744822
-5.3223329,42.4746117
-5.3230334,42.4750163
-5.3230962,42.4750644
-5.3234824,42.4753600
-5.3236271,42.4756556
-5.3238291,42.4760106
-5.3240124,42.4762290
-5.3241799,42.4763738
-5.3243796,42.4764593
-5.3261449,42.4766964
-5.3279401,42.4769155
-5.3284265,42.4770360
-5.3288562,42.4771619
-5.3290647,42.4771833
-5.3294809,42.4769703
-5.3297117,42.4767802
-5.3297311,42.4766739
-5.3302165,42.4768973
-5.3305950,42.4768139
-5.3316836,42.4765228
-5.3319152,42.4764779
-5.3328276,42.4761886
-5.3335207,42.4761223
-5.3344100,42.4762769
-5.3358887,42.4765400
-5.3386179,42.4768705
-5.3387706,42.4768892
-5.3398894,42.4767893
-5.3403438,42.4767203
-5.3409808,42.4765452
-5.3413431,42.4764773
-5.3425761,42.4763133
-5.3426866,42.4762756
-5.3427636,42.4764472
-5.3428248,42.4766688
-5.3430973,42.4776158
-5.3432266,42.4778215
-5.3437078,42.4782724
-5.3441645,42.4785996
-5.3446892,42.4789642
-5.3465737,42.4802302
-5.3487281,42.4815936
-5.3491087,42.4818287
-5.3496017,42.4820948
-5.3514226,42.4830522
-5.3528085,42.4837716
-5.3530722,42.4839253
-5.3536703,42.4841872
-5.3543132,42.4845294
-5.3555409,42.4852053
-5.3584672,42.4867522
-5.3616359,42.4884309
-5.3637916,42.4895888
-5.3642498,42.4898350
-5.3670062,42.4913722
-5.3696608,42.4928892
-5.3738513,42.4952740
-5.3744512,42.4955958
-5.3748482,42.4957799
-5.3780757,42.4970541
-5.3801716,42.4979110
-5.3828543,42.4989580
-5.3832084,42.4991085
-5.3832537,42.4991683
-5.3834900,42.4992044
-5.3860308,42.5002072
-5.3862254,42.5002840
-5.3868504,42.5005307
-5.3879018,42.5009456
-5.3883006,42.5011002
-5.3887627,42.5012327
-5.3890309,42.5012984
-5.3916796,42.5019470
-5.3931538,42.5023566
-5.3955000,42.5030299
-5.3966371,42.5033460
-5.3998247,42.5041039
-5.4007663,42.5043278
-5.4012464,42.5044465
-5.4015545,42.5045115
-5.4019945,42.5045799
-5.4021983,42.5045844
-5.4023658,42.5045654
-5.4025359,42.5045559
-5.4027338,42.5044979
-5.4028542,42.5044585
-5.4029174,42.5044378
-5.4030856,42.5043827
-5.4069207,42.5031269
-5.4077266,42.5028903
-5.4081882,42.5027640
-5.4082027,42.5027879
-5.4082307,42.5028340
-5.4085667,42.5027385
-5.4089161,42.5025694
-5.4095343,42.5022790
-5.4100028,42.5021477
-5.4106304,42.5019840
-5.4107836,42.5019410
-5.4112059,42.5017318
-5.4113327,42.5016843
-5.4114595,42.5016627
-5.4117947,42.5016254
-5.4118854,42.5016074
-5.4119642,42.5015843
-5.4120545,42.5015375
-5.4122044,42.5013985
-5.4124235,42.5011707
-5.4125070,42.5010928
-5.4126200,42.5010129
-5.4127671,42.5009363
-5.4128791,42.5008779
-5.4133328,42.5006812
-5.4149365,42.4999908
-5.4151712,42.4998906
-5.4154930,42.4997756
-5.4156494,42.4997092
-5.4162000,42.4994877
-5.4165404,42.4993485
-5.4166404,42.4993016
-5.4170217,42.4991289
-5.4173565,42.4989772
-5.4174556,42.4989456</coordinates></LineString><LineString><coordinates>-5.4560363,42.5442767
-5.4560231,42.5443460
-5.4559519,42.5445739
-5.4561596,42.5446800
-5.4562443,42.5447625
-5.4564147,42.5449350
-5.4567219,42.5453664
-5.4568164,42.5456097
-5.4568449,42.5457087
-5.4568925,42.5458580
-5.4569610,42.5463537
-5.4571469,42.5469055
-5.4572972,42.5473953
-5.4574721,42.5478589
-5.4576228,42.5480454
-5.4577162,42.5481675
-5.4578203,42.5483273
-5.4579471,42.5484842
-5.4580253,42.5485543
-5.4582124,42.5486402
-5.4583393,42.5486971
-5.4587680,42.5488851
-5.4591784,42.5490507
-5.4594590,42.5491705
-5.4595147,42.5492414
-5.4595333,42.5493009
-5.4595508,42.5493742
-5.4595367,42.5494840
-5.4594399,42.5496884
-5.4592858,42.5499676
-5.4592255,42.5500996
-5.4592070,42.5502063
-5.4592256,42.5503119
-5.4592689,42.5504050
-5.4593235,42.5504814
-5.4594760,42.5506111
-5.4596096,42.5507031
-5.4597148,42.5507574
-5.4607323,42.5512147
-5.4625037,42.5519995
-5.4635610,42.5524673
-5.4638670,42.5526173
-5.4640954,42.5527035
-5.4666053,42.5538190
-5.4666825,42.5538766
-5.4667305,42.5539700
-5.4668405,42.5542759
-5.4669997,42.5547822
-5.4673771,42.5547467
-5.4675461,42.5547438
-5.4677836,42.5547836
-5.4682397,42.5548804
-5.4683998,42.5548965
-5.4686394,42.5548877
-5.4688174,42.5548597
-5.4689490,42.5548157
-5.4691028,42.5547318
-5.4692552,42.5546279
-5.4694150,42.5545360
-5.4695679,42.5544520
-5.4697011,42.5544028
-5.4699208,42.5543668</coordinates></LineString><LineString><coordinates>-5.8700347,42.4625019
-5.8700802,42.4624665
-5.8701065,42.4624204
-5.8701204,42.4623739
-5.8701263,42.4623275
-5.8701078,42.4622659
-5.8700586,42.4622175
-5.8699853,42.4621813
-5.8699024,42.4621715
-5.8698017,42.4621585
-5.8697287,42.4621545
-5.8696813,42.4621492
-5.8696277,42.4621376
-5.8695195,42.4620967
-5.8694239,42.4620565
-5.8691586,42.4619231
-5.8690702,42.4619251
-5.8686625,42.4616639
-5.8675909,42.4609786
-5.8665044,42.4602770
-5.8657290,42.4597921</coordinates></LineString><LineString><coordinates>-5.8691586,42.4619231
-5.8693866,42.4621059
-5.8694511,42.4621784
-5.8694802,42.4622325
-5.8695020,42.4622817
-5.8695200,42.4623348
-5.8695286,42.4623603
-5.8695585,42.4623984
-5.8695633,42.4624543
-5.8695840,42.4624981
-5.8696280,42.4625459
-5.8696706,42.4625649
-5.8697298,42.4625835
-5.8697737,42.4625857
-5.8698160,42.4625801
-5.8698906,42.4625653
-5.8699523,42.4625452
-5.8700347,42.4625019
-5.8703256,42.4626837
-5.8719800,42.4637285
-5.8722780,42.4639034
-5.8724129,42.4639821
-5.8725430,42.4640318</coordinates></LineString><LineString><coordinates>-4.4972513,42.2995999
-4.4966459,42.2997265</coordinates></LineString><LineString><coordinates>-5.6536958,42.5655506
-5.6537407,42.5655856
-5.6537813,42.5656172</coordinates></LineString><LineString><coordinates>-5.6534392,42.5658538
-5.6533993,42.5658245
-5.6533462,42.5657856</coordinates></LineString><LineString><coordinates>-5.6557854,42.5641666
-5.6556784,42.5642779
-5.6555982,42.5643459
-5.6554673,42.5644504
-5.6546173,42.5650385
-5.6546101,42.5650604
-5.6545370,42.5651072
-5.6545083,42.5651143
-5.6538902,42.5655447
-5.6538691,42.5655572
-5.6538483,42.5655694
-5.6537813,42.5656172
-5.6535921,42.5657494
-5.6535477,42.5657785
-5.6534392,42.5658538
-5.6532339,42.5659964
-5.6531731,42.5660463
-5.6531331,42.5660120
-5.6530105,42.5660981
-5.6529172,42.5661608
-5.6528719,42.5661854
-5.6527623,42.5662448
-5.6525513,42.5663403
-5.6523210,42.5664230
-5.6520248,42.5665212
-5.6515900,42.5666733
-5.6509233,42.5669714
-5.6508076,42.5670497
-5.6507075,42.5671417
-5.6506341,42.5672524
-5.6505868,42.5673503
-5.6505300,42.5674758
-5.6504704,42.5676512
-5.6504032,42.5679044
-5.6503377,42.5680982
-5.6502179,42.5683737
-5.6501891,42.5684705
-5.6501808,42.5685428
-5.6501859,42.5686495
-5.6502018,42.5687439
-5.6503996,42.5695348
-5.6504240,42.5696378
-5.6504553,42.5696958
-5.6504644,42.5697434
-5.6504479,42.5698140
-5.6504252,42.5698782
-5.6503667,42.5700361
-5.6503818,42.5701048
-5.6503729,42.5701604
-5.6503456,42.5702126
-5.6503017,42.5702583
-5.6502439,42.5702946
-5.6501810,42.5703180
-5.6500744,42.5703774
-5.6500353,42.5704340
-5.6500020,42.5705206
-5.6499830,42.5705901
-5.6499555,42.5706914
-5.6499318,42.5709130
-5.6498416,42.5709127
-5.6498008,42.5709354
-5.6497691,42.5710357
-5.6497035,42.5712133
-5.6496246,42.5713896
-5.6495327,42.5715624
-5.6494391,42.5717469
-5.6492650,42.5721069
-5.6491014,42.5723125
-5.6489589,42.5724467
-5.6487389,42.5726648
-5.6486256,42.5727912
-5.6483637,42.5731189
-5.6479801,42.5735098
-5.6476345,42.5738800
-5.6473858,42.5741581
-5.6471457,42.5744401
-5.6469324,42.5747360
-5.6466771,42.5750915
-5.6465012,42.5753383
-5.6462715,42.5757029
-5.6460925,42.5760404
-5.6459793,42.5762505
-5.6458548,42.5764613
-5.6457379,42.5766390
-5.6456541,42.5767468
-5.6455949,42.5767752
-5.6455121,42.5768271
-5.6454459,42.5769142
-5.6453583,42.5770348
-5.6452168,42.5772087
-5.6450757,42.5773900
-5.6450511,42.5774513
-5.6450415,42.5775007
-5.6450419,42.5775233
-5.6450425,42.5775554
-5.6450515,42.5777159
-5.6450540,42.5777367
-5.6450586,42.5777750</coordinates></LineString><LineString><coordinates>-5.6557275,42.5640680
-5.6556892,42.5640963
-5.6555885,42.5642082
-5.6554736,42.5643018
-5.6554018,42.5643609
-5.6543334,42.5651063
-5.6543070,42.5651125
-5.6542705,42.5651350
-5.6542396,42.5651541
-5.6542412,42.5651654
-5.6538519,42.5654389
-5.6537728,42.5654989
-5.6536958,42.5655506
-5.6533462,42.5657856
-5.6533069,42.5658120
-5.6532339,42.5658286
-5.6531596,42.5658455
-5.6531608,42.5658817
-5.6531380,42.5659267
-5.6530949,42.5659567
-5.6530566,42.5659752
-5.6529700,42.5660273
-5.6529219,42.5660561
-5.6528697,42.5660939
-5.6528644,42.5661461
-5.6528719,42.5661854</coordinates></LineString><LineString><coordinates>-5.8759257,42.4588273
-5.8759255,42.4589378
-5.8759251,42.4590186
-5.8759175,42.4590881
-5.8758855,42.4591871
-5.8759604,42.4591505
-5.8760301,42.4591394
-5.8761170,42.4591444
-5.8761559,42.4591504
-5.8761818,42.4591635
-5.8762081,42.4591771
-5.8762393,42.4592078
-5.8762618,42.4592390
-5.8762668,42.4592813
-5.8762737,42.4593387
-5.8762565,42.4593828
-5.8762219,42.4594307
-5.8761617,42.4594669
-5.8760764,42.4594816
-5.8760037,42.4594800
-5.8759452,42.4594628
-5.8758755,42.4594243
-5.8758347,42.4593650
-5.8758211,42.4593181
-5.8758372,42.4592560
-5.8758544,42.4592234
-5.8758855,42.4591871</coordinates></LineString><LineString><coordinates>-5.8760764,42.4594816
-5.8760800,42.4595749
-5.8760982,42.4598198
-5.8761156,42.4599397
-5.8761552,42.4600587
-5.8764320,42.4605465
-5.8765519,42.4608866
-5.8766544,42.4612586
-5.8768412,42.4619110
-5.8769128,42.4621689
-5.8770682,42.4624426
-5.8774705,42.4632692
-5.8775112,42.4633594
-5.8775402,42.4634531
-5.8775411,42.4636242
-5.8775160,42.4638679
-5.8775395,42.4639299</coordinates></LineString><LineString><coordinates>-5.9282990,42.4507158
-5.9284673,42.4510484
-5.9287492,42.4516533
-5.9290210,42.4522196
-5.9291141,42.4524757
-5.9291546,42.4526974
-5.9291920,42.4528583
-5.9292373,42.4529702
-5.9294394,42.4533122
-5.9295678,42.4535295
-5.9295838,42.4536636
-5.9295606,42.4537700
-5.9295147,42.4539186
-5.9293670,42.4544097
-5.9293233,42.4547698
-5.9292931,42.4551416
-5.9292831,42.4554210
-5.9292935,42.4555886
-5.9293522,42.4557550
-5.9295280,42.4561794
-5.9297258,42.4568001
-5.9298148,42.4569042
-5.9300636,42.4572570
-5.9301391,42.4574469
-5.9301726,42.4576159
-5.9302177,42.4578382
-5.9302925,42.4582227
-5.9303181,42.4584119
-5.9308221,42.4584479
-5.9309379,42.4584975
-5.9313486,42.4587574
-5.9318510,42.4589119
-5.9320644,42.4590006
-5.9321235,42.4590352
-5.9325127,42.4592631
-5.9325523,42.4592874
-5.9334543,42.4598416
-5.9339295,42.4600271
-5.9341864,42.4601256
-5.9345815,42.4602771
-5.9347592,42.4603924
-5.9348957,42.4605097
-5.9350749,42.4606761
-5.9352314,42.4607964
-5.9354450,42.4609331
-5.9358687,42.4611478
-5.9363000,42.4614243
-5.9364633,42.4615246
-5.9365728,42.4615716
-5.9366810,42.4616167
-5.9367892,42.4616550
-5.9370153,42.4617114
-5.9372877,42.4617844
-5.9374206,42.4618363
-5.9375349,42.4618899
-5.9376642,42.4619600
-5.9377748,42.4620283
-5.9378631,42.4620811
-5.9379443,42.4621356
-5.9383025,42.4623934
-5.9385457,42.4626160
-5.9387571,42.4628265
-5.9391671,42.4632886
-5.9392939,42.4634194
-5.9393980,42.4635260
-5.9395115,42.4636101
-5.9397962,42.4638142
-5.9400903,42.4639976
-5.9410123,42.4644044
-5.9411601,42.4644535
-5.9412913,42.4644840
-5.9414061,42.4645024
-5.9415013,42.4645039
-5.9415966,42.4645174
-5.9417212,42.4645516
-5.9418950,42.4646162
-5.9426651,42.4650570
-5.9430726,42.4653174
-5.9432496,42.4653906
-5.9440147,42.4656517
-5.9444608,42.4657848
-5.9445965,42.4658183
-5.9449144,42.4658818
-5.9450790,42.4658984
-5.9456494,42.4659193
-5.9457817,42.4659141
-5.9458952,42.4659019
-5.9465349,42.4657946
-5.9468717,42.4657548
-5.9471394,42.4657188
-5.9478679,42.4656315
-5.9481082,42.4656009
-5.9481866,42.4655910
-5.9485649,42.4655435
-5.9487889,42.4655130
-5.9490257,42.4654760
-5.9495070,42.4654010
-5.9497315,42.4653697
-5.9500595,42.4653279
-5.9502867,42.4652901
-5.9504861,42.4652605
-5.9508420,42.4651980
-5.9509538,42.4651855
-5.9510475,42.4651740
-5.9514658,42.4651617
-5.9523185,42.4651534
-5.9526078,42.4651527
-5.9530581,42.4651496
-5.9535499,42.4651409
-5.9535809,42.4651410
-5.9540951,42.4652611
-5.9543323,42.4653223
-5.9550273,42.4654951
-5.9550422,42.4654988
-5.9554012,42.4655858
-5.9561288,42.4657526
-5.9563917,42.4658004
-5.9569999,42.4659168
-5.9572593,42.4659626
-5.9578112,42.4660602
-5.9581727,42.4661306
-5.9583746,42.4661845
-5.9589810,42.4663883
-5.9592633,42.4664786
-5.9593809,42.4665001
-5.9608501,42.4666966
-5.9610996,42.4667274
-5.9614581,42.4667722
-5.9617968,42.4668257
-5.9619544,42.4668621
-5.9621074,42.4669088
-5.9621266,42.4669164
-5.9621945,42.4669434
-5.9623761,42.4670356
-5.9624606,42.4670723
-5.9625487,42.4671012
-5.9625994,42.4671132
-5.9626490,42.4671226
-5.9627119,42.4671350
-5.9628212,42.4671566
-5.9629341,42.4671727
-5.9633094,42.4672380
-5.9637345,42.4672940
-5.9640796,42.4673281
-5.9641486,42.4673247
-5.9642235,42.4673169
-5.9644578,42.4672746
-5.9646464,42.4672508
-5.9648373,42.4672338
-5.9650796,42.4672329
-5.9655896,42.4672829
-5.9658149,42.4673126
-5.9659524,42.4673276
-5.9661744,42.4673626
-5.9663716,42.4674134
-5.9666016,42.4674551
-5.9667858,42.4674727
-5.9668999,42.4674863
-5.9671037,42.4674975
-5.9671935,42.4674764
-5.9672430,42.4674586
-5.9673179,42.4674456
-5.9676271,42.4674108
-5.9680496,42.4673555
-5.9685899,42.4672965
-5.9688740,42.4672560
-5.9690467,42.4672298
-5.9691223,42.4672160
-5.9691996,42.4671917
-5.9692812,42.4671494
-5.9693421,42.4671316
-5.9694084,42.4671242
-5.9697664,42.4671000
-5.9699252,42.4670870
-5.9700212,42.4670715
-5.9704289,42.4669933
-5.9705116,42.4669756
-5.9705926,42.4669488
-5.9707876,42.4668471
-5.9713379,42.4666247
-5.9714481,42.4665583
-5.9715587,42.4664669
-5.9716616,42.4663658
-5.9717494,42.4663116
-5.9718443,42.4662627
-5.9722190,42.4661269
-5.9724078,42.4660692
-5.9728694,42.4658267
-5.9732903,42.4656251
-5.9734929,42.4655224
-5.9739374,42.4652971
-5.9741417,42.4651866
-5.9746421,42.4649031
-5.9747722,42.4648229
-5.9748931,42.4647376
-5.9749919,42.4646617
-5.9750857,42.4645836
-5.9753938,42.4642459
-5.9757895,42.4637349
-5.9759403,42.4635966
-5.9759895,42.4635609
-5.9760987,42.4634908
-5.9762155,42.4634359
-5.9768810,42.4632285
-5.9772497,42.4630795
-5.9777513,42.4629352
-5.9778868,42.4629008
-5.9779681,42.4628754
-5.9780494,42.4628440
-5.9784843,42.4626469
-5.9793784,42.4621327
-5.9798292,42.4618876
-5.9802015,42.4616209
-5.9806325,42.4613746
-5.9809142,42.4611987
-5.9810415,42.4611277
-5.9811816,42.4610494
-5.9813277,42.4609756
-5.9816286,42.4608772
-5.9817696,42.4608426
-5.9835332,42.4604092
-5.9844815,42.4602165
-5.9846890,42.4601731
-5.9854605,42.4599641
-5.9861446,42.4598217
-5.9907804,42.4590599
-5.9917865,42.4588979
-5.9919816,42.4588676
-5.9920782,42.4587731
-5.9921936,42.4586872
-5.9928816,42.4581263
-5.9938307,42.4573885
-5.9946736,42.4567206
-5.9951582,42.4563505
-5.9967984,42.4553127
-5.9973709,42.4549685
-5.9986139,42.4542414
-5.9988798,42.4540887
-5.9989703,42.4540378
-5.9990277,42.4540144
-5.9990865,42.4539939
-5.9993449,42.4539583
-5.9996093,42.4539491</coordinates></LineString><LineString><coordinates>-5.9303181,42.4584119
-5.9302541,42.4587682
-5.9301635,42.4588083
-5.9301965,42.4589638
-5.9302169,42.4591083
-5.9302035,42.4593788
-5.9301210,42.4596517
-5.9300719,42.4597080
-5.9298287,42.4599572
-5.9295081,42.4603580
-5.9294340,42.4604144
-5.9291939,42.4605504
-5.9290883,42.4606395
-5.9290407,42.4607299
-5.9290048,42.4608797
-5.9289866,42.4609354
-5.9288417,42.4615261
-5.9287566,42.4618124
-5.9287453,42.4618743
-5.9286582,42.4619307
-5.9286206,42.4622903
-5.9285452,42.4624323
-5.9284281,42.4625450
-5.9282544,42.4626391
-5.9276330,42.4629586
-5.9269153,42.4633337
-5.9259864,42.4637752
-5.9255742,42.4639326
-5.9252080,42.4640669
-5.9245678,42.4642475
-5.9240761,42.4644527
-5.9239278,42.4644913
-5.9237937,42.4645092
-5.9236326,42.4645237
-5.9231861,42.4645217
-5.9229568,42.4644929
-5.9217201,42.4641080
-5.9204125,42.4637011
-5.9202738,42.4636755
-5.9201236,42.4636597
-5.9193434,42.4636115
-5.9192936,42.4636152
-5.9192331,42.4636535
-5.9191720,42.4637056
-5.9191528,42.4637275
-5.9190395,42.4641087
-5.9187467,42.4651347
-5.9186591,42.4654017
-5.9184166,42.4662039
-5.9182547,42.4667423
-5.9181485,42.4670883
-5.9180132,42.4675497
-5.9178552,42.4681035
-5.9177993,42.4682433
-5.9177517,42.4683090
-5.9174600,42.4685014
-5.9173112,42.4686333
-5.9171494,42.4687955
-5.9167235,42.4692638
-5.9164399,42.4695611
-5.9163606,42.4696388
-5.9162095,42.4697189
-5.9161296,42.4698278
-5.9160700,42.4699434
-5.9160205,42.4700489
-5.9159818,42.4700956
-5.9159254,42.4701305
-5.9156332,42.4702619
-5.9155254,42.4703183
-5.9154140,42.4703956
-5.9153409,42.4704989
-5.9151971,42.4707576
-5.9151564,42.4707912
-5.9151188,42.4708035
-5.9150830,42.4708066
-5.9142290,42.4705476
-5.9141484,42.4705494
-5.9140714,42.4705604
-5.9138800,42.4706160
-5.9135414,42.4707625
-5.9134584,42.4707833
-5.9134138,42.4708479
-5.9128715,42.4705567
-5.9124541,42.4703054
-5.9122808,42.4702242
-5.9121959,42.4702044
-5.9121351,42.4702093
-5.9120778,42.4702247
-5.9115746,42.4703791
-5.9114716,42.4702265
-5.9113727,42.4701362
-5.9112580,42.4700476
-5.9110621,42.4699338
-5.9109404,42.4698972
-5.9107537,42.4698487
-5.9107020,42.4698246
-5.9105165,42.4696286
-5.9104657,42.4695020
-5.9104505,42.4692766
-5.9102210,42.4689690
-5.9099661,42.4688406
-5.9097950,42.4687728
-5.9097253,42.4687737
-5.9096584,42.4687543
-5.9088592,42.4685124
-5.9084068,42.4684125
-5.9082731,42.4683980
-5.9081624,42.4684047
-5.9079048,42.4683977
-5.9077594,42.4683916
-5.9076087,42.4683778
-5.9068347,42.4683030
-5.9053269,42.4681728
-5.9039048,42.4680608
-5.9038762,42.4680574
-5.9024567,42.4678890
-5.9009974,42.4677161
-5.8995127,42.4675493
-5.8980508,42.4673777
-5.8965985,42.4672015
-5.8959688,42.4671259
-5.8958143,42.4671185
-5.8957077,42.4671413
-5.8955303,42.4671635
-5.8947102,42.4672288
-5.8945518,42.4672206
-5.8944578,42.4672080
-5.8943573,42.4671725
-5.8931317,42.4665599
-5.8926178,42.4662882
-5.8922094,42.4660562
-5.8914811,42.4656343
-5.8899706,42.4647472
-5.8886738,42.4639938
-5.8885539,42.4639064
-5.8885043,42.4638598
-5.8884618,42.4638080
-5.8881806,42.4632367
-5.8880626,42.4630045</coordinates></LineString><LineString><coordinates>-5.9999505,42.4538840
-5.9999307,42.4539102
-5.9999068,42.4539101
-5.9998842,42.4539159</coordinates></LineString><LineString><coordinates>-6.8119823,42.6093755
-6.8120455,42.6093979
-6.8122972,42.6094720
-6.8124249,42.6095007
-6.8125265,42.6095345
-6.8125966,42.6095878
-6.8126543,42.6096511
-6.8126946,42.6097084
-6.8127138,42.6097698
-6.8127206,42.6098170
-6.8127885,42.6098756
-6.8128748,42.6099258
-6.8129475,42.6099941
-6.8130346,42.6101028
-6.8130687,42.6101733
-6.8130790,42.6102444
-6.8130639,42.6103733
-6.8129965,42.6105026
-6.8129757,42.6105725
-6.8129748,42.6106321
-6.8129957,42.6106937
-6.8130344,42.6107710
-6.8130420,42.6108979
-6.8130131,42.6109710
-6.8129853,42.6110296
-6.8129870,42.6111662
-6.8130604,42.6113116
-6.8131529,42.6116311
-6.8131239,42.6118922
-6.8130810,42.6120604
-6.8130576,42.6121488
-6.8129938,42.6122769
-6.8129222,42.6124250
-6.8127777,42.6126619
-6.8125722,42.6128997
-6.8124502,42.6130928
-6.8124272,42.6131792
-6.8124170,42.6132706
-6.8123987,42.6133041
-6.8123737,42.6133306
-6.8121792,42.6134554
-6.8119975,42.6135781
-6.8119812,42.6136312
-6.8119991,42.6137343
-6.8121360,42.6139048
-6.8123369,42.6141464
-6.8124367,42.6142460
-6.8126056,42.6144166
-6.8127727,42.6145491
-6.8129611,42.6146819
-6.8130403,42.6147654
-6.8131050,42.6149382
-6.8131754,42.6150576
-6.8132582,42.6151740
-6.8133009,42.6152656
-6.8133367,42.6153542
-6.8133650,42.6154622
-6.8133397,42.6157862
-6.8133701,42.6158711
-6.8134237,42.6159550
-6.8135046,42.6160676
-6.8136431,42.6162111
-6.8137857,42.6163230
-6.8140877,42.6164936
-6.8145009,42.6166706
-6.8146709,42.6167512
-6.8148012,42.6168440
-6.8150212,42.6169710
-6.8152316,42.6171246
-6.8153237,42.6171977
-6.8154578,42.6173306
-6.8155150,42.6173586
-6.8156392,42.6173797
-6.8157867,42.6173903
-6.8159410,42.6174070
-6.8160853,42.6174387
-6.8162592,42.6174928
-6.8164037,42.6175455
-6.8164997,42.6175922
-6.8166484,42.6176684
-6.8169020,42.6178342
-6.8169649,42.6178742
-6.8170132,42.6178887
-6.8170645,42.6178934
-6.8171316,42.6178802
-6.8171942,42.6178585
-6.8173411,42.6178109
-6.8174989,42.6177925
-6.8175962,42.6177627
-6.8177451,42.6176714
-6.8179552,42.6175265
-6.8181030,42.6174573
-6.8182729,42.6173942
-6.8183744,42.6173581
-6.8185003,42.6173423
-6.8186263,42.6173375
-6.8187617,42.6173642
-6.8188863,42.6174136
-6.8189862,42.6174610
-6.8192948,42.6176877
-6.8193933,42.6177479
-6.8194474,42.6177640
-6.8195247,42.6178092
-6.8196724,42.6178955
-6.8199277,42.6180828
-6.8200084,42.6181388
-6.8203817,42.6183430
-6.8206911,42.6184854
-6.8208960,42.6186057
-6.8211468,42.6187746
-6.8213059,42.6189067
-6.8214907,42.6190057
-6.8216618,42.6191228
-6.8219867,42.6193201
-6.8222589,42.6195150
-6.8227455,42.6197911
-6.8230255,42.6199291
-6.8233675,42.6200810
-6.8237024,42.6202529
-6.8240497,42.6204137
-6.8246115,42.6207347
-6.8247329,42.6208065
-6.8248433,42.6208863
-6.8249820,42.6210082
-6.8250472,42.6210768
-6.8250891,42.6211445
-6.8251398,42.6212684
-6.8251745,42.6213395
-6.8252118,42.6214553
-6.8252165,42.6215184
-6.8252089,42.6215855
-6.8251746,42.6216722
-6.8251212,42.6217529
-6.8250728,42.6218058
-6.8250122,42.6219186
-6.8249409,42.6220091
-6.8248139,42.6221183
-6.8244384,42.6224556
-6.8242324,42.6226584
-6.8241794,42.6227491
-6.8241194,42.6229129
-6.8241167,42.6230414
-6.8241263,42.6234023
-6.8241412,42.6236203
-6.8241897,42.6237695
-6.8242461,42.6238849
-6.8242806,42.6240105
-6.8243843,42.6241896
-6.8245240,42.6243615
-6.8246075,42.6244400
-6.8248467,42.6246373
-6.8250602,42.6248419
-6.8251317,42.6249427
-6.8251898,42.6250353
-6.8252499,42.6251339
-6.8253120,42.6252501
-6.8253606,42.6254390
-6.8254327,42.6256031
-6.8255894,42.6257671
-6.8256621,42.6258313
-6.8257082,42.6258845
-6.8257841,42.6259782
-6.8258825,42.6261620
-6.8259128,42.6262189
-6.8262636,42.6266862
-6.8265646,42.6270181
-6.8267674,42.6271974
-6.8269789,42.6273419
-6.8272235,42.6275290
-6.8274215,42.6276330
-6.8280385,42.6280061
-6.8286573,42.6283578
-6.8288639,42.6284612
-6.8291458,42.6285807
-6.8293784,42.6286564
-6.8295451,42.6286998
-6.8296691,42.6287194
-6.8297865,42.6287268
-6.8301045,42.6287198
-6.8303956,42.6286912
-6.8307158,42.6286452
-6.8308588,42.6286474
-6.8309841,42.6286635
-6.8311371,42.6286814
-6.8313678,42.6287167
-6.8315878,42.6287641
-6.8317015,42.6287647
-6.8317892,42.6287459
-6.8319785,42.6286668
-6.8321290,42.6285686
-6.8322219,42.6285360
-6.8323055,42.6285310
-6.8324207,42.6285577
-6.8327077,42.6287072
-6.8331256,42.6289456
-6.8332584,42.6290087
-6.8334077,42.6290805
-6.8336849,42.6292652
-6.8342084,42.6296516
-6.8345286,42.6299624
-6.8346265,42.6300658
-6.8346999,42.6301820
-6.8347539,42.6302941
-6.8348781,42.6306599
-6.8349782,42.6308215
-6.8350358,42.6308830
-6.8351110,42.6309446
-6.8351965,42.6310001
-6.8353159,42.6310725
-6.8354458,42.6311334
-6.8356184,42.6311922
-6.8357873,42.6312339
-6.8360792,42.6312882
-6.8362820,42.6313638
-6.8364299,42.6314425
-6.8366188,42.6315777
-6.8369230,42.6318317
-6.8370318,42.6319498
-6.8371384,42.6320763
-6.8373338,42.6323102
-6.8374286,42.6324235
-6.8374890,42.6324998
-6.8375359,42.6325810
-6.8376144,42.6327351
-6.8376980,42.6329108
-6.8377707,42.6330181
-6.8378959,42.6331286
-6.8379578,42.6331486
-6.8379944,42.6331668
-6.8380925,42.6332156
-6.8381641,42.6332638
-6.8383503,42.6333942
-6.8385570,42.6335066
-6.8387923,42.6336567
-6.8390219,42.6338638
-6.8391277,42.6339340
-6.8392340,42.6340094
-6.8393140,42.6340947
-6.8393631,42.6341737
-6.8393948,42.6342962
-6.8394225,42.6344106
-6.8395474,42.6346484
-6.8396689,42.6348020
-6.8398423,42.6350115
-6.8399194,42.6350884
-6.8400119,42.6351586
-6.8401509,42.6352313
-6.8403346,42.6352812
-6.8407137,42.6353507
-6.8409101,42.6354220
-6.8410773,42.6354700
-6.8413327,42.6354937
-6.8415962,42.6355233
-6.8418200,42.6355642
-6.8420647,42.6356339
-6.8422412,42.6357012
-6.8424072,42.6357892
-6.8425439,42.6359004
-6.8427521,42.6361274
-6.8429206,42.6363111
-6.8430354,42.6363982
-6.8434188,42.6365710
-6.8438269,42.6367753
-6.8440061,42.6368421
-6.8442168,42.6368828
-6.8443962,42.6369020
-6.8445940,42.6369242
-6.8447603,42.6369710
-6.8448985,42.6370567
-6.8449547,42.6371109
-6.8449920,42.6371651
-6.8450290,42.6372574
-6.8450145,42.6374722
-6.8450189,42.6377531
-6.8451720,42.6384179
-6.8452659,42.6387547
-6.8453315,42.6388891
-6.8454652,42.6390937
-6.8455691,42.6392078
-6.8457169,42.6393404
-6.8458524,42.6395993
-6.8459142,42.6397032
-6.8459919,42.6397890
-6.8460723,42.6398529
-6.8462613,42.6400087
-6.8463486,42.6400514
-6.8464286,42.6400932
-6.8465299,42.6401458
-6.8467663,42.6403454
-6.8469280,42.6404946
-6.8470560,42.6406241
-6.8472033,42.6407677
-6.8481009,42.6413633
-6.8483793,42.6415766
-6.8485041,42.6416437
-6.8488403,42.6417677
-6.8492718,42.6419619
-6.8499263,42.6423002
-6.8501137,42.6424024
-6.8503383,42.6425958
-6.8504856,42.6427378
-6.8506866,42.6430153
-6.8510518,42.6434213
-6.8510730,42.6434591
-6.8511351,42.6435672
-6.8511901,42.6437331
-6.8512451,42.6438344
-6.8513388,42.6439321
-6.8514513,42.6440191
-6.8517002,42.6441802
-6.8518594,42.6442678
-6.8520514,42.6443531
-6.8522219,42.6443999
-6.8524877,42.6444628
-6.8525645,42.6444871
-6.8526845,42.6445443
-6.8529478,42.6447509
-6.8531607,42.6449559
-6.8532493,42.6450303
-6.8537069,42.6453610
-6.8539377,42.6455130
-6.8540631,42.6456000
-6.8541786,42.6457136
-6.8542681,42.6457755
-6.8544229,42.6458580
-6.8546466,42.6459184
-6.8552186,42.6460654
-6.8553574,42.6460840
-6.8554714,42.6460760
-6.8556063,42.6460392
-6.8557093,42.6459807
-6.8558335,42.6458944
-6.8559491,42.6458434
-6.8560607,42.6458338
-6.8561621,42.6458473
-6.8562613,42.6458715
-6.8564190,42.6459434
-6.8565087,42.6460001
-6.8565881,42.6460644
-6.8566941,42.6461691
-6.8568790,42.6463292
-6.8571474,42.6466071
-6.8572071,42.6467120
-6.8573044,42.6468199
-6.8574013,42.6469090
-6.8576642,42.6470788
-6.8577948,42.6472213
-6.8578544,42.6473107
-6.8579036,42.6474047
-6.8581914,42.6478948
-6.8582931,42.6480992
-6.8584580,42.6482978
-6.8585776,42.6484319
-6.8587278,42.6485316
-6.8588257,42.6486497
-6.8589872,42.6488727
-6.8590330,42.6489476
-6.8590903,42.6492124
-6.8591886,42.6493860
-6.8592931,42.6495044
-6.8596477,42.6499148
-6.8599066,42.6501632
-6.8601336,42.6504267
-6.8603372,42.6505666
-6.8606092,42.6507461
-6.8610349,42.6510118
-6.8612439,42.6511635
-6.8613930,42.6512905
-6.8614530,42.6512925
-6.8614617,42.6512852
-6.8614720,42.6512420
-6.8614937,42.6511962
-6.8615326,42.6511770
-6.8616093,42.6511778
-6.8616504,42.6512016
-6.8617654,42.6513176
-6.8619194,42.6514668
-6.8624302,42.6518683
-6.8625968,42.6520196
-6.8629525,42.6524059
-6.8631118,42.6525534
-6.8634361,42.6528328
-6.8636701,42.6529592
-6.8640095,42.6531357
-6.8643789,42.6533123
-6.8645597,42.6534073
-6.8647967,42.6535295
-6.8649005,42.6535974
-6.8649959,42.6536730
-6.8651907,42.6538083
-6.8653647,42.6539590
-6.8657116,42.6542808
-6.8658491,42.6543948
-6.8660012,42.6545511
-6.8661490,42.6547132
-6.8663471,42.6548516
-6.8664690,42.6548891
-6.8665738,42.6549056
-6.8666338,42.6549043
-6.8667059,42.6548832
-6.8667710,42.6548977
-6.8669219,42.6549345
-6.8670718,42.6549701
-6.8674495,42.6550446
-6.8677497,42.6551943
-6.8679119,42.6552962
-6.8682034,42.6555258
-6.8685833,42.6557563
-6.8684570,42.6559046
-6.8688320,42.6560528
-6.8691738,42.6561512
-6.8695866,42.6562803
-6.8698339,42.6563350
-6.8706066,42.6565799
-6.8717654,42.6567441
-6.8721003,42.6568733
-6.8724715,42.6569590
-6.8725910,42.6569710
-6.8726393,42.6570247
-6.8727085,42.6570445
-6.8727739,42.6570962
-6.8728611,42.6571221
-6.8729616,42.6571815
-6.8729848,42.6572225
-6.8729673,42.6573827
-6.8730031,42.6574042
-6.8731062,42.6573916
-6.8732642,42.6573159
-6.8734280,42.6572234
-6.8736392,42.6571361
-6.8738165,42.6571044
-6.8740805,42.6570682
-6.8742561,42.6570176
-6.8744739,42.6569199
-6.8746831,42.6567798
-6.8749044,42.6566457
-6.8751104,42.6565486
-6.8753483,42.6564340
-6.8756437,42.6562836
-6.8758053,42.6561648
-6.8758855,42.6560728
-6.8759488,42.6559369
-6.8759857,42.6558097
-6.8760403,42.6557398
-6.8761247,42.6556601
-6.8764017,42.6555117
-6.8766398,42.6553468
-6.8768063,42.6551962
-6.8768932,42.6551240
-6.8769765,42.6550887
-6.8770880,42.6551009
-6.8771494,42.6551163
-6.8772344,42.6551443
-6.8773063,42.6551548
-6.8773705,42.6551415
-6.8773882,42.6551119
-6.8773977,42.6550734
-6.8773634,42.6549046
-6.8773298,42.6547411
-6.8772804,42.6545910
-6.8771895,42.6544756
-6.8771307,42.6544213
-6.8771220,42.6543959
-6.8771275,42.6543704
-6.8771453,42.6543486
-6.8771671,42.6543312
-6.8772950,42.6542917
-6.8774521,42.6542557
-6.8775645,42.6542308
-6.8777870,42.6542273
-6.8780191,42.6541946
-6.8781369,42.6541842
-6.8783220,42.6541620
-6.8784668,42.6541042
-6.8785575,42.6540839
-6.8786395,42.6541002
-6.8786810,42.6541511
-6.8786571,42.6542251
-6.8786526,42.6542624
-6.8786909,42.6542876
-6.8787402,42.6542897
-6.8788187,42.6542717
-6.8788777,42.6542488
-6.8789985,42.6541736
-6.8791374,42.6540654
-6.8792166,42.6539956
-6.8792764,42.6539115
-6.8793390,42.6538551
-6.8794514,42.6537990
-6.8795968,42.6536974
-6.8797314,42.6536469
-6.8799147,42.6535946
-6.8800304,42.6535755
-6.8800620,42.6535521
-6.8800703,42.6534913
-6.8801822,42.6534945
-6.8803380,42.6534811
-6.8804682,42.6534591
-6.8806079,42.6534183
-6.8807343,42.6533648
-6.8808174,42.6533232
-6.8808484,42.6533426
-6.8809738,42.6533282
-6.8811620,42.6532822
-6.8813299,42.6532255
-6.8815004,42.6531545
-6.8816556,42.6530861
-6.8818152,42.6529973
-6.8819772,42.6528876
-6.8821010,42.6527974
-6.8822579,42.6526494
-6.8823141,42.6526032
-6.8824124,42.6525760
-6.8826093,42.6525641
-6.8827519,42.6525369
-6.8828313,42.6525117
-6.8829103,42.6524472
-6.8829455,42.6523671
-6.8829770,42.6522957
-6.8830548,42.6522539
-6.8831940,42.6522355
-6.8833157,42.6522522
-6.8834753,42.6522948
-6.8836104,42.6523497
-6.8837133,42.6523472
-6.8837608,42.6523236
-6.8837990,42.6523015
-6.8838407,42.6522393
-6.8838923,42.6521910
-6.8840019,42.6520898
-6.8840279,42.6520264
-6.8840114,42.6519230
-6.8839342,42.6518039
-6.8837617,42.6516768
-6.8835740,42.6515741
-6.8833382,42.6514716
-6.8831897,42.6514331
-6.8828461,42.6513974
-6.8824190,42.6513463
-6.8822626,42.6513149
-6.8821452,42.6513036
-6.8820239,42.6513041
-6.8818814,42.6513296
-6.8817963,42.6513308
-6.8817334,42.6513234
-6.8816717,42.6512968
-6.8815272,42.6511884
-6.8814279,42.6511331
-6.8813445,42.6511110
-6.8812889,42.6511053
-6.8812450,42.6510927
-6.8812376,42.6510697
-6.8811990,42.6510300
-6.8813715,42.6510221
-6.8815228,42.6510354
-6.8816472,42.6510645
-6.8817401,42.6510969
-6.8818142,42.6511103
-6.8818619,42.6511046
-6.8819385,42.6510722
-6.8820515,42.6510040
-6.8821409,42.6509647
-6.8822675,42.6509391
-6.8826825,42.6508896
-6.8828140,42.6508737
-6.8829002,42.6508749
-6.8830460,42.6508959
-6.8831404,42.6508994
-6.8832199,42.6508727
-6.8834066,42.6507621
-6.8835260,42.6507225
-6.8836796,42.6506861
-6.8838587,42.6506713
-6.8840864,42.6506779
-6.8842878,42.6507040
-6.8844969,42.6507567
-6.8848358,42.6508649
-6.8852392,42.6510480
-6.8855139,42.6511995
-6.8856083,42.6512689
-6.8856428,42.6513447
-6.8856427,42.6514267
-6.8856509,42.6515762
-6.8856684,42.6517298
-6.8856775,42.6518416
-6.8857027,42.6519020
-6.8857951,42.6519441
-6.8861272,42.6520331
-6.8865010,42.6521401
-6.8868160,42.6522422
-6.8869560,42.6523165
-6.8873638,42.6525852
-6.8874440,42.6526312
-6.8875125,42.6526429
-6.8876168,42.6526262
-6.8876666,42.6525878
-6.8876961,42.6525398
-6.8876997,42.6523729
-6.8877184,42.6522746
-6.8877591,42.6522092
-6.8878506,42.6521560
-6.8881294,42.6520479
-6.8882090,42.6520012
-6.8882386,42.6519335
-6.8882256,42.6518693
-6.8881713,42.6517983
-6.8879429,42.6515846
-6.8877700,42.6513984
-6.8877514,42.6513638
-6.8877532,42.6513297</coordinates></LineString><LineString><coordinates>-6.7917941,42.6047439
-6.7917080,42.6047691
-6.7916267,42.6048111
-6.7914760,42.6049034
-6.7912682,42.6050299
-6.7910909,42.6051553
-6.7909950,42.6052062
-6.7908947,42.6052418
-6.7906682,42.6053064
-6.7905315,42.6053112
-6.7904472,42.6052851
-6.7903139,42.6052150
-6.7901209,42.6051425
-6.7899100,42.6050893
-6.7897130,42.6050646
-6.7891015,42.6049910
-6.7882258,42.6047609
-6.7873530,42.6045786
-6.7870741,42.6045465
-6.7868255,42.6045495
-6.7865736,42.6045682
-6.7863170,42.6046093
-6.7858840,42.6046974
-6.7857348,42.6047557
-6.7855283,42.6048658
-6.7853444,42.6049511
-6.7852402,42.6049783
-6.7850199,42.6049983
-6.7848662,42.6050044
-6.7845614,42.6050066
-6.7844521,42.6050213
-6.7843915,42.6050428
-6.7842771,42.6051468
-6.7838530,42.6056039
-6.7833358,42.6061028
-6.7831752,42.6062281
-6.7830809,42.6062948
-6.7827296,42.6065385
-6.7824907,42.6066797
-6.7822243,42.6068382
-6.7820465,42.6069778
-6.7817117,42.6072936
-6.7815122,42.6074236
-6.7813603,42.6074710
-6.7811940,42.6074981
-6.7809779,42.6075159
-6.7809493,42.6075163
-6.7808441,42.6075177
-6.7807718,42.6075103
-6.7804875,42.6074810
-6.7803299,42.6074830
-6.7802237,42.6075072
-6.7801172,42.6075492
-6.7799780,42.6076283
-6.7797255,42.6078026
-6.7787957,42.6085300
-6.7787290,42.6085771
-6.7784229,42.6087122
-6.7782904,42.6087918
-6.7781783,42.6089350
-6.7780585,42.6092119
-6.7779859,42.6092972
-6.7778097,42.6093888
-6.7775351,42.6094923
-6.7772317,42.6096114
-6.7770736,42.6097072
-6.7768766,42.6098832
-6.7767323,42.6099595
-6.7766003,42.6099802
-6.7762621,42.6100122
-6.7758697,42.6100570
-6.7755916,42.6100849
-6.7754708,42.6100817
-6.7753517,42.6100667
-6.7752211,42.6100360
-6.7750923,42.6100154
-6.7749927,42.6100097
-6.7748968,42.6100161
-6.7743952,42.6100613
-6.7737244,42.6100736
-6.7730981,42.6100629
-6.7729815,42.6100824
-6.7728739,42.6101062
-6.7727217,42.6101640
-6.7725940,42.6102210
-6.7724563,42.6102886
-6.7717231,42.6105845
-6.7715834,42.6106624
-6.7713890,42.6108039
-6.7711678,42.6110156
-6.7710071,42.6111277
-6.7697985,42.6117659
-6.7696810,42.6118040
-6.7693426,42.6118034
-6.7691495,42.6118510
-6.7690334,42.6119069
-6.7688403,42.6120160
-6.7686921,42.6120975
-6.7685838,42.6122482
-6.7683674,42.6127298
-6.7683076,42.6128325
-6.7680267,42.6132324
-6.7679877,42.6133184
-6.7679578,42.6133821
-6.7677701,42.6137624
-6.7677127,42.6138435
-6.7676356,42.6139578
-6.7672677,42.6142847
-6.7671479,42.6143940
-6.7670081,42.6145224
-6.7669468,42.6146322
-6.7668999,42.6147609
-6.7668654,42.6148787
-6.7668580,42.6149518
-6.7668317,42.6150108
-6.7667539,42.6150792
-6.7666868,42.6151270
-6.7666328,42.6151748
-6.7665385,42.6152186
-6.7664988,42.6152477
-6.7663280,42.6154777
-6.7661139,42.6157099
-6.7659794,42.6158559
-6.7658721,42.6158568
-6.7657799,42.6158723
-6.7655616,42.6158604
-6.7654622,42.6158552
-6.7651391,42.6158109
-6.7647972,42.6157900
-6.7646547,42.6157974
-6.7645702,42.6157990
-6.7644555,42.6157940
-6.7644005,42.6157826
-6.7641766,42.6157264
-6.7641037,42.6157125
-6.7640227,42.6156850
-6.7639183,42.6155329
-6.7638182,42.6154238
-6.7638366,42.6154024
-6.7639422,42.6151154
-6.7639768,42.6149682
-6.7640027,42.6146431
-6.7639834,42.6145340
-6.7638475,42.6140436
-6.7638501,42.6139365
-6.7638535,42.6138599
-6.7639251,42.6133359
-6.7639282,42.6131967
-6.7639538,42.6129446
-6.7639342,42.6128836
-6.7639106,42.6128386
-6.7638675,42.6127655
-6.7638283,42.6127166
-6.7636328,42.6125745
-6.7633825,42.6124277
-6.7628438,42.6121143
-6.7626027,42.6118973
-6.7624203,42.6117549
-6.7622360,42.6116356
-6.7614911,42.6112001
-6.7612021,42.6110449
-6.7609076,42.6109171
-6.7604982,42.6107751
-6.7601704,42.6106683
-6.7597392,42.6105338
-6.7594637,42.6105030
-6.7588807,42.6104640
-6.7584904,42.6104680
-6.7583558,42.6104478
-6.7582722,42.6103930
-6.7582105,42.6103072
-6.7581359,42.6101447
-6.7580222,42.6099958
-6.7579549,42.6098825
-6.7579004,42.6097192
-6.7578424,42.6095759
-6.7577640,42.6094477
-6.7576672,42.6093308
-6.7575499,42.6092310
-6.7565992,42.6085893
-6.7564942,42.6085395
-6.7564264,42.6084952
-6.7563829,42.6081249
-6.7563259,42.6078216
-6.7562877,42.6076693
-6.7562449,42.6075397
-6.7561721,42.6073835
-6.7560087,42.6070970
-6.7558621,42.6067976
-6.7557114,42.6065084
-6.7556795,42.6064189
-6.7556227,42.6063550
-6.7555502,42.6063221
-6.7553620,42.6062649
-6.7552168,42.6062301
-6.7551453,42.6062130
-6.7549067,42.6061720</coordinates></LineString><LineString><coordinates>-6.8804959,42.6492393
-6.8804781,42.6493423
-6.8804600,42.6493528
-6.8803793,42.6493970
-6.8802868,42.6494501
-6.8801439,42.6494710
-6.8800069,42.6494928
-6.8798671,42.6495633
-6.8798476,42.6495731
-6.8796994,42.6495956
-6.8796251,42.6496287
-6.8795492,42.6496625
-6.8791325,42.6496349
-6.8789262,42.6496387
-6.8787629,42.6496817
-6.8787221,42.6497096
-6.8786978,42.6497376
-6.8787040,42.6497693
-6.8787179,42.6498094
-6.8787560,42.6499245
-6.8788024,42.6500282
-6.8789382,42.6504481
-6.8789554,42.6505619
-6.8789307,42.6506350
-6.8788937,42.6506932
-6.8788872,42.6507441
-6.8789002,42.6508092
-6.8789116,42.6508495
-6.8789589,42.6508731
-6.8790422,42.6508755
-6.8792192,42.6508402
-6.8794266,42.6508174
-6.8795487,42.6508161
-6.8796931,42.6508655
-6.8797705,42.6509186
-6.8798203,42.6509843
-6.8798702,42.6510767
-6.8799098,42.6511462
-6.8800129,42.6511627
-6.8801058,42.6511272
-6.8804273,42.6510868
-6.8806182,42.6510501
-6.8808641,42.6510324
-6.8809672,42.6510400
-6.8811990,42.6510300</coordinates></LineString><LineString><coordinates>-7.6897510,42.8240082
-7.6898463,42.8239122
-7.6899133,42.8236880
-7.6899390,42.8236285
-7.6899841,42.8236098
-7.6900346,42.8236028
-7.6901156,42.8236242
-7.6903383,42.8236972
-7.6905106,42.8237524
-7.6906744,42.8237859
-7.6909663,42.8238227
-7.6916153,42.8239258
-7.6917543,42.8239481
-7.6918992,42.8239803
-7.6921888,42.8240384
-7.6925970,42.8241198
-7.6926893,42.8241416
-7.6927922,42.8241825
-7.6930625,42.8243309
-7.6933729,42.8244902
-7.6935193,42.8245627
-7.6936813,42.8246154
-7.6939692,42.8247182
-7.6942378,42.8247939
-7.6951244,42.8248776
-7.6953636,42.8248872
-7.6956125,42.8248970
-7.6956154,42.8249252
-7.6957038,42.8249305
-7.6957603,42.8249334
-7.6958766,42.8249394
-7.6960511,42.8249471
-7.6962222,42.8249820
-7.6962655,42.8250149
-7.6962800,42.8250835
-7.6963049,42.8251117
-7.6963105,42.8251498
-7.6963152,42.8251787
-7.6962551,42.8252599
-7.6961622,42.8253367
-7.6962112,42.8254668
-7.6964534,42.8259541
-7.6964800,42.8261361
-7.6964105,42.8263455
-7.6963683,42.8264257
-7.6963287,42.8264795</coordinates></LineString><LineString><coordinates>-6.5501732,42.5453384
-6.5503719,42.5453564
-6.5505720,42.5453966
-6.5507303,42.5454427
-6.5510374,42.5455476
-6.5515164,42.5456997
-6.5516532,42.5457256
-6.5517845,42.5457392
-6.5518658,42.5457365
-6.5519490,42.5457596
-6.5520353,42.5457584
-6.5521034,42.5457613
-6.5521058,42.5457291
-6.5521762,42.5457081
-6.5523688,42.5456586
-6.5525678,42.5455877
-6.5532171,42.5453393
-6.5534595,42.5452733
-6.5536037,42.5452420
-6.5537609,42.5452243
-6.5539864,42.5452148
-6.5542027,42.5452189
-6.5561570,42.5454150
-6.5563825,42.5454341
-6.5564879,42.5454654
-6.5566062,42.5455199
-6.5566266,42.5455194
-6.5567121,42.5455720
-6.5567670,42.5455795
-6.5568570,42.5455726
-6.5568822,42.5455727
-6.5569273,42.5455291
-6.5569771,42.5455138
-6.5571021,42.5455118
-6.5574630,42.5455485
-6.5580063,42.5455955
-6.5585336,42.5456461
-6.5590796,42.5457043
-6.5593954,42.5457375
-6.5596060,42.5457590
-6.5600411,42.5457929
-6.5600405,42.5457447
-6.5600496,42.5456883
-6.5603532,42.5457056
-6.5605505,42.5457105
-6.5607169,42.5457098
-6.5609716,42.5456932
-6.5611756,42.5456717
-6.5616135,42.5455942
-6.5622207,42.5454640
-6.5628354,42.5453407
-6.5634237,42.5452126
-6.5635901,42.5451863
-6.5637001,42.5451731
-6.5639012,42.5451690
-6.5640365,42.5451669
-6.5641935,42.5451766
-6.5643429,42.5451939
-6.5644492,42.5452112
-6.5647503,42.5453062
-6.5649383,42.5453810
-6.5650191,42.5454073
-6.5651168,42.5454129
-6.5651759,42.5454413
-6.5652049,42.5454716
-6.5652247,42.5455083
-6.5652462,42.5455796
-6.5652713,42.5456568
-6.5653864,42.5458513
-6.5654821,42.5460706
-6.5655433,42.5462469
-6.5656097,42.5463331
-6.5656629,42.5463840
-6.5657985,42.5464545
-6.5659154,42.5465015
-6.5671436,42.5467208
-6.5672322,42.5467289
-6.5673293,42.5467203
-6.5674311,42.5466974
-6.5675029,42.5466748
-6.5676381,42.5466033
-6.5679571,42.5464075
-6.5683107,42.5461941
-6.5686106,42.5460405
-6.5688492,42.5459359
-6.5703709,42.5453636
-6.5707469,42.5452233
-6.5710789,42.5451288
-6.5714812,42.5450466
-6.5718474,42.5450010
-6.5724133,42.5449780
-6.5726647,42.5449761
-6.5727501,42.5449719
-6.5731363,42.5449609
-6.5734700,42.5449549
-6.5737843,42.5449682
-6.5738920,42.5449817
-6.5742026,42.5450194
-6.5751767,42.5451689
-6.5766178,42.5453839
-6.5770631,42.5454542
-6.5772811,42.5455287
-6.5774618,42.5456360
-6.5776525,42.5458083
-6.5778243,42.5459575
-6.5779973,42.5460489
-6.5781758,42.5460933
-6.5783450,42.5461140
-6.5785988,42.5461099
-6.5788883,42.5460780
-6.5795650,42.5459728
-6.5796279,42.5459157
-6.5804920,42.5458031
-6.5825435,42.5455225
-6.5825971,42.5455165
-6.5826481,42.5454968
-6.5827044,42.5454612
-6.5827420,42.5454335
-6.5827849,42.5454118
-6.5828146,42.5454054
-6.5828492,42.5453980
-6.5829029,42.5453802
-6.5829673,42.5453486
-6.5830182,42.5452873
-6.5831362,42.5451253
-6.5832087,42.5450423
-6.5832995,42.5449461
-6.5834215,42.5448530
-6.5835520,42.5447755
-6.5836186,42.5447387
-6.5836673,42.5447044
-6.5836700,42.5446668
-6.5837176,42.5446469
-6.5837800,42.5446233
-6.5838433,42.5446288
-6.5838984,42.5446117
-6.5841153,42.5445522
-6.5843620,42.5445107
-6.5845870,42.5444735
-6.5847451,42.5444535
-6.5848716,42.5444376
-6.5854725,42.5443467
-6.5855385,42.5443360
-6.5863831,42.5442114
-6.5863978,42.5442732
-6.5864253,42.5443543
-6.5864434,42.5444060
-6.5865991,42.5443864
-6.5866632,42.5444166
-6.5866709,42.5444478
-6.5867319,42.5444463
-6.5867863,42.5444449
-6.5868023,42.5443856
-6.5868426,42.5443520
-6.5868774,42.5443342
-6.5869794,42.5443125
-6.5871054,42.5442631
-6.5871671,42.5442295
-6.5876526,42.5439390
-6.5876982,42.5439291
-6.5877384,42.5439608
-6.5877853,42.5439501
-6.5878362,42.5440152
-6.5878843,42.5440374
-6.5880090,42.5440951
-6.5883152,42.5441604
-6.5886679,42.5442396
-6.5887723,42.5442622
-6.5888313,42.5442750
-6.5894471,42.5443978
-6.5896231,42.5444423
-6.5896140,42.5446271
-6.5896412,42.5447191
-6.5896649,42.5447634
-6.5898267,42.5449783
-6.5898977,42.5450865
-6.5899695,42.5452481
-6.5900112,42.5453114
-6.5902820,42.5454791
-6.5903072,42.5454436
-6.5903528,42.5454701
-6.5904624,42.5455263
-6.5907075,42.5456227
-6.5908468,42.5456747
-6.5909323,42.5457425
-6.5909583,42.5457712
-6.5910565,42.5458649</coordinates></LineString><LineString><coordinates>-6.1020320,42.4603532
-6.1033927,42.4602849
-6.1041001,42.4602938
-6.1047794,42.4603283
-6.1050315,42.4603086
-6.1056549,42.4603293
-6.1061131,42.4603450
-6.1062440,42.4603536
-6.1065079,42.4603905
-6.1070361,42.4604767
-6.1070627,42.4604820
-6.1071337,42.4604947
-6.1081501,42.4606768
-6.1095757,42.4609545
-6.1095076,42.4610670
-6.1099785,42.4611560
-6.1128860,42.4616939
-6.1166243,42.4623859
-6.1186001,42.4627710
-6.1218145,42.4633760
-6.1228615,42.4635706
-6.1236528,42.4636963
-6.1243711,42.4638310
-6.1249068,42.4639717
-6.1251259,42.4639897
-6.1252453,42.4639716
-6.1253075,42.4640375
-6.1253747,42.4641158
-6.1255098,42.4642403
-6.1255800,42.4643049
-6.1259109,42.4645636
-6.1259904,42.4646257
-6.1260568,42.4646777
-6.1261740,42.4647405
-6.1263287,42.4647971
-6.1264192,42.4648300
-6.1265124,42.4648462
-6.1266739,42.4648582
-6.1273122,42.4650352
-6.1275338,42.4650661
-6.1276333,42.4650746
-6.1283918,42.4651061
-6.1285272,42.4651170
-6.1288018,42.4651372
-6.1291094,42.4651840
-6.1295250,42.4652456
-6.1297854,42.4652953
-6.1304923,42.4653814
-6.1306960,42.4654082
-6.1308006,42.4653801
-6.1311155,42.4653522
-6.1314473,42.4653421
-6.1322627,42.4653426
-6.1327139,42.4652951
-6.1335904,42.4651651
-6.1336424,42.4651016
-6.1337405,42.4632643
-6.1337025,42.4631748
-6.1337708,42.4630574
-6.1338617,42.4629567
-6.1340664,42.4627591
-6.1343630,42.4625235
-6.1348262,42.4623350
-6.1351620,42.4622149
-6.1359335,42.4621929
-6.1398812,42.4620098
-6.1424981,42.4620513
-6.1435388,42.4619327
-6.1441964,42.4619716
-6.1448179,42.4619509
-6.1456357,42.4617670
-6.1458405,42.4616376
-6.1460583,42.4612974
-6.1461624,42.4612153
-6.1463152,42.4611530
-6.1469943,42.4609868
-6.1477948,42.4610017
-6.1482045,42.4609428
-6.1483939,42.4608712
-6.1486190,42.4608415
-6.1491498,42.4608860
-6.1494732,42.4608924
-6.1502976,42.4606748
-6.1504595,42.4606309</coordinates></LineString><LineString><coordinates>-6.1561283,42.4550475
-6.1560578,42.4551867
-6.1555231,42.4564401
-6.1550730,42.4570919
-6.1546307,42.4575342
-6.1540100,42.4577669
-6.1531797,42.4580230
-6.1528073,42.4581704
-6.1520468,42.4585662
-6.1513562,42.4589774
-6.1509140,42.4593344
-6.1507588,42.4595827
-6.1506036,42.4600948
-6.1504258,42.4605846</coordinates></LineString><LineString><coordinates>-4.2424128,42.2792846
-4.2424837,42.2794237
-4.2426414,42.2797701
-4.2427345,42.2799840
-4.2427775,42.2800847
-4.2428229,42.2801978
-4.2428444,42.2803021
-4.2428468,42.2804417
-4.2428181,42.2806008
-4.2427896,42.2807524
-4.2428854,42.2808463
-4.2429187,42.2809053
-4.2429584,42.2809529
-4.2429978,42.2810478
-4.2430108,42.2811382
-4.2430215,42.2812430
-4.2430578,42.2814150
-4.2430928,42.2816989
-4.2431194,42.2820347
-4.2431376,42.2823414
-4.2431726,42.2826429
-4.2432048,42.2828574
-4.2432258,42.2829931
-4.2432538,42.2831257
-4.2433225,42.2833589
-4.2433743,42.2835485
-4.2434107,42.2837039
-4.2434513,42.2838977
-4.2434835,42.2841484
-4.2435129,42.2842924
-4.2435647,42.2844758
-4.2436320,42.2846799
-4.2437118,42.2849369
-4.2437622,42.2850819
-4.2437888,42.2852011
-4.2438098,42.2854581
-4.2438435,42.2856280
-4.2439401,42.2859233
-4.2440465,42.2863066
-4.2440478,42.2863585
-4.2440493,42.2864237
-4.2440535,42.2864962
-4.2441067,42.2866485
-4.2441768,42.2867843
-4.2442664,42.2870091
-4.2443714,42.2872733
-4.2444429,42.2874712
-4.2444603,42.2875498
-4.2444915,42.2877736
-4.2444971,42.2880601
-4.2445125,42.2883486
-4.2444572,42.2883569
-4.2444685,42.2883912
-4.2444710,42.2884358
-4.2444610,42.2884999
-4.2443793,42.2886783
-4.2442532,42.2888748
-4.2442010,42.2889561
-4.2440468,42.2889614
-4.2439326,42.2889744
-4.2437932,42.2889911
-4.2437115,42.2889987
-4.2436613,42.2890051
-4.2433977,42.2890253
-4.2431929,42.2890422
-4.2431374,42.2890504
-4.2429823,42.2890744
-4.2424469,42.2891035
-4.2421957,42.2891230
-4.2417674,42.2892105
-4.2415992,42.2892215
-4.2415193,42.2892268
-4.2413334,42.2892281
-4.2404347,42.2892121
-4.2401907,42.2892063
-4.2398855,42.2891889
-4.2394704,42.2891397
-4.2386281,42.2890237
-4.2366283,42.2887535
-4.2362744,42.2887071
-4.2360862,42.2886932
-4.2356613,42.2887082
-4.2346799,42.2887539
-4.2328093,42.2888727
-4.2298293,42.2890500
-4.2296640,42.2890675</coordinates></LineString><LineString><coordinates>-4.2295954,42.2891086
-4.2294587,42.2890959
-4.2291181,42.2891164
-4.2288289,42.2891340
-4.2285219,42.2891428
-4.2282644,42.2891413
-4.2279693,42.2891223
-4.2276880,42.2890988
-4.2273811,42.2890710
-4.2267393,42.2890197
-4.2263868,42.2889772
-4.2261966,42.2889450
-4.2259847,42.2888922
-4.2256381,42.2887779
-4.2252618,42.2886519
-4.2250062,42.2885750
-4.2247368,42.2885120
-4.2244041,42.2884358
-4.2240911,42.2883698
-4.2237663,42.2883230
-4.2232315,42.2882541
-4.2227997,42.2882131
-4.2225363,42.2881676
-4.2221739,42.2881134
-4.2219065,42.2880416
-4.2217025,42.2879947
-4.2215361,42.2879698
-4.2214232,42.2879713
-4.2212846,42.2879508
-4.2210924,42.2879244
-4.2209537,42.2879156
-4.2207501,42.2879044
-4.2205582,42.2878951
-4.2202837,42.2879117
-4.2199980,42.2879469
-4.2197333,42.2879894
-4.2195176,42.2880184
-4.2193958,42.2880277
-4.2192389,42.2880225
-4.2188440,42.2879956
-4.2184658,42.2879541
-4.2182179,42.2879355
-4.2180667,42.2879293
-4.2179434,42.2879137
-4.2178426,42.2878982
-4.2176942,42.2878578
-4.2175163,42.2877873
-4.2173174,42.2877158
-4.2171956,42.2876754
-4.2170793,42.2876381
-4.2169295,42.2876091
-4.2167474,42.2875957
-4.2164407,42.2875812
-4.2160289,42.2875826
-4.2152327,42.2875899
-4.2147574,42.2875958
-4.2143939,42.2875978
-4.2141222,42.2875926
-4.2139359,42.2876072
-4.2138043,42.2876268
-4.2135844,42.2876900
-4.2133603,42.2877646
-4.2131558,42.2878517
-4.2129107,42.2879387
-4.2127455,42.2879791
-4.2124289,42.2880361
-4.2121362,42.2880962
-4.2120046,42.2881179
-4.2118393,42.2881376
-4.2114416,42.2881366
-4.2112007,42.2881242
-4.2109976,42.2881076
-4.2107399,42.2880703
-4.2105705,42.2880257
-4.2103338,42.2879563
-4.2101517,42.2879045
-4.2099570,42.2878651
-4.2096727,42.2878465
-4.2095033,42.2878320
-4.2093590,42.2878082
-4.2092106,42.2877709
-4.2091097,42.2877460
-4.2090159,42.2877429
-4.2089262,42.2877595
-4.2087778,42.2877968
-4.2086503,42.2878061
-4.2083644,42.2877863
-4.2081404,42.2877738
-4.2078561,42.2877511
-4.2075662,42.2877355
-4.2073533,42.2877231
-4.2071264,42.2876879
-4.2068799,42.2876122
-4.2066684,42.2875314
-4.2065410,42.2875086
-4.2062203,42.2874361
-4.2058001,42.2873408
-4.2055410,42.2872869
-4.2053673,42.2872517
-4.2051636,42.2872115
-4.2050018,42.2871905
-4.2047665,42.2871336
-4.2044150,42.2870735
-4.2041307,42.2870382
-4.2039248,42.2870196
-4.2036461,42.2869906
-4.2034584,42.2869875
-4.2031195,42.2869823
-4.2029220,42.2869823
-4.2027470,42.2869636
-4.2025509,42.2869284
-4.2022680,42.2868776
-4.2019753,42.2868093
-4.2017330,42.2867295
-4.2014963,42.2866103
-4.2012820,42.2865295
-4.2009529,42.2864135
-4.2007078,42.2863244
-4.2005749,42.2862674</coordinates></LineString><LineString><coordinates>-7.6167287,42.8048376
-7.6166251,42.8046625
-7.6165348,42.8045180
-7.6157547,42.8032996
-7.6153434,42.8026627
-7.6150342,42.8022245
-7.6149994,42.8021923
-7.6149699,42.8021744
-7.6149368,42.8021626
-7.6148992,42.8021595
-7.6147972,42.8021744
-7.6146465,42.8022067
-7.6144341,42.8022404
-7.6142510,42.8022631
-7.6139700,42.8022931
-7.6138099,42.8023000
-7.6136168,42.8023023
-7.6134693,42.8022850
-7.6133390,42.8022527
-7.6132103,42.8022009
-7.6131302,42.8021468
-7.6130408,42.8020742
-7.6129686,42.8019833
-7.6128414,42.8017771
-7.6126641,42.8014800
-7.6125448,42.8013026
-7.6124773,42.8011875
-7.6124098,42.8011264
-7.6123423,42.8010907
-7.6122089,42.8010642
-7.6120880,42.8010700
-7.6119663,42.8011283
-7.6119175,42.8010829
-7.6118875,42.8009872
-7.6118765,42.8009518
-7.6118654,42.8009164
-7.6118461,42.8008505
-7.6117388,42.8005115
-7.6117117,42.8004824
-7.6116760,42.8004590
-7.6115528,42.8004437
-7.6112855,42.8004493
-7.6111929,42.8004466
-7.6111004,42.8004369
-7.6110391,42.8004193
-7.6109893,42.8003891
-7.6109329,42.8003220
-7.6108550,42.8002156
-7.6107504,42.8000378
-7.6106615,42.7997459
-7.6106328,42.7997068
-7.6105888,42.7996627
-7.6104692,42.7996030
-7.6103867,42.7995769
-7.6101559,42.7995485
-7.6099779,42.7995213
-7.6098056,42.7994801
-7.6096304,42.7994243
-7.6094835,42.7993770
-7.6093194,42.7993058
-7.6090144,42.7991576
-7.6087869,42.7991049
-7.6087337,42.7990773
-7.6087207,42.7990440
-7.6086591,42.7987069
-7.6086460,42.7984516
-7.6086386,42.7983810
-7.6086122,42.7983089
-7.6084763,42.7981190
-7.6083586,42.7979727
-7.6082075,42.7978236
-7.6081370,42.7977122
-7.6081456,42.7976440
-7.6081928,42.7975427
-7.6083030,42.7973350
-7.6085264,42.7969837
-7.6086176,42.7968542
-7.6087031,42.7967562
-7.6087995,42.7966528
-7.6088698,42.7965812
-7.6090081,42.7965764</coordinates></LineString><LineString><coordinates>-7.6199469,42.8052885
-7.6200274,42.8053632
-7.6201090,42.8054097
-7.6202379,42.8054595
-7.6202978,42.8054654
-7.6204198,42.8054671
-7.6205293,42.8054574
-7.6206263,42.8054386
-7.6211370,42.8052660
-7.6213463,42.8052335
-7.6215185,42.8052873
-7.6217192,42.8052153
-7.6220742,42.8051768
-7.6223410,42.8050620
-7.6229142,42.8049310
-7.6238330,42.8046500
-7.6239083,42.8046422
-7.6240971,42.8046511
-7.6245734,42.8047192
-7.6246583,42.8047274
-7.6248527,42.8047037
-7.6249670,42.8046811
-7.6251259,42.8046742
-7.6253068,42.8047256
-7.6254525,42.8048222
-7.6256619,42.8049336
-7.6258440,42.8049830
-7.6267920,42.8051150
-7.6278130,42.8053540
-7.6283360,42.8054230
-7.6286453,42.8055261
-7.6295991,42.8058702
-7.6301968,42.8059890
-7.6304873,42.8060026
-7.6307236,42.8060712
-7.6310824,42.8062346
-7.6314749,42.8064557
-7.6317622,42.8066514
-7.6320475,42.8068918
-7.6321078,42.8069423
-7.6323783,42.8071141
-7.6326908,42.8072369
-7.6327766,42.8072667
-7.6328603,42.8073029
-7.6330110,42.8073782
-7.6335151,42.8075322
-7.6337336,42.8075774
-7.6339061,42.8075836
-7.6340172,42.8075803
-7.6341610,42.8075530
-7.6348761,42.8072568
-7.6352835,42.8071064
-7.6355211,42.8070364
-7.6357325,42.8069935
-7.6360540,42.8068913
-7.6366077,42.8066660
-7.6367331,42.8066221
-7.6368512,42.8065944
-7.6369800,42.8065866
-7.6371328,42.8065836
-7.6373846,42.8065879
-7.6375898,42.8066030
-7.6378116,42.8066439
-7.6381103,42.8067342
-7.6382804,42.8067750
-7.6386777,42.8068371
-7.6390640,42.8069887
-7.6392215,42.8070555
-7.6394240,42.8072260
-7.6394729,42.8072825
-7.6395030,42.8073460
-7.6395425,42.8075878
-7.6395465,42.8076124
-7.6395649,42.8077049
-7.6395858,42.8077846
-7.6396424,42.8078714
-7.6397301,42.8079458
-7.6400337,42.8081251
-7.6403961,42.8083330
-7.6410254,42.8076017
-7.6411931,42.8074815
-7.6414482,42.8073737
-7.6414846,42.8073181
-7.6415272,42.8072520
-7.6415506,42.8071846
-7.6415510,42.8071107
-7.6415112,42.8070551
-7.6407843,42.8064497
-7.6403417,42.8060160
-7.6397509,42.8056140
-7.6382064,42.8040562
-7.6378327,42.8037397
-7.6365492,42.8032977
-7.6350696,42.8028689
-7.6348159,42.8027917</coordinates></LineString><LineString><coordinates>-7.6198967,42.8053740
-7.6199244,42.8053653
-7.6199612,42.8053650
-7.6199875,42.8053754
-7.6200092,42.8053895
-7.6201090,42.8054097</coordinates></LineString><LineString><coordinates>-2.7284755,42.4178743
-2.7284766,42.4178138
-2.7284777,42.4177532
-2.7284777,42.4175822
-2.7284952,42.4174903
-2.7286213,42.4172129
-2.7287103,42.4169735
-2.7287070,42.4168314
-2.7286489,42.4167868
-2.7285142,42.4167474
-2.7284975,42.4167213
-2.7284807,42.4166952</coordinates></LineString><LineString><coordinates>-2.7283176,42.4165400
-2.7282804,42.4165583
-2.7282532,42.4165842
-2.7282387,42.4166153
-2.7282385,42.4166481
-2.7282468,42.4166702
-2.7282616,42.4166903
-2.7282909,42.4167127
-2.7283280,42.4167275
-2.7283695,42.4167333
-2.7284114,42.4167294
-2.7284497,42.4167163
-2.7284807,42.4166952
-2.7284980,42.4166745
-2.7285081,42.4166513
-2.7285096,42.4166202
-2.7284982,42.4165902
-2.7284750,42.4165643
-2.7284421,42.4165447
-2.7284028,42.4165335
-2.7283607,42.4165316
-2.7283176,42.4165400</coordinates></LineString><LineString><coordinates>-2.7283607,42.4165316
-2.7283483,42.4165060
-2.7282606,42.4163250
-2.7282524,42.4163082
-2.7279755,42.4157359
-2.7276117,42.4149601
-2.7275766,42.4135861
-2.7275313,42.4118106
-2.7275986,42.4115968
-2.7280645,42.4101160
-2.7290151,42.4087124
-2.7303255,42.4073405
-2.7309975,42.4067012
-2.7310823,42.4066234
-2.7323999,42.4053401
-2.7327940,42.4046895
-2.7330274,42.4009075
-2.7332345,42.3975505
-2.7330730,42.3947362
-2.7330450,42.3942004
-2.7328914,42.3912608
-2.7328733,42.3909279
-2.7328407,42.3903301
-2.7327788,42.3891950
-2.7327354,42.3883995
-2.7327004,42.3877580
-2.7328346,42.3871931
-2.7329938,42.3869757
-2.7332056,42.3867252
-2.7339656,42.3860478
-2.7375009,42.3806038
-2.7376189,42.3804221
-2.7376962,42.3803032
-2.7378267,42.3801020
-2.7378865,42.3800100
-2.7379510,42.3799107
-2.7381421,42.3796295
-2.7382935,42.3793968
-2.7384714,42.3792153
-2.7385940,42.3791173
-2.7388013,42.3790270
-2.7390669,42.3789600
-2.7406265,42.3788049
-2.7425062,42.3786134
-2.7426098,42.3786028
-2.7437224,42.3784895
-2.7441040,42.3783712
-2.7445261,42.3781982
-2.7447746,42.3780106
-2.7449600,42.3780500
-2.7452700,42.3781100
-2.7465700,42.3781600
-2.7479300,42.3781200
-2.7502500,42.3782500
-2.7512700,42.3781600
-2.7536800,42.3777800
-2.7549100,42.3774400
-2.7577500,42.3761700
-2.7583700,42.3760000
-2.7590500,42.3758600
-2.7596400,42.3758000
-2.7603500,42.3757900
-2.7606800,42.3757400
-2.7633600,42.3749200
-2.7648600,42.3747400
-2.7651063,42.3747026
-2.7652844,42.3746627
-2.7657177,42.3744861
-2.7658366,42.3744557
-2.7659540,42.3744363
-2.7662767,42.3744271
-2.7665088,42.3744204
-2.7670700,42.3743800
-2.7671575,42.3743800
-2.7677660,42.3743800
-2.7680136,42.3743676
-2.7684305,42.3743027
-2.7685867,42.3742932
-2.7695154,42.3741838
-2.7702828,42.3740512
-2.7718400,42.3737563
-2.7724373,42.3736234
-2.7729000,42.3734800
-2.7731400,42.3733600
-2.7739500,42.3727600
-2.7742464,42.3725573
-2.7745335,42.3724636
-2.7755475,42.3721863
-2.7794654,42.3711546
-2.7833201,42.3702580
-2.7835699,42.3702165
-2.7939868,42.3685297
-2.7979803,42.3677501
-2.7998986,42.3673480
-2.8014836,42.3670284
-2.8017753,42.3669696
-2.8021221,42.3669477
-2.8023611,42.3669857
-2.8025859,42.3670844
-2.8028938,42.3673384
-2.8037277,42.3680514
-2.8037477,42.3680734
-2.8038788,42.3682178
-2.8040854,42.3685408
-2.8041879,42.3686219
-2.8042715,42.3686503
-2.8043401,42.3686584
-2.8043648,42.3686557
-2.8044029,42.3686515
-2.8044648,42.3686330
-2.8048377,42.3684078
-2.8052603,42.3682008
-2.8053177,42.3681835
-2.8055595,42.3681103
-2.8064581,42.3678384
-2.8065307,42.3678215
-2.8066622,42.3677909
-2.8067942,42.3677549
-2.8069491,42.3676913
-2.8071173,42.3676222
-2.8072434,42.3675725
-2.8075229,42.3674563
-2.8077127,42.3673777
-2.8078897,42.3673050
-2.8081122,42.3672136
-2.8081936,42.3671778
-2.8084790,42.3670526
-2.8088247,42.3669101
-2.8092115,42.3667551
-2.8094902,42.3666435
-2.8096544,42.3665777
-2.8096991,42.3665598
-2.8099626,42.3664451
-2.8100416,42.3664107
-2.8101306,42.3663720
-2.8106016,42.3660343
-2.8108606,42.3658808
-2.8112176,42.3657403
-2.8113027,42.3657081
-2.8116140,42.3656478
-2.8116402,42.3656452
-2.8116677,42.3656426
-2.8118603,42.3656238
-2.8120696,42.3656238
-2.8122810,42.3656238
-2.8125998,42.3656049
-2.8128007,42.3655676
-2.8131439,42.3655038
-2.8137799,42.3652529
-2.8170897,42.3633412
-2.8182552,42.3626154
-2.8194506,42.3617961
-2.8201066,42.3612941
-2.8205095,42.3609128
-2.8208391,42.3605609
-2.8214884,42.3597489
-2.8218880,42.3592962
-2.8222143,42.3590059
-2.8226039,42.3587352
-2.8231367,42.3583907
-2.8243155,42.3576402
-2.8258505,42.3566732
-2.8275987,42.3555339
-2.8295866,42.3542814
-2.8321706,42.3526204
-2.8342018,42.3513211
-2.8385306,42.3485378
-2.8389315,42.3482771
-2.8419437,42.3463180
-2.8422267,42.3460497
-2.8425264,42.3456215
-2.8428161,42.3451244
-2.8431458,42.3444943
-2.8433922,42.3441473
-2.8437784,42.3437289
-2.8446442,42.3430029
-2.8458063,42.3420332
-2.8461360,42.3418092
-2.8470217,42.3413489
-2.8476910,42.3410708
-2.8479170,42.3410065
-2.8481688,42.3408384
-2.8482672,42.3407383
-2.8483506,42.3406039
-2.8483766,42.3405080
-2.8483896,42.3403832
-2.8483376,42.3402529
-2.8482616,42.3401666
-2.8480742,42.3400377
-2.8479630,42.3399513
-2.8479314,42.3398992
-2.8479110,42.3398265
-2.8479296,42.3397744
-2.8479889,42.3397402
-2.8480798,42.3397073
-2.8486177,42.3397059
-2.8506618,42.3397251
-2.8513129,42.3397223
-2.8516430,42.3397073
-2.8518248,42.3396593
-2.8522633,42.3394502
-2.8525194,42.3393688
-2.8525165,42.3389048
-2.8525155,42.3387409
-2.8525150,42.3386716
-2.8525119,42.3381769
-2.8525116,42.3381327
-2.8525109,42.3380136
-2.8525159,42.3379563
-2.8525200,42.3379100
-2.8525639,42.3378573
-2.8528879,42.3375713
-2.8529919,42.3374734
-2.8541200,42.3361900
-2.8549200,42.3357000
-2.8557831,42.3349455
-2.8563154,42.3345723
-2.8563832,42.3345254
-2.8565138,42.3344442
-2.8566654,42.3343657
-2.8568570,42.3342807
-2.8570643,42.3341584
-2.8571918,42.3340285
-2.8572610,42.3339537
-2.8573342,42.3338610
-2.8575014,42.3336396
-2.8576879,42.3334308
-2.8578551,42.3332416
-2.8580328,42.3330677
-2.8581209,42.3329682
-2.8582540,42.3328179
-2.8583968,42.3326608
-2.8584299,42.3326093
-2.8585922,42.3323402
-2.8588703,42.3319931
-2.8590985,42.3317938
-2.8592290,42.3316897
-2.8592619,42.3316699
-2.8596235,42.3314046
-2.8598431,42.3312205
-2.8598888,42.3311495
-2.8599073,42.3310344
-2.8599537,42.3309288
-2.8601355,42.3306943
-2.8602851,42.3305291
-2.8606564,42.3301004
-2.8606758,42.3300735
-2.8607077,42.3300291
-2.8609241,42.3298175
-2.8613118,42.3295181
-2.8616997,42.3292264
-2.8619734,42.3290740
-2.8620012,42.3290585
-2.8623628,42.3287923
-2.8627271,42.3285759
-2.8628141,42.3285122
-2.8628774,42.3284533
-2.8632435,42.3281632
-2.8638473,42.3277392
-2.8644035,42.3273165
-2.8645890,42.3272157
-2.8647100,42.3271500
-2.8650100,42.3269600
-2.8652800,42.3268313
-2.8657114,42.3266536
-2.8661054,42.3264885
-2.8661753,42.3264468</coordinates></LineString><LineString><coordinates>-2.8664422,42.3263891
-2.8666049,42.3262679
-2.8672900,42.3257400
-2.8679600,42.3250300
-2.8683900,42.3247400
-2.8687400,42.3245600
-2.8696000,42.3239600
-2.8699175,42.3236845
-2.8701164,42.3236197
-2.8707879,42.3230259
-2.8710650,42.3227343
-2.8711730,42.3224774
-2.8715487,42.3222552
-2.8719210,42.3219695
-2.8719244,42.3219670
-2.8723752,42.3216441
-2.8728213,42.3214462
-2.8733238,42.3210399
-2.8736713,42.3207552
-2.8740986,42.3203941
-2.8743099,42.3203108
-2.8745588,42.3203559
-2.8747607,42.3206406
-2.8747232,42.3207622
-2.8745400,42.3208941
-2.8745212,42.3210226
-2.8746527,42.3211892
-2.8750331,42.3213489
-2.8757046,42.3216371
-2.8762775,42.3218732
-2.8767941,42.3223107
-2.8773106,42.3231197
-2.8778601,42.3235780
-2.8784528,42.3240893
-2.8787506,42.3242737
-2.8793433,42.3244562
-2.8795579,42.3245196
-2.8796598,42.3245851
-2.8796840,42.3246446
-2.8796545,42.3246763
-2.8795204,42.3246485
-2.8793809,42.3245851
-2.8792441,42.3245633
-2.8789839,42.3245553
-2.8788525,42.3245474
-2.8787506,42.3245196
-2.8785923,42.3244106
-2.8783992,42.3243253
-2.8779271,42.3240695
-2.8775543,42.3238811
-2.8773156,42.3237442
-2.8771787,42.3236837
-2.8769185,42.3234412
-2.8764510,42.3231565
-2.8761976,42.3230378
-2.8755591,42.3228119
-2.8751926,42.3227082
-2.8749618,42.3227082
-2.8747491,42.3227601
-2.8746292,42.3228554
-2.8745184,42.3230461
-2.8745161,42.3231983
-2.8746270,42.3233873
-2.8747310,42.3237035
-2.8747605,42.3239310
-2.8746881,42.3240765
-2.8745365,42.3241501
-2.8742438,42.3241818
-2.8737777,42.3242303
-2.8733886,42.3242788
-2.8731420,42.3243307
-2.8730198,42.3243876
-2.8729859,42.3244829
-2.8729972,42.3245649
-2.8731291,42.3247876
-2.8732512,42.3250301
-2.8733214,42.3253078
-2.8733168,42.3254313
-2.8732060,42.3255216
-2.8728576,42.3255735
-2.8723983,42.3256069
-2.8720951,42.3256119
-2.8717287,42.3256989
-2.8714187,42.3258127
-2.8712807,42.3259030
-2.8711702,42.3260587
-2.8711589,42.3262694
-2.8711891,42.3263938
-2.8714948,42.3266930
-2.8718004,42.3271915
-2.8724927,42.3281354
-2.8726740,42.3283043
-2.8726995,42.3283281
-2.8731311,42.3285807
-2.8733895,42.3287014
-2.8734728,42.3287403
-2.8735896,42.3288931
-2.8735627,42.3290061
-2.8732887,42.3291557
-2.8730030,42.3291845
-2.8727304,42.3292709
-2.8724809,42.3293680
-2.8724707,42.3294108
-2.8723928,42.3295150
-2.8723538,42.3298181
-2.8723019,42.3299757
-2.8722187,42.3301169
-2.8721333,42.3301235
-2.8719956,42.3300929
-2.8715596,42.3297421
-2.8714228,42.3296450
-2.8711950,42.3295346
-2.8705920,42.3293472
-2.8701493,42.3291241
-2.8698686,42.3290195
-2.8696720,42.3290099
-2.8694773,42.3290085
-2.8692825,42.3289742
-2.8691740,42.3289468
-2.8691044,42.3289454
-2.8690140,42.3289599
-2.8681061,42.3292120
-2.8679581,42.3292924
-2.8678561,42.3294007
-2.8677572,42.3295198
-2.8676224,42.3296969
-2.8674248,42.3300105
-2.8671513,42.3304375
-2.8668711,42.3308748
-2.8667803,42.3309416
-2.8666098,42.3310029
-2.8663070,42.3311015
-2.8662379,42.3311064
-2.8661892,42.3311032
-2.8661271,42.3310817
-2.8660716,42.3310499
-2.8660477,42.3310090
-2.8660353,42.3309649
-2.8660428,42.3309227
-2.8660609,42.3308834
-2.8661277,42.3308519
-2.8663081,42.3308059
-2.8664471,42.3307554
-2.8665616,42.3306815
-2.8666098,42.3306197
-2.8667619,42.3302997
-2.8668009,42.3302328
-2.8662743,42.3303414
-2.8651203,42.3305712
-2.8639590,42.3307653
-2.8638024,42.3308098
-2.8637060,42.3308544
-2.8636579,42.3309042
-2.8636464,42.3309444
-2.8636314,42.3309969
-2.8636265,42.3310930
-2.8636651,42.3313050
-2.8637325,42.3315454
-2.8639084,42.3322115
-2.8642939,42.3337556
-2.8642939,42.3338376
-2.8642433,42.3339035
-2.8641662,42.3339462
-2.8640168,42.3339676
-2.8628700,42.3340584
-2.8627761,42.3340727
-2.8626869,42.3340994
-2.8623665,42.3343006
-2.8615137,42.3348687
-2.8610631,42.3351555
-2.8603356,42.3355419
-2.8583608,42.3366022
-2.8576854,42.3369791
-2.8573216,42.3371768
-2.8565218,42.3375686
-2.8560616,42.3377912
-2.8557339,42.3379461
-2.8554304,42.3380405
-2.8550811,42.3381242
-2.8549123,42.3381318
-2.8549123,42.3383490
-2.8548891,42.3384091
-2.8548651,42.3384711
-2.8547588,42.3385274
-2.8545477,42.3386156
-2.8543817,42.3387468
-2.8540748,42.3389136
-2.8537627,42.3390328
-2.8535738,42.3391540
-2.8533548,42.3393673
-2.8531659,42.3394691
-2.8530658,42.3395215
-2.8529639,42.3395748
-2.8528459,42.3397105
-2.8526951,42.3398511
-2.8528600,42.3402100
-2.8531208,42.3410397</coordinates></LineString><LineString><coordinates>-2.8537824,42.3420084
-2.8539741,42.3421609
-2.8540907,42.3422580
-2.8541322,42.3423075
-2.8541736,42.3423620
-2.8542141,42.3424365
-2.8542800,42.3426400
-2.8543000,42.3428300
-2.8542300,42.3430900
-2.8541300,42.3432400
-2.8538800,42.3434800
-2.8535700,42.3436900
-2.8533000,42.3438100
-2.8526200,42.3439600
-2.8521400,42.3441100
-2.8517900,42.3443300
-2.8514744,42.3446851
-2.8513100,42.3448700
-2.8510300,42.3453000
-2.8508900,42.3456200
-2.8509100,42.3459700
-2.8512900,42.3467400
-2.8514000,42.3470400
-2.8514053,42.3471950
-2.8514100,42.3473300
-2.8513500,42.3475000
-2.8507900,42.3483900
-2.8507200,42.3485900
-2.8506000,42.3504500
-2.8505812,42.3513256
-2.8505500,42.3527800
-2.8513600,42.3552700
-2.8514500,42.3556100
-2.8514600,42.3559300
-2.8513700,42.3561400
-2.8510300,42.3564000
-2.8488900,42.3571000
-2.8483600,42.3573600
-2.8477200,42.3578600
-2.8475000,42.3581200
-2.8473200,42.3584600
-2.8473200,42.3586700
-2.8474000,42.3589100
-2.8478138,42.3595326
-2.8494617,42.3626311
-2.8496100,42.3629100
-2.8499900,42.3632400
-2.8503900,42.3634000
-2.8508500,42.3634600
-2.8516900,42.3635000
-2.8519500,42.3635700
-2.8521700,42.3636900
-2.8524100,42.3639900
-2.8524462,42.3641770
-2.8524643,42.3642705
-2.8524700,42.3643000
-2.8524300,42.3644100
-2.8523000,42.3646200
-2.8520900,42.3647900
-2.8517000,42.3649400
-2.8504800,42.3650900
-2.8501300,42.3652000
-2.8499500,42.3653300
-2.8498500,42.3655000
-2.8498100,42.3656900
-2.8499300,42.3662700
-2.8501200,42.3665500
-2.8506000,42.3669200
-2.8514200,42.3673000
-2.8515107,42.3673544
-2.8517200,42.3674800
-2.8523600,42.3682800
-2.8533552,42.3689652
-2.8538489,42.3691332
-2.8540558,42.3692263
-2.8541419,42.3692949
-2.8544771,42.3695696
-2.8545334,42.3695919
-2.8545981,42.3696328
-2.8546401,42.3696746
-2.8548199,42.3697734
-2.8550249,42.3698217
-2.8561513,42.3698486
-2.8573241,42.3698746
-2.8578465,42.3698854
-2.8582204,42.3698932
-2.8585639,42.3698939
-2.8588001,42.3698944
-2.8591369,42.3698796
-2.8595557,42.3698462
-2.8599930,42.3698140
-2.8602426,42.3698028
-2.8605023,42.3698065
-2.8607787,42.3698251
-2.8609800,42.3698491
-2.8610384,42.3698561
-2.8620989,42.3700331
-2.8621701,42.3700452
-2.8628512,42.3701606
-2.8631192,42.3702088
-2.8632499,42.3702472
-2.8634098,42.3703274
-2.8634325,42.3703388
-2.8636637,42.3705022
-2.8639016,42.3706755
-2.8640713,42.3708551
-2.8641477,42.3709717
-2.8641970,42.3710469
-2.8643528,42.3713365
-2.8643847,42.3713905
-2.8644261,42.3714606
-2.8645890,42.3717363
-2.8646393,42.3718514
-2.8646493,42.3719517
-2.8646460,42.3720581
-2.8645739,42.3725570
-2.8645246,42.3728431
-2.8645019,42.3729753
-2.8644034,42.3733854
-2.8641435,42.3741543
-2.8638412,42.3750399
-2.8637526,42.3753307
-2.8637185,42.3755325
-2.8637169,42.3757194
-2.8637402,42.3759145
-2.8637900,42.3761047
-2.8638684,42.3763040
-2.8639562,42.3764261
-2.8641151,42.3766002
-2.8644477,42.3769326
-2.8651556,42.3776172
-2.8662362,42.3786609
-2.8665015,42.3789183
-2.8673997,42.3797898
-2.8683158,42.3806773
-2.8691299,42.3814673
-2.8698995,42.3822133
-2.8708202,42.3831059
-2.8717818,42.3840484
-2.8724245,42.3846583
-2.8733064,42.3855108
-2.8739848,42.3861685
-2.8742753,42.3864501
-2.8749073,42.3870643
-2.8758573,42.3879868
-2.8766290,42.3887374
-2.8772090,42.3892936
-2.8774158,42.3894950
-2.8774696,42.3895474
-2.8778181,42.3898868
-2.8782618,42.3902944
-2.8785495,42.3905321
-2.8788755,42.3907756
-2.8795094,42.3911708
-2.8803386,42.3916683
-2.8807325,42.3919477
-2.8809346,42.3921194
-2.8810290,42.3922065
-2.8811919,42.3923567
-2.8816095,42.3928138
-2.8824473,42.3937837
-2.8834720,42.3949699
-2.8848934,42.3966154
-2.8851190,42.3968754
-2.8854378,42.3972326
-2.8856451,42.3974381
-2.8858761,42.3976274
-2.8860980,42.3977825
-2.8863044,42.3979031
-2.8865794,42.3980386
-2.8868341,42.3981417
-2.8871983,42.3982606
-2.8881031,42.3984916
-2.8885593,42.3986101
-2.8888171,42.3987042
-2.8890386,42.3988353
-2.8891501,42.3989233
-2.8892531,42.3990414
-2.8893839,42.3992813
-2.8896756,42.4000388
-2.8898039,42.4002515
-2.8899118,42.4004101
-2.8900870,42.4005966
-2.8904371,42.4009261
-2.8912661,42.4016777
-2.8915510,42.4019360</coordinates></LineString><LineString><coordinates>-2.8940742,42.4049953
-2.8941698,42.4052635
-2.8942276,42.4054870
-2.8942950,42.4058010
-2.8945365,42.4069739
-2.8948232,42.4083412
-2.8948674,42.4085391
-2.8949052,42.4086536
-2.8949651,42.4087472
-2.8950752,42.4088760
-2.8951906,42.4089794
-2.8953921,42.4091303
-2.8956989,42.4093429
-2.8957944,42.4094249
-2.8958520,42.4094841
-2.8959147,42.4095801
-2.8960776,42.4098799
-2.8961755,42.4100960
-2.8961936,42.4101796
-2.8962028,42.4102651
-2.8961442,42.4105998
-2.8962087,42.4111204
-2.8962390,42.4114193
-2.8962985,42.4118996
-2.8963221,42.4120240
-2.8963497,42.4121245
-2.8964040,42.4122750
-2.8964223,42.4123259
-2.8964409,42.4124514
-2.8964355,42.4126298
-2.8963552,42.4130973</coordinates></LineString><LineString><coordinates>-2.8068993,42.4261623
-2.8073925,42.4258778
-2.8078312,42.4256988
-2.8087087,42.4253934
-2.8098915,42.4250460
-2.8108216,42.4247547
-2.8114885,42.4246073
-2.8120570,42.4245020
-2.8124537,42.4243896
-2.8125940,42.4243616
-2.8135873,42.4242177
-2.8138857,42.4242036
-2.8145174,42.4243194
-2.8156055,42.4245265
-2.8164267,42.4246915
-2.8173445,42.4248806
-2.8183852,42.4250951
-2.8206949,42.4256485
-2.8221928,42.4259707
-2.8228712,42.4261233
-2.8233855,42.4262929
-2.8240073,42.4265529
-2.8243747,42.4266208
-2.8248057,42.4265830
-2.8245342,42.4260930
-2.8247751,42.4260555
-2.8252009,42.4260586
-2.8256511,42.4260008
-2.8259949,42.4259551
-2.8263447,42.4258852
-2.8265302,42.4258091
-2.8271447,42.4253589
-2.8281880,42.4245133
-2.8289546,42.4239353
-2.8295174,42.4235825
-2.8300314,42.4232844
-2.8306003,42.4229711
-2.8310413,42.4226364
-2.8311965,42.4225756
-2.8315463,42.4225239
-2.8317927,42.4224174
-2.8322033,42.4222015
-2.8327722,42.4219916
-2.8330642,42.4219125
-2.8334170,42.4218699
-2.8338612,42.4218851
-2.8341593,42.4218547
-2.8344026,42.4217726
-2.8347646,42.4214836
-2.8352574,42.4210912
-2.8355159,42.4209269
-2.8357045,42.4208265
-2.8361487,42.4206805
-2.8369456,42.4202425
-2.8378521,42.4197619
-2.8380498,42.4197619
-2.8383966,42.4198227
-2.8387343,42.4198501
-2.8389533,42.4198166
-2.8394248,42.4195672
-2.8398415,42.4193178
-2.8404433,42.4191163
-2.8409824,42.4189183
-2.8414008,42.4188094
-2.8418085,42.4186490
-2.8419587,42.4186074
-2.8422189,42.4185975
-2.8425595,42.4185698
-2.8427768,42.4186332
-2.8429565,42.4185975
-2.8430396,42.4185460
-2.8430557,42.4184074
-2.8430799,42.4183777
-2.8431657,42.4183857
-2.8433132,42.4178015
-2.8434098,42.4176233
-2.8435305,42.4175243
-2.8438577,42.4174114
-2.8442761,42.4171897
-2.8447321,42.4168629
-2.8449011,42.4165837
-2.8449279,42.4164629
-2.8449206,42.4163468
-2.8456696,42.4165516
-2.8460738,42.4166809
-2.8463109,42.4168156
-2.8464887,42.4170043
-2.8466342,42.4173060
-2.8467582,42.4176886
-2.8467689,42.4179689
-2.8467797,42.4182275
-2.8472300,42.4180477
-2.8496528,42.4169210
-2.8499601,42.4168720
-2.8505479,42.4168943
-2.8511982,42.4169432
-2.8525432,42.4170412
-2.8528683,42.4169477
-2.8531533,42.4169343
-2.8537278,42.4168898
-2.8541732,42.4168096
-2.8544894,42.4167651
-2.8549481,42.4167517
-2.8550773,42.4167295
-2.8553356,42.4168230
-2.8559145,42.4169076
-2.8563733,42.4169566
-2.8568142,42.4169566
-2.8573225,42.4169270
-2.8579810,42.4171303
-2.8581458,42.4172372
-2.8584976,42.4173530
-2.8587292,42.4175044
-2.8590365,42.4177493
-2.8598248,42.4182125
-2.8610006,42.4188939
-2.8617889,42.4193482
-2.8620116,42.4194684
-2.8625326,42.4196421
-2.8631195,42.4198102
-2.8653246,42.4209185
-2.8654871,42.4209475
-2.8657308,42.4209591
-2.8673789,42.4209824
-2.8676342,42.4210172
-2.8677735,42.4212783
-2.8683016,42.4228799
-2.8690647,42.4249838
-2.8692335,42.4255084
-2.8693439,42.4257848</coordinates></LineString><LineString><coordinates>-1.7427945,42.7357298
-1.7429207,42.7357510
-1.7449607,42.7360572
-1.7456621,42.7361393
-1.7459796,42.7361593
-1.7466497,42.7361699
-1.7470693,42.7361716
-1.7474316,42.7361905
-1.7477710,42.7362502
-1.7480894,42.7363311
-1.7484522,42.7364629
-1.7488286,42.7366319
-1.7498729,42.7370826
-1.7503329,42.7372986
-1.7505661,42.7373671
-1.7508217,42.7374422
-1.7514975,42.7375877
-1.7517011,42.7376357
-1.7526601,42.7378616
-1.7545118,42.7383021
-1.7554656,42.7385167
-1.7557162,42.7385731
-1.7579220,42.7390695
-1.7583196,42.7391578
-1.7584534,42.7391875
-1.7630137,42.7403266
-1.7632687,42.7403689
-1.7634864,42.7403820
-1.7637134,42.7403795
-1.7640468,42.7403655
-1.7645190,42.7403348
-1.7649002,42.7403910
-1.7652957,42.7404862
-1.7656460,42.7405843
-1.7659143,42.7407525
-1.7660016,42.7408440
-1.7660708,42.7409136
-1.7661505,42.7410354
-1.7661640,42.7412137
-1.7661072,42.7413994
-1.7659750,42.7415554
-1.7658412,42.7416265
-1.7656625,42.7416731
-1.7649909,42.7417164
-1.7649384,42.7416783
-1.7649384,42.7415900
-1.7649875,42.7414417
-1.7651784,42.7411473
-1.7652409,42.7409338
-1.7652454,42.7407230
-1.7652205,42.7404108
-1.7651451,42.7400453
-1.7649961,42.7391350
-1.7648802,42.7385623
-1.7648084,42.7382789
-1.7646829,42.7379997
-1.7644088,42.7376056
-1.7640402,42.7370501
-1.7638659,42.7366035
-1.7636472,42.7358476
-1.7634413,42.7350067
-1.7633641,42.7346004
-1.7634156,42.7337500
-1.7634413,42.7330791
-1.7635185,42.7327011
-1.7636600,42.7322948
-1.7638916,42.7318884
-1.7641746,42.7315010
-1.7645734,42.7311514
-1.7649722,42.7308112
-1.7652810,42.7305182
-1.7654313,42.7303508
-1.7655768,42.7301592
-1.7658599,42.7298284
-1.7660400,42.7294599
-1.7661591,42.7290788
-1.7662322,42.7286062
-1.7662535,42.7276134
-1.7663101,42.7272580
-1.7663410,42.7270611
-1.7664310,42.7267704
-1.7664652,42.7267171
-1.7666703,42.7263980
-1.7668618,42.7260731
-1.7670382,42.7257738
-1.7672106,42.7254813
-1.7672565,42.7253740
-1.7673521,42.7251506
-1.7673995,42.7249969
-1.7674808,42.7247253
-1.7686386,42.7205764
-1.7687415,42.7201889
-1.7688444,42.7198392
-1.7688959,42.7196879
-1.7689861,42.7195534
-1.7692109,42.7193167
-1.7693590,42.7190925
-1.7694397,42.7189106
-1.7694621,42.7186728
-1.7694566,42.7181119
-1.7694430,42.7178232
-1.7695005,42.7176559
-1.7695906,42.7173345
-1.7696935,42.7169659
-1.7697312,42.7165501
-1.7697578,42.7162003
-1.7697450,42.7158317
-1.7697578,42.7154536
-1.7698350,42.7151322
-1.7699637,42.7147541
-1.7701695,42.7144422
-1.7703404,42.7142743
-1.7710796,42.7135484
-1.7713655,42.7132677
-1.7715218,42.7131128
-1.7716696,42.7129691
-1.7721939,42.7124542
-1.7727381,42.7119197
-1.7734074,42.7112624
-1.7737250,42.7109505
-1.7739022,42.7107765
-1.7743130,42.7103730
-1.7753550,42.7093498
-1.7768976,42.7078348
-1.7775200,42.7072200
-1.7851181,42.6997140
-1.7875329,42.6973368
-1.7898137,42.6948921
-1.7900581,42.6946463
-1.7902125,42.6944193
-1.7903025,42.6942208
-1.7903154,42.6940695
-1.7903668,42.6939560
-1.7905149,42.6938991
-1.7905020,42.6938217
-1.7905265,42.6937459
-1.7905851,42.6936809
-1.7906647,42.6936372
-1.7907592,42.6936148
-1.7908585,42.6936162
-1.7909518,42.6936413
-1.7911742,42.6933888
-1.7922542,42.6922062
-1.7924699,42.6919715
-1.7971814,42.6868402
-1.7977739,42.6861996
-1.8013221,42.6823532
-1.8017456,42.6818941
-1.8019687,42.6816505
-1.8025235,42.6809992
-1.8027773,42.6807265
-1.8035044,42.6799683
-1.8039831,42.6794307
-1.8046773,42.6787161
-1.8049263,42.6784598
-1.8052174,42.6781291
-1.8055449,42.6777865
-1.8059144,42.6773919
-1.8062837,42.6769975
-1.8063827,42.6768909
-1.8065085,42.6767477
-1.8065909,42.6766601
-1.8072316,42.6759524
-1.8073596,42.6758007
-1.8076306,42.6755670
-1.8077720,42.6754508</coordinates></LineString><LineString><coordinates>-7.6198055,42.8034587
-7.6197193,42.8034454
-7.6194722,42.8035997
-7.6192796,42.8037456
-7.6191947,42.8038506
-7.6191213,42.8039696
-7.6191149,42.8040914
-7.6191441,42.8041788
-7.6192302,42.8042689
-7.6193962,42.8043916
-7.6194988,42.8044855
-7.6196027,42.8046147
-7.6196800,42.8047448
-7.6197421,42.8048871
-7.6198434,42.8052031
-7.6198701,42.8052356
-7.6198780,42.8052545
-7.6198770,42.8052851
-7.6198532,42.8053128</coordinates></LineString><LineString><coordinates>-7.6283939,42.8011011
-7.6278045,42.8007514
-7.6276394,42.8006330
-7.6274121,42.8005516
-7.6271809,42.8004727
-7.6270949,42.8004186
-7.6270006,42.8003593
-7.6268835,42.8002597
-7.6267008,42.7999915
-7.6265104,42.7997942
-7.6263933,42.7997606
-7.6262679,42.7997611
-7.6261338,42.7997859
-7.6255507,42.7998659
-7.6253975,42.7998731
-7.6251466,42.7998245
-7.6250806,42.7998472
-7.6247838,42.8002136
-7.6244030,42.8005274
-7.6241979,42.8006459
-7.6233744,42.8009517
-7.6231932,42.8010744
-7.6227486,42.8012538
-7.6223151,42.8014869
-7.6219399,42.8018277
-7.6217603,42.8020538
-7.6215823,42.8022443
-7.6214548,42.8023715
-7.6213541,42.8024486
-7.6210725,42.8026236
-7.6203538,42.8030973
-7.6199791,42.8033443</coordinates></LineString><LineString><coordinates>-7.6283939,42.8011011
-7.6288150,42.8011405
-7.6291707,42.8012158
-7.6298488,42.8013798
-7.6302466,42.8015020
-7.6315291,42.8020716
-7.6320442,42.8022256
-7.6330958,42.8024153
-7.6342081,42.8026123
-7.6348159,42.8027917</coordinates></LineString><LineString><coordinates>-7.6414482,42.8073737
-7.6411931,42.8074815
-7.6410254,42.8076017
-7.6403961,42.8083330</coordinates></LineString><LineString><coordinates>-3.6992061,42.3398334
-3.6992043,42.3398231
-3.6992062,42.3398129
-3.6992135,42.3398025
-3.6992234,42.3397958
-3.6992365,42.3397901
-3.6992988,42.3397782
-3.7007273,42.3395491
-3.7024391,42.3392793
-3.7024730,42.3392740
-3.7026632,42.3392440
-3.7029121,42.3392179
-3.7030235,42.3392070</coordinates></LineString></MultiGeometry></Placemark></Document></kml>